VISITADOR ASIGNADO;NOMBRE COMPLETO;SEXO;TIPO;ESPECIALIDAD;INSTITUCION;CIUDAD;TELEFONO;EMAIL;CATEGORIA;PROGRAMACION;MEDICO ID;N°;DUPLICADO;ARCHIVO
ALEJANDRA PAREDES;ADHEMAR MERIDA ARENAS;M;MEDICO;NEU;HOSPITAL OBRERO 400 CAMAS cpnsultorio 7;SANTA CRUZ;60878485;;C;SEM 1 MAR AM;;14;False;SCZ ALEJANDRA PAREDES KARDEX SEP 2026.xlsx
ALEJANDRA PAREDES;ADOLFO ZAPATA ARAMAYO;M;MEDICO;GAS;GASTRO CENTRO AV. BENI RD;SANTA CRUZ;77310021;;B;SEM 2 VIE PM;Do4799;135;True;SCZ ALEJANDRA PAREDES KARDEX SEP 2026.xlsx
ALEJANDRA PAREDES;ALDO CABALLERO CHAVEZ;M;MEDICO;PED;HERNANDEZ VERA;SANTA CRUZ;76976555;;;SEM 2 JUE PM;Do3779;117;True;SCZ ALEJANDRA PAREDES KARDEX SEP 2026.xlsx
ALEJANDRA PAREDES;ALEJANDRO PERALTA;M;MEDICO;NEU;JAPONES;SANTA CRUZ;;;;SEM 4 MIE AM;;221;False;SCZ ALEJANDRA PAREDES KARDEX SEP 2026.xlsx
ALEJANDRA PAREDES;ALEX VACA GUARDIA;M;MEDICO;NEU;OBRERO;SANTA CRUZ;0;;;SEM 1 MAR AM;;15;False;SCZ ALEJANDRA PAREDES KARDEX SEP 2026.xlsx
ALEJANDRA PAREDES;ALEX VACA GUARDIA ESTA EN BRASIL;M;MEDICO;NEU;HOSPITAL OBRERO 400 CAMAS;SANTA CRUZ;79011111;;B;SEM 3 VIE AM;;179;False;SCZ ALEJANDRA PAREDES KARDEX SEP 2026.xlsx
ALEJANDRA PAREDES;ALEXANDER IVAN SANCHEZ D.;;MEDICO;UTI;HOSPITAL OBRERO 400 CAMAS PISO 2;SANTA CRUZ;72326843;;C;SEM 3 VIE AM;;171;False;SCZ ALEJANDRA PAREDES KARDEX SEP 2026.xlsx
ALEJANDRA PAREDES;ALICIA PACHECO MONTAÑO;F;MEDICO;MGE;H.VIRGEN MILAGROSA AV. PLAN 3000;SANTA CRUZ;77901436;;B;SEM 2 LUN PM;Do203;81;False;SCZ ALEJANDRA PAREDES KARDEX SEP 2026.xlsx
ALEJANDRA PAREDES;ALICIA R PACHECO MONTAÑO;F;MEDICO;MGE;CENTRO DE SALUD VIRGEN DE COTOCA  calle San Pedro, en el barrio Virgen de Cotoca, sobre la Radial 27 entre el 4to y 5to anillo.;SANTA CRUZ;79866725;;C;SEM 3 LUN PM;Do4906;143;True;SCZ ALEJANDRA PAREDES KARDEX SEP 2026.xlsx
ALEJANDRA PAREDES;ALVARO JUSTINIANO;M;MEDICO;UTI;JAPONES;SANTA CRUZ;;;;SEM 4 MIE AM;;219;False;SCZ ALEJANDRA PAREDES KARDEX SEP 2026.xlsx
ALEJANDRA PAREDES;ANA KARLA MOSTACEDO R.;F;MEDICO;PED;PROSALUD ALEMANA AV. ALEMANA CONSULTORIO 5;SANTA CRUZ;67717565;;C;SEM 3 MIE AM;;160;False;SCZ ALEJANDRA PAREDES KARDEX SEP 2026.xlsx
ALEJANDRA PAREDES;ANAHI VERDUGUEZ;;MEDICO;PED;HM PLAN 3000 MERCADO LOS POCITOS CONSULTORIO 1;SANTA CRUZ;79850814;;C;SEM 4 JUE PM;Do1185;236;False;SCZ ALEJANDRA PAREDES KARDEX SEP 2026.xlsx
ALEJANDRA PAREDES;DRA. ANDREA MEJIA A.;F;MEDICO;PED;HM PLAN 3000 MERCADO LOS POCITOS EMERGENCIAS;SANTA CRUZ;67497978;;B;SEM 4 JUE PM;Do1542;237;True;SCZ ALEJANDRA PAREDES KARDEX SEP 2026.xlsx
ALEJANDRA PAREDES;ANNY GABRIELA ZAMBRANA;F;MEDICO;MGE;CIES ALEMANA;SANTA CRUZ;0;;;SEM 1 LUN AM;Do3657;1;True;SCZ ALEJANDRA PAREDES KARDEX SEP 2026.xlsx
ALEJANDRA PAREDES;ARIEL IBAÑEZ;;MEDICO;PED;CLINICA CIES ALEMANA AV 3ER ANILLO INTERNO consultorio 8;SANTA CRUZ;77606586;;B;SEM 1 MAR PM;Do814;24;True;SCZ ALEJANDRA PAREDES KARDEX SEP 2026.xlsx
ALEJANDRA PAREDES;ARIEL VELARDE ENRÍQUEZ;;MEDICO;MIN;FRANCES/CLINICA BRASIL/ALEJANDRA;SANTA CRUZ;67755475;;A;SEM 2 LUN PM;Do4225*;65;True;SCZ KEILA ESPINOZA KARDEX BELEN SEP 2026.xlsx
ALEJANDRA PAREDES;ARMANDO ROJAS GODOY;M;MEDICO;MIN;HOSP. PAMPA DE LA ISLA CAM. MONTECRISTO CONSULTORIO 7;SANTA CRUZ;79473656;;C;SEM 2 MIE AM;Do1345*;96;False;SCZ ALEJANDRA PAREDES KARDEX SEP 2026.xlsx
ALEJANDRA PAREDES;ARTURO CASASSA MERCADO;M;MEDICO;OTO;HERNANDEZ VERA;SANTA CRUZ;0;;;SEM 2 JUE AM;Do3837;111;True;SCZ ALEJANDRA PAREDES KARDEX SEP 2026.xlsx
ALEJANDRA PAREDES;AYLIN LIMPIAS HEREDIA;;MEDICO;NEU;HOSPITAL OBRERO 400 CAMAS consultorio 7;SANTA CRUZ;75918568;;A;SEM 1 JUE AM;;47;False;SCZ ALEJANDRA PAREDES KARDEX SEP 2026.xlsx
ALEJANDRA PAREDES;BERNARDO GUZMAN;M;MEDICO;CAR;CNS IRALA ENTRE AV. IRALA Y RENE MORENO primer piso consultorio 10;SANTA CRUZ;68336607;;C;SEM 1 MIE AM;Do1693;25;False;SCZ ALEJANDRA PAREDES KARDEX SEP 2026.xlsx
ALEJANDRA PAREDES;DR. BRAYAN G. SEGALES P.;M;MEDICO;ONC;HOSPITAL OBRERO 400 CAMAS consultorio 10;SANTA CRUZ;77739555;;A;SEM 1 VIE AM;;64;False;SCZ ALEJANDRA PAREDES KARDEX SEP 2026.xlsx
ALEJANDRA PAREDES;BRENDA CABALLERO KENOTH;F;MEDICO;MGE;HM VILLA;SANTA CRUZ;;;;SEM 4 LUN AM;Do4887;183;True;SCZ ALEJANDRA PAREDES KARDEX SEP 2026.xlsx
ALEJANDRA PAREDES;DRA. BRENDA CHAVEZ;F;MEDICO;GIN;RED MARIELA;SANTA CRUZ;;;;SEM 4 MAR AM;;198;False;SCZ ALEJANDRA PAREDES KARDEX SEP 2026.xlsx
ALEJANDRA PAREDES;BRUNO ADELID AJHUACHO  A;M;MEDICO;EME;HOSPITAL OBRERO 400 CAMAS consultorio 12;SANTA CRUZ;68843609;;C;SEM 2 LUN AM;;69;False;SCZ ALEJANDRA PAREDES KARDEX SEP 2026.xlsx
ALEJANDRA PAREDES;CANDELARIA TORREZ;;MEDICO;NEF;JAPONES;SANTA CRUZ;0;;;SEM 2 MAR PM;;89;False;SCZ ALEJANDRA PAREDES KARDEX SEP 2026.xlsx
ALEJANDRA PAREDES;CARLA VELASCO;F;MEDICO;MIN;HOSP. PAMPA DE LA ISLA;SANTA CRUZ;;;;SEM 2 MIE AM;Do1304;98;False;SCZ ALEJANDRA PAREDES KARDEX SEP 2026.xlsx
ALEJANDRA PAREDES;CARLOS ALBERTO MERCADO;M;MEDICO;NEU;JAPONES;SANTA CRUZ;;;;SEM 4 MAR PM;;208;False;SCZ ALEJANDRA PAREDES KARDEX SEP 2026.xlsx
ALEJANDRA PAREDES;CARLOS COLLAROS;M;MEDICO;MIN;HOSPITAL JAPONES 3ER ANILLO EXTERNO PISO 4;SANTA CRUZ;75341933;;C;SEM 2 MAR PM;;90;False;SCZ ALEJANDRA PAREDES KARDEX SEP 2026.xlsx
ALEJANDRA PAREDES;CARLOS IVAN ARJONA;M;MEDICO;GAS;SAN JUAN, CLÍNICA NIÑO JESUS;SANTA CRUZ;0;;;SEM 3 LUN PM;;144;False;SCZ ALEJANDRA PAREDES KARDEX SEP 2026.xlsx
ALEJANDRA PAREDES;CARMEN NEIDA BAÑON;F;MEDICO;GIN;CNS IRALA ENTRE AV. IRALA Y RENE MORENO PLANTA BAJA  CONSULTORIO 2;SANTA CRUZ;77026169;;A;SEM 2 VIE AM;Do2642;128;False;SCZ ALEJANDRA PAREDES KARDEX SEP 2026.xlsx
ALEJANDRA PAREDES;CAROLA PARRAGA;;MEDICO;GOB;GESTAMED AV COLECTORA C. FRANCISCO VARAYU;SANTA CRUZ;68730358;;B;SEM 1 JUE PM;Do846;51;True;SCZ ALEJANDRA PAREDES KARDEX SEP 2026.xlsx
ALEJANDRA PAREDES;CAROLINA PEÑA MARISCAL;;MEDICO;HEM;HOSPITAL OBRERO 400 CAMAS consultorio 8;SANTA CRUZ;77623496;;A;SEM 1 VIE PM;;66;False;SCZ ALEJANDRA PAREDES KARDEX SEP 2026.xlsx
ALEJANDRA PAREDES;CECILIA RIVERA;F;MEDICO;MGE;CS HAMACAS;SANTA CRUZ;0;;;SEM 3 MIE PM;Do2521;165;True;SCZ ALEJANDRA PAREDES KARDEX SEP 2026.xlsx
ALEJANDRA PAREDES;CELINA SARAVIA CRUZ;F;MEDICO;DER;AL FRENTE DEL SAN JUAN DE DIOS CALLE CUELLAR;SANTA CRUZ;72786232;;C;SEM 3 LUN PM;Do2494*;145;True;SCZ ALEJANDRA PAREDES KARDEX SEP 2026.xlsx
ALEJANDRA PAREDES;CELINDA CONDORI;;MEDICO;HEM;HOSPITAL OBRERO 400 CAMAS 6to piso;SANTA CRUZ;0;;A;SEM 1 VIE AM;;61;False;SCZ ALEJANDRA PAREDES KARDEX SEP 2026.xlsx
ALEJANDRA PAREDES;CHRISTIAN CABRERA F;;MEDICO;TRA;HM VILLA$HM VILLA PRIMERO DE MAYO AV. LA TRADICION PISO 2;SANTA CRUZ;68831338;;C;SEM 4 LUN PM;Do1152;191;False;SCZ ALEJANDRA PAREDES KARDEX SEP 2026.xlsx
ALEJANDRA PAREDES;CHRISTIAN TERCEROS BRAVO;;MEDICO;GOB;HERNÁNDEZ VERA AV. PRINCIPAL 1 DE MAYO CONSULTORIO 4;SANTA CRUZ;70846126;;B;SEM 2 JUE PM;Do3620;124;True;SCZ ALEJANDRA PAREDES KARDEX SEP 2026.xlsx
ALEJANDRA PAREDES;CLAUDIA ESCOBAR;;MEDICO;PED;PROSALUD ALEMANA AV. ALEMANA VIERNES CONSULTORIO 6;SANTA CRUZ;0;;B;SEM 3 MIE AM;;164;False;SCZ ALEJANDRA PAREDES KARDEX SEP 2026.xlsx
ALEJANDRA PAREDES;COTRERAS CRISTIAN;;MEDICO;PED;KM10;SANTA CRUZ;0;;;SEM 3 LUN AM;;137;False;SCZ ALEJANDRA PAREDES KARDEX SEP 2026.xlsx
ALEJANDRA PAREDES;CRISTIAN CASTELLON;M;MEDICO;INF;HOSPITAL JAPONES 3ER ANILLO EXTERNO PISO 4;SANTA CRUZ;77193714;;B;SEM 4 MIE AM;;216;False;SCZ ALEJANDRA PAREDES KARDEX SEP 2026.xlsx
ALEJANDRA PAREDES;CRISTIAN TERCEROS BRAVO;M;MEDICO;GIN;HERNÁNDEZ VERA;SANTA CRUZ;0;;;SEM 2 JUE PM;Do137;123;False;SCZ ALEJANDRA PAREDES KARDEX SEP 2026.xlsx
ALEJANDRA PAREDES;CTRO BARIATRICO;;MEDICO;CTRO;MUTUALISTA;SANTA CRUZ;;;;SEM 4 VIE PM;;10972;False;SCZ ALEJANDRA PAREDES KARDEX SEP 2026.xlsx
ALEJANDRA PAREDES;DALTON CALDERON;;MEDICO;CAR;SINEC;SANTA CRUZ;0;;;SEM 1 JUE PM;;55;False;SCZ ALEJANDRA PAREDES KARDEX SEP 2026.xlsx
ALEJANDRA PAREDES;DANIEL JOSE OLIVERA;M;MEDICO;BIO;JAPONES;SANTA CRUZ;77901436;;;SEM 2 MAR AM;;83;False;SCZ ALEJANDRA PAREDES KARDEX SEP 2026.xlsx
ALEJANDRA PAREDES;DANIEL SANTA CRUZ;M;MEDICO;CIR;CLINICA CIES ALEMANA AV 3ER ANILLO INTERNO piso 2;SANTA CRUZ;73437278;;B;SEM 1 LUN PM;Do4153;11;True;SCZ ALEJANDRA PAREDES KARDEX SEP 2026.xlsx
ALEJANDRA PAREDES;DANIELA MEJIA GALLARDO;F;MEDICO;PED;PROSALUD ALEMANA AV. ALEMANA CONSULTORIO 5;SANTA CRUZ;69222215;;C;SEM 3 MIE AM;;162;False;SCZ ALEJANDRA PAREDES KARDEX SEP 2026.xlsx
ALEJANDRA PAREDES;DANITZA VILLAZON M;;MEDICO;MGE;CIES ALEMANA;SANTA CRUZ;;;;SEM 4 VIE AM;Do3545;243;False;SCZ ALEJANDRA PAREDES KARDEX SEP 2026.xlsx
ALEJANDRA PAREDES;DAVID MAMANI M;M;MEDICO;URO;CLINICA VIRGEN MILAGROSA;SANTA CRUZ;0;;;SEM 3 JUE AM;Do4225;168;False;SCZ ALEJANDRA PAREDES KARDEX SEP 2026.xlsx
ALEJANDRA PAREDES;DAYAN ESCOBAR;;MEDICO;PED;HOSP. PAMPA DE LA ISLA CAM. MONTECRISTO CONSULTORIO 5;SANTA CRUZ;72115889;;C;SEM 2 MIE AM;Do1345;101;False;SCZ ALEJANDRA PAREDES KARDEX SEP 2026.xlsx
ALEJANDRA PAREDES;DENNIS CARLOS MERIDA S.;M;MEDICO;NEU;HERNANDEZ VERA;SANTA CRUZ;0;;;SEM 2 JUE PM;Do1548;119;True;SCZ ALEJANDRA PAREDES KARDEX SEP 2026.xlsx
ALEJANDRA PAREDES;DENNIS HUAYHUA HANO;M;MEDICO;EME;X MEDICAL NORTE NUEVO MERCADO LOS POZOS;SANTA CRUZ;69200353;;A;SEM 4 MAR AM;;202;False;SCZ ALEJANDRA PAREDES KARDEX SEP 2026.xlsx
ALEJANDRA PAREDES;DENNISE TRINNO;;MEDICO;MIN;CLINICA FIGUEROA;SANTA CRUZ;70793184;;;SEM 2 LUN PM;Do1515;76;True;SCZ ALEJANDRA PAREDES KARDEX SEP 2026.xlsx
ALEJANDRA PAREDES;DEYBI TORRICO;;MEDICO;PED;CLINICA CIES ALEMANA AV 3ER ANILLO INTERNO consultorio 5;SANTA CRUZ;67875189;;B;SEM 1 LUN PM;Do3899;12;True;SCZ ALEJANDRA PAREDES KARDEX SEP 2026.xlsx
ALEJANDRA PAREDES;EDITH MARISCAL;F;MEDICO;OTO;SINEC;SANTA CRUZ;0;;;SEM 1 JUE PM;;57;False;SCZ ALEJANDRA PAREDES KARDEX SEP 2026.xlsx
ALEJANDRA PAREDES;EDUARDO QUINTELA ROJAS;M;MEDICO;ECO;CLINICA CIES ALEMANA AV 3ER ANILLO INTERNO consultorio5;SANTA CRUZ;78981995;;B;SEM 1 LUN PM;Do2436*;13;True;SCZ ALEJANDRA PAREDES KARDEX SEP 2026.xlsx
ALEJANDRA PAREDES;EDUARDO USTAREZ;M;MEDICO;ONC;HOSPITAL OBRERO 400 CAMAS 6to pisp$OBRERO;SANTA CRUZ;70919520;;A;SEM 1 MAR AM;;18;False;SCZ ALEJANDRA PAREDES KARDEX SEP 2026.xlsx
ALEJANDRA PAREDES;ELENA ASBUM T;F;MEDICO;EME;CLINICA VIRGEN MILAGROSA AV. PRINCIPAL PLAN 3000;SANTA CRUZ;77791213;;C;SEM 3 JUE AM;Do4225*;169;True;SCZ ALEJANDRA PAREDES KARDEX SEP 2026.xlsx
ALEJANDRA PAREDES;EMILIO RODRIGUEZ PIZARRO;;MEDICO;GOB;CONS EMILIO;SANTA CRUZ;;;;SEM 4 VIE PM;Do1676*;10971;True;SCZ ALEJANDRA PAREDES KARDEX SEP 2026.xlsx
ALEJANDRA PAREDES;ERICKA CAPELLINO PEÑA;;MEDICO;DER;EDIFICIO BUSINESS AV. BENI C.JORORI PISO 4;SANTA CRUZ;78884338;;A;SEM 2 VIE PM;Do3198;136;True;SCZ ALEJANDRA PAREDES KARDEX SEP 2026.xlsx
ALEJANDRA PAREDES;ERNESTO ARIAS FERREIRA;M;MEDICO;TRA;SEGURO UNIVERSITARIO primer piso consultorio 5;SANTA CRUZ;77396777;;B;SEM 1 JUE AM;;43;False;SCZ ALEJANDRA PAREDES KARDEX SEP 2026.xlsx
ALEJANDRA PAREDES;ERNESTO ARIAS FFERREIRA;M;MEDICO;MGE;SEGURO UNIVERSITARIO;SANTA CRUZ;0;;;SEM 1 JUE AM;;45;False;SCZ ALEJANDRA PAREDES KARDEX SEP 2026.xlsx
ALEJANDRA PAREDES;ERWIN D ANTELO;M;MEDICO;CAR;OBRERO;SANTA CRUZ;0;;;SEM 1 VIE AM;;59;False;SCZ ALEJANDRA PAREDES KARDEX SEP 2026.xlsx
ALEJANDRA PAREDES;ERWIN MARAÑON;M;MEDICO;CIR;CLINICA CIES ALEMANA AV 3ER ANILLO INTERNO consultorio 16;SANTA CRUZ;73107171;;C;SEM 1 LUN AM;Do180;8;False;SCZ ALEJANDRA PAREDES KARDEX SEP 2026.xlsx
ALEJANDRA PAREDES;ERWIN R. CRUZ SANDOVAL;M;MEDICO;GOB;CNS IRALA ENTRE AV. IRALA Y RENE MORENO consultorio 13;SANTA CRUZ;70956749;;C;SEM 1 MIE PM;Do556*;34;True;SCZ ALEJANDRA PAREDES KARDEX SEP 2026.xlsx
ALEJANDRA PAREDES;ERWIN RENDON VACA;M;MEDICO;GOB;HERNANDEZ VERA;SANTA CRUZ;70947474;;C;SEM 2 JUE PM;Do2556;120;False;SCZ ALEJANDRA PAREDES KARDEX SEP 2026.xlsx
ALEJANDRA PAREDES;EUGENIA PINELL;;MEDICO;MIN;PROSALUD ALEMANA AV. ALEMANA PISO 2 TERAPIA INTENSIVA;SANTA CRUZ;70946762;;B;SEM 3 MIE AM;;163;False;SCZ ALEJANDRA PAREDES KARDEX SEP 2026.xlsx
ALEJANDRA PAREDES;EVELIN ALACA TERRAZAS;;MEDICO;NEF;SINEC CALLE ESPAÑA;SANTA CRUZ;70075247;;B;SEM 1 JUE PM;;53;False;SCZ ALEJANDRA PAREDES KARDEX SEP 2026.xlsx
ALEJANDRA PAREDES;EVELIN MONTENEGRO;;MEDICO;HEM;HOSPITAL OBRERO 400 CAMAS consultorio 10;SANTA CRUZ;73119686;;A;SEM 1 JUE AM;;49;False;SCZ ALEJANDRA PAREDES KARDEX SEP 2026.xlsx
ALEJANDRA PAREDES;FATIMA CUELLAR MENDOZA;F;MEDICO;TRA;ORTO TRAUMA;SANTA CRUZ;0;;;SEM 2 MIE PM;;105;False;SCZ ALEJANDRA PAREDES KARDEX SEP 2026.xlsx
ALEJANDRA PAREDES;FERNANDO JAMES SILES;M;MEDICO;MGE;HOSPITAL MUNICIPAL COTOCA CALLE RODOLFO AÑEZ;SANTA CRUZ;73195973;;A;SEM 3 MAR AM;;149;False;SCZ ALEJANDRA PAREDES KARDEX SEP 2026.xlsx
ALEJANDRA PAREDES;FERNANDO MOLINA PIZARRO;M;MEDICO;NEU;HOSPITAL OBRERO 400 CAMAS 5to piso;SANTA CRUZ;70249700;;B;SEM 1 MAR AM;;17;False;SCZ ALEJANDRA PAREDES KARDEX SEP 2026.xlsx
ALEJANDRA PAREDES;FERNANDO TERCEROS PAZ;M;MEDICO;CIR;SEGURO UNIVERSITARIO$SEGURO UNIVERSITARIO primer piso consultorio 7;SANTA CRUZ;0;;B;SEM 1 JUE AM;;46;False;SCZ ALEJANDRA PAREDES KARDEX SEP 2026.xlsx
ALEJANDRA PAREDES;FRANCISCO SEQUEIROS C.;M;MEDICO;NEF;JAPONES;SANTA CRUZ;0;;;SEM 2 MAR AM;;85;False;SCZ ALEJANDRA PAREDES KARDEX SEP 2026.xlsx
ALEJANDRA PAREDES;FRANK MAURICIO GOMEZ CLARPOS;;MEDICO;MGE;OBRERO;SANTA CRUZ;0;;C;SEM 1 VIE AM;;60;False;SCZ ALEJANDRA PAREDES KARDEX SEP 2026.xlsx
ALEJANDRA PAREDES;FREDI GUTIERREZ;;MEDICO;ONC;HOSPITAL JAPONES 3ER ANILLO EXTERNO CONSULTORIO 8;SANTA CRUZ;0;;B;SEM 2 MAR PM;Do2030;95;True;SCZ ALEJANDRA PAREDES KARDEX SEP 2026.xlsx
ALEJANDRA PAREDES;GABRIEL MOYA;M;MEDICO;CIR;HERNANDEZ VERA;SANTA CRUZ;76976555;;;SEM 2 JUE AM;Do4699;116;False;SCZ ALEJANDRA PAREDES KARDEX SEP 2026.xlsx
ALEJANDRA PAREDES;GABRIEL SOSA DAZA;M;MEDICO;PED;HM PLAN 3000 MERCADO LOS POCITOS CONSULTORIO 9$HOSPITAL PLAN 3000 MERCADO LOS POCITOS PISO 1;SANTA CRUZ;70849461;;B;SEM 4 JUE AM;Do2100;228;False;SCZ ALEJANDRA PAREDES KARDEX SEP 2026.xlsx
ALEJANDRA PAREDES;GABRIELA MONTAÑO PARDO;F;MEDICO;MGE;CNS IRALA;SANTA CRUZ;0;;;SEM 1 MIE PM;Do3028;35;True;SCZ ALEJANDRA PAREDES KARDEX SEP 2026.xlsx
ALEJANDRA PAREDES;GABRIELA ZENTENO;F;MEDICO;MGE;CS HAMACAS;SANTA CRUZ;0;;;SEM 3 MIE PM;Do1438;166;False;SCZ ALEJANDRA PAREDES KARDEX SEP 2026.xlsx
ALEJANDRA PAREDES;GERARDO VARGAS A.;M;MEDICO;EME;HOSPITAL JAPONES 3ER ANILLO EXTERNO EMERGENCIAS;SANTA CRUZ;73992229;;C;SEM 4 MAR PM;Do4246;209;False;SCZ ALEJANDRA PAREDES KARDEX SEP 2026.xlsx
ALEJANDRA PAREDES;GERGES MANZANO ARIAS;;MEDICO;CIR;HOSP. PAMPA DE LA ISLA CAM. MONTECRISTO EMERGENCIA;SANTA CRUZ;74809597;;C;SEM 2 MIE AM;Do2957;100;False;SCZ ALEJANDRA PAREDES KARDEX SEP 2026.xlsx
ALEJANDRA PAREDES;GIOVANNY JUSTINIANO SALAZAR;;MEDICO;CIR;CRUZ ROJA CALLE QUIJARO-247;SANTA CRUZ;68762275;;C;SEM 2 VIE AM;Do4214*;125;True;SCZ ALEJANDRA PAREDES KARDEX SEP 2026.xlsx
ALEJANDRA PAREDES;GLORIA SARITA YAVARY JUSTINIANO;F;MEDICO;MGE;MEDICAL NORTE NUEVO MERCADO LOS POZOS;SANTA CRUZ;68934156;;A;SEM 4 MAR AM;;199;False;SCZ ALEJANDRA PAREDES KARDEX SEP 2026.xlsx
ALEJANDRA PAREDES;GONZALO ERWIN LOBO;M;MEDICO;EME;HOSPITAL JAPONES 3ER ANILLO EXTERNO EMERGENCIAS;SANTA CRUZ;70039847;;B;SEM 4 MIE AM;Do1500;220;False;SCZ ALEJANDRA PAREDES KARDEX SEP 2026.xlsx
ALEJANDRA PAREDES;GRETHA MONTAÑO ZEBALLOS;;MEDICO;NEM;CNS IRALA ENTRE AV. IRALA Y RENE MORENO planta baja consultorio 5;SANTA CRUZ;77490226;;C;SEM 1 MIE AM;Do3446;27;True;SCZ ALEJANDRA PAREDES KARDEX SEP 2026.xlsx
ALEJANDRA PAREDES;GUIDO MARTINEZ CH.;M;MEDICO;EME;HM PLAN 3000;SANTA CRUZ;;;;SEM 4 JUE AM;Do492;229;False;SCZ ALEJANDRA PAREDES KARDEX SEP 2026.xlsx
ALEJANDRA PAREDES;GUISELA BAURORO;F;MEDICO;CAR;CLIN BUENA SALUD;SANTA CRUZ;0;;;SEM 3 MAR PM;Do59;155;False;SCZ ALEJANDRA PAREDES KARDEX SEP 2026.xlsx
ALEJANDRA PAREDES;HEBERTO HERRERA;;MEDICO;GAS;CAJA DE CAMINOS;SANTA CRUZ;;;;SEM 4 MIE PM;Do1586;224;True;SCZ ALEJANDRA PAREDES KARDEX SEP 2026.xlsx
ALEJANDRA PAREDES;DRA. HELEN TAPIA QUINTASI;F;MEDICO;UTI;OBRERO/ALEJANDRA;SANTA CRUZ;0;;A;SEM 2 LUN AM;Do4539;63;False;SCZ KEILA ESPINOZA KARDEX BELEN SEP 2026.xlsx
ALEJANDRA PAREDES;HENRY A. CRESPO H.;M;MEDICO;GOB;HOSPITAL JAPONES 3ER ANILLO EXTERNO PISO 3;SANTA CRUZ;72708112;;C;SEM 4 MAR PM;Do1844;210;False;SCZ ALEJANDRA PAREDES KARDEX SEP 2026.xlsx
ALEJANDRA PAREDES;HENRY JANCO;M;MEDICO;ONC;OBRERO;SANTA CRUZ;;;;SEM 3 VIE AM;;176;False;SCZ ALEJANDRA PAREDES KARDEX SEP 2026.xlsx
ALEJANDRA PAREDES;HENRY JANCO LLANOS;M;MEDICO;NEU;HOSPITAL OBRERO 400 CAMAS consultorio 16;SANTA CRUZ;73136619;;C;SEM 1 VIE PM;;67;False;SCZ ALEJANDRA PAREDES KARDEX SEP 2026.xlsx
ALEJANDRA PAREDES;HENRY UGARTECHE V.;M;MEDICO;MIN;HERNANDEZ VERA AV. PRINCIPAL 1 DE MAYO EMRGENCIA;SANTA CRUZ;70800108;;C;SEM 2 JUE AM;Do1668;112;True;SCZ ALEJANDRA PAREDES KARDEX SEP 2026.xlsx
ALEJANDRA PAREDES;HERCILIA GOMEZ L.;;MEDICO;MGE;HM PLAN 3000;SANTA CRUZ;;;;SEM 4 JUE AM;Do2112;230;False;SCZ ALEJANDRA PAREDES KARDEX SEP 2026.xlsx
ALEJANDRA PAREDES;HERMAN PEINADO NORIEGA;;MEDICO;NEF;HOSP. PAMPA DE LA ISLA CAM. MONTECRISTO PISO 2;SANTA CRUZ;76656635;;C;SEM 2 MIE AM;Do764;97;False;SCZ ALEJANDRA PAREDES KARDEX SEP 2026.xlsx
ALEJANDRA PAREDES;HILARION GUTIERREZ H.;;MEDICO;GAS;CONSULTOTIO AL FRENTE NIÑO JESUS;SANTA CRUZ;0;;C;SEM 3 LUN PM;Do4214;146;False;SCZ ALEJANDRA PAREDES KARDEX SEP 2026.xlsx
ALEJANDRA PAREDES;IDNARDY CARTAGENA M;;MEDICO;NEC;OBRERO;SANTA CRUZ;0;;;SEM 2 LUN AM;;70;False;SCZ ALEJANDRA PAREDES KARDEX SEP 2026.xlsx
ALEJANDRA PAREDES;ISABEL LAZARTE PATTON;F;MEDICO;GOB;CLINICA CIES ALEMANA AV 3ER ANILLO INTERNO consultorio 9;SANTA CRUZ;78981995;;C;SEM 1 LUN AM;Do3227;2;True;SCZ ALEJANDRA PAREDES KARDEX SEP 2026.xlsx
ALEJANDRA PAREDES;J. ROMER LEAÑOS;;MEDICO;PED;HERNANDEZ VERA;SANTA CRUZ;0;;;SEM 2 JUE AM;Do551;113;False;SCZ ALEJANDRA PAREDES KARDEX SEP 2026.xlsx
ALEJANDRA PAREDES;JAIME COLQUE ARCE;M;MEDICO;URO;HM VILLA;SANTA CRUZ;;;;SEM 4 LUN AM;Do3924;185;False;SCZ ALEJANDRA PAREDES KARDEX SEP 2026.xlsx
ALEJANDRA PAREDES;JAIME DANNY ROJAS ELIO;M;MEDICO;URO;CNS IRALA ENTRE AV. IRALA Y RENE MORENO primer piso consultorio 15;SANTA CRUZ;73185173;;C;SEM 1 MIE PM;Do4714;36;True;SCZ ALEJANDRA PAREDES KARDEX SEP 2026.xlsx
ALEJANDRA PAREDES;JAVIER PADILLA F;M;MEDICO;GOB;HOSPITAL JAPONES 3ER ANILLO EXTERNO PISO 3;SANTA CRUZ;72614249;;C;SEM 2 MAR AM;Do1344;84;False;SCZ ALEJANDRA PAREDES KARDEX SEP 2026.xlsx
ALEJANDRA PAREDES;JENNY ENITH BUSTOS LOZANO;F;MEDICO;MGE;MEDICAL NORTE NUEVO MERCADO LOS POZOS;SANTA CRUZ;63536049;;A;SEM 4 MAR AM;;200;False;SCZ ALEJANDRA PAREDES KARDEX SEP 2026.xlsx
ALEJANDRA PAREDES;JHOMARA VASQUEZ DAVALOS;;MEDICO;UTI;HOSPITAL JAPONES 3ER ANILLO EXTERNO DOMOS;SANTA CRUZ;70409062;;B;SEM 4 MAR PM;Do1364;214;False;SCZ ALEJANDRA PAREDES KARDEX SEP 2026.xlsx
ALEJANDRA PAREDES;JOEL SOLIZ;;MEDICO;GIN;BETHEL;SANTA CRUZ;0;;C;SEM 2 VIE PM;Do3852;134;True;SCZ ALEJANDRA PAREDES KARDEX SEP 2026.xlsx
ALEJANDRA PAREDES;JORGE CESPEDES CABALLERO;M;MEDICO;GOB;HM VILLA PRIMERO DE MAYO AV. LA TRADICION CONSULTORIO 8;SANTA CRUZ;77166296;;C;SEM 4 LUN AM;Do1558;186;False;SCZ ALEJANDRA PAREDES KARDEX SEP 2026.xlsx
ALEJANDRA PAREDES;JOSE ANIBAL GUTIERREZ;M;MEDICO;MIN;HERNANDEZ VERA AV. PRINCIPAL 1 DE MAYO CONSULTORIO 6;SANTA CRUZ;72196638;;C;SEM 2 JUE AM;Do1647;115;False;SCZ ALEJANDRA PAREDES KARDEX SEP 2026.xlsx
ALEJANDRA PAREDES;JOSE ANTONIO BUTRON BARBA;M;MEDICO;CIR;CLINICA RED MARIELA AV ALEMANIA PISO 1;SANTA CRUZ;75625262;;C;SEM 4 MAR AM;Do4299;205;True;SCZ ALEJANDRA PAREDES KARDEX SEP 2026.xlsx
ALEJANDRA PAREDES;JOSE ERNESTO CUELLAR F.;M;MEDICO;CAR;HM PLAN 3000 MERCADO LOS POCITOS CONSULTORIO 14;SANTA CRUZ;77378661;;C;SEM 4 JUE PM;Do1985*;238;False;SCZ ALEJANDRA PAREDES KARDEX SEP 2026.xlsx
ALEJANDRA PAREDES;JOSE GUTIERREZ;M;MEDICO;URO;CNS IRALA;SANTA CRUZ;0;;;SEM 1 MIE PM;Do3582;42;True;SCZ ALEJANDRA PAREDES KARDEX SEP 2026.xlsx
ALEJANDRA PAREDES;JOSE LUIS GUTIÉRREZ;M;MEDICO;GAS;FRENTE DEL HOSPITAL SAN JUAN DE DIOS;SANTA CRUZ;0;;B;SEM 1 JUE AM;Do243;50;False;SCZ ALEJANDRA PAREDES KARDEX SEP 2026.xlsx
ALEJANDRA PAREDES;JOSE MANUEL HURTADO CIE DOCKWEILER;M;MEDICO;PED;GUGUKIDS;SANTA CRUZ;0;;;SEM 2 MIE PM;Do846*;107;False;SCZ ALEJANDRA PAREDES KARDEX SEP 2026.xlsx
ALEJANDRA PAREDES;DR. JOSE MARTIN DAZA;M;MEDICO;NEU;HOSPITAL JAPONES 3ER ANILLO EXTERNO PISO 2$ALEJANDRA;SANTA CRUZ;77393828;;A;SEM 4 MIE AM;Do2814;218;True;SCZ ALEJANDRA PAREDES KARDEX SEP 2026.xlsx$SCZ KEILA ESPINOZA KARDEX BELEN SEP 2026.xlsx
ALEJANDRA PAREDES;JOSE RENE TORRICO;M;MEDICO;CIR;HERNANDEZ VERA AV. PRINCIPAL 1 DE MAYO CONSULTORIO 3;SANTA CRUZ;77652670;;C;SEM 2 JUE AM;Do1349;114;False;SCZ ALEJANDRA PAREDES KARDEX SEP 2026.xlsx
ALEJANDRA PAREDES;JOSELINE MARQUEZ LEDEZMA;;MEDICO;MGE;CLINICA BUENA SALUD AV VIRGEN DE COTOCA-5025;SANTA CRUZ;78052580;;B;SEM 3 MAR PM;Do507;156;False;SCZ ALEJANDRA PAREDES KARDEX SEP 2026.xlsx
ALEJANDRA PAREDES;JOSHUA SOLIZ;;MEDICO;CIR;CLINICA BETHEL CALLE QUIJARRO;SANTA CRUZ;79012343;;A;SEM 2 VIE PM;Do305;132;False;SCZ ALEJANDRA PAREDES KARDEX SEP 2026.xlsx
ALEJANDRA PAREDES;JUAN CARLOS AYALA;M;MEDICO;URO;OBRERO;SANTA CRUZ;;;;SEM 3 VIE AM;;173;False;SCZ ALEJANDRA PAREDES KARDEX SEP 2026.xlsx
ALEJANDRA PAREDES;JUAN CARLOS BEJARANO;M;MEDICO;CIR;CONST. PRIVADO MERCADO NUEVO LOS POZOS AV. ALEMANIA;SANTA CRUZ;78036689;;C;SEM 4 MAR AM;Do1716;204;True;SCZ ALEJANDRA PAREDES KARDEX SEP 2026.xlsx
ALEJANDRA PAREDES;JUAN CARLOS C PINTO;M;MEDICO;PED;HM VILLA;SANTA CRUZ;;;;SEM 4 LUN AM;Do4808;187;True;SCZ ALEJANDRA PAREDES KARDEX SEP 2026.xlsx
ALEJANDRA PAREDES;DR. JUAN CARLOS GALARZA;M;MEDICO;UTI;OBRERO/ALEJANDRA;SANTA CRUZ;0;;A;SEM 2 LUN PM;Do3028;70;True;SCZ KEILA ESPINOZA KARDEX BELEN SEP 2026.xlsx
ALEJANDRA PAREDES;JUAN CARLOS HERBAS;M;MEDICO;MIN;JAPONES;SANTA CRUZ;0;;;SEM 2 MAR PM;;91;False;SCZ ALEJANDRA PAREDES KARDEX SEP 2026.xlsx
ALEJANDRA PAREDES;JUAN CARLOS MURILLO RIBERO;M;MEDICO;GOB;CLINICA BUENA SALUD;SANTA CRUZ;0;;;SEM 3 MAR PM;Do4608;157;True;SCZ ALEJANDRA PAREDES KARDEX SEP 2026.xlsx
ALEJANDRA PAREDES;JUAN CARLOS RAMIREZ;M;MEDICO;NEM;CNS IRALA;SANTA CRUZ;0;;;SEM 1 MIE PM;Do1265;39;False;SCZ ALEJANDRA PAREDES KARDEX SEP 2026.xlsx
ALEJANDRA PAREDES;JUAN CARLOS RAMIREZ CH;M;MEDICO;NEM;CNS IRALA ENTRE AV. IRALA Y RENE MORENO planta baja consultorio 4;SANTA CRUZ;67787392;;C;SEM 1 MIE AM;Do1353;26;False;SCZ ALEJANDRA PAREDES KARDEX SEP 2026.xlsx
ALEJANDRA PAREDES;JUAN E. PADILLA ESCOBAR;M;MEDICO;MIN;OBRERO;SANTA CRUZ;0;;;SEM 2 LUN AM;;71;False;SCZ ALEJANDRA PAREDES KARDEX SEP 2026.xlsx
ALEJANDRA PAREDES;JUAN PABLO FLORES P;M;MEDICO;GOB;CONST. RPIVADO CERCA DE LA PAMPA;SANTA CRUZ;79807446;;C;SEM 3 MAR PM;Do933;158;False;SCZ ALEJANDRA PAREDES KARDEX SEP 2026.xlsx
ALEJANDRA PAREDES;JUAN PABLO SEÑORANIS AYALA;M;MEDICO;GOB;HOSPITAL EL CARMEN KM10;SANTA CRUZ;70854098;;A;SEM 3 LUN AM;Do1206;138;False;SCZ ALEJANDRA PAREDES KARDEX SEP 2026.xlsx
ALEJANDRA PAREDES;DR. JUAN SAAVEDRA Q;M;MEDICO;MIN;CLINICA CIES ALEMANA 3ER ANILLO INTERNO;SANTA CRUZ;77002049;;B;SEM 4 VIE AM;Do1987;10963;False;SCZ ALEJANDRA PAREDES KARDEX SEP 2026.xlsx
ALEJANDRA PAREDES;JUDITH C. POMA CHUQUINIA;F;MEDICO;GOB;HM PLAN 3000;SANTA CRUZ;;;;SEM 4 JUE AM;Do895;231;False;SCZ ALEJANDRA PAREDES KARDEX SEP 2026.xlsx
ALEJANDRA PAREDES;JULIO A. RIVAS PADILLA;M;MEDICO;MGE;HM PLAN 3000 MERCADO LOS POCITOS CONSULTORIO 5;SANTA CRUZ;70030736;;B;SEM 4 JUE PM;Do3;239;True;SCZ ALEJANDRA PAREDES KARDEX SEP 2026.xlsx
ALEJANDRA PAREDES;JULIO ROJAS QUIROGA;M;MEDICO;MGE;CIES ALEMANA;SANTA CRUZ;;;;SEM 4 VIE AM;Do1467;10964;False;SCZ ALEJANDRA PAREDES KARDEX SEP 2026.xlsx
ALEJANDRA PAREDES;KAREN AREVILLCA CH.;F;MEDICO;MGE;HM PLAN 3000 MERCADO LOS POCITOS EMERGENCIAS;SANTA CRUZ;71350365;;C;SEM 4 JUE PM;Do1542*;240;False;SCZ ALEJANDRA PAREDES KARDEX SEP 2026.xlsx
ALEJANDRA PAREDES;KAREN MONTENEGRO FLORES;F;MEDICO;HEM;HOSPITAL OBRERO 400 CAMAS consultorio 6;SANTA CRUZ;76897677;;A;SEM 1 VIE PM;;65;False;SCZ ALEJANDRA PAREDES KARDEX SEP 2026.xlsx
ALEJANDRA PAREDES;KARINA M CATERIL CLAUSE;F;MEDICO;PED;CIES ALEMANA;SANTA CRUZ;;;;SEM 4 VIE AM;Do1467*;10965;True;SCZ ALEJANDRA PAREDES KARDEX SEP 2026.xlsx
ALEJANDRA PAREDES;KARLA S. LINO SARAVIA;F;MEDICO;MGE;KM10;SANTA CRUZ;0;;;SEM 3 LUN AM;;139;False;SCZ ALEJANDRA PAREDES KARDEX SEP 2026.xlsx
ALEJANDRA PAREDES;KATHERINE ROJAS;;MEDICO;GOB;HM PLAN 3000 MERCADO LOS POCITOS CONSULTORIO 11;SANTA CRUZ;79034204;;C;SEM 4 JUE PM;Do1985;241;True;SCZ ALEJANDRA PAREDES KARDEX SEP 2026.xlsx
ALEJANDRA PAREDES;KATTIA N LÓPEZ NOÉ;;MEDICO;LAP;CLINICA MELENDRES;SANTA CRUZ;;;;SEM 3 VIE PM;Do679;180;False;SCZ ALEJANDRA PAREDES KARDEX SEP 2026.xlsx
ALEJANDRA PAREDES;KELL URBINA;;MEDICO;EST;CLINICA NIÑO JESUS AV. CAÑOTO PISO 8;SANTA CRUZ;72690865;;B;SEM 3 LUN PM;Do104;148;False;SCZ ALEJANDRA PAREDES KARDEX SEP 2026.xlsx
ALEJANDRA PAREDES;KEVIN CESPEDES;M;MEDICO;GAS;OBRERO;SANTA CRUZ;0;;;SEM 2 LUN AM;;72;False;SCZ ALEJANDRA PAREDES KARDEX SEP 2026.xlsx
ALEJANDRA PAREDES;LAURA ROSANA MAZZOCATO;F;MEDICO;END;CNS IRALA;SANTA CRUZ;0;;;SEM 1 MIE PM;Do1271;37;False;SCZ ALEJANDRA PAREDES KARDEX SEP 2026.xlsx
ALEJANDRA PAREDES;LAUREN A AVENDAÑO H;;MEDICO;MGE;CIES ALEMANA;SANTA CRUZ;;;;SEM 4 VIE AM;Do1050;10966;False;SCZ ALEJANDRA PAREDES KARDEX SEP 2026.xlsx
ALEJANDRA PAREDES;LEIDY E. MORALES A;;MEDICO;GOB;HM VILLA;SANTA CRUZ;;;;SEM 4 LUN PM;Do4831;192;True;SCZ ALEJANDRA PAREDES KARDEX SEP 2026.xlsx
ALEJANDRA PAREDES;LEONARDO F GOMEZ;M;MEDICO;MGE;OBRERO;SANTA CRUZ;0;;;SEM 1 VIE AM;;62;False;SCZ ALEJANDRA PAREDES KARDEX SEP 2026.xlsx
ALEJANDRA PAREDES;LILIAN KELLY DA SILVA;F;MEDICO;EST;AVENIDA 4TO ANILLO PLATINIUM 11 CALLE DR. JAIME ROMAN PISO 5;SANTA CRUZ;76653868;;A;SEM 4 VIE PM;Do3848;10975;True;SCZ ALEJANDRA PAREDES KARDEX SEP 2026.xlsx
ALEJANDRA PAREDES;LIMBER ROCABADO SOSA;M;MEDICO;EME;CIES ALEMANA;SANTA CRUZ;;;;SEM 4 VIE AM;Do1760;10967;True;SCZ ALEJANDRA PAREDES KARDEX SEP 2026.xlsx
ALEJANDRA PAREDES;LIS ALVAREZ V;;MEDICO;PED;CLINICA CIES ALEMANA AV 3ER ANILLO INTERNO consultorio 11;SANTA CRUZ;79863560;;C;SEM 1 LUN AM;Do384;3;True;SCZ ALEJANDRA PAREDES KARDEX SEP 2026.xlsx
ALEJANDRA PAREDES;LISET PAOLA HERRERA;F;MEDICO;CIR;CLINICA RED MARIELA AV ALEMANIA PLANTA BAJA EMERGENCIAS;SANTA CRUZ;75600404;;C;SEM 4 MAR AM;Do64;206;False;SCZ ALEJANDRA PAREDES KARDEX SEP 2026.xlsx
ALEJANDRA PAREDES;LISET SAUCEDO R;F;MEDICO;CIR;CS BOLINTER PRINCIPAL LOS CHACOS CONSULTORIO 1;SANTA CRUZ;75506805;;C;SEM 3 MAR AM;Do4441;150;False;SCZ ALEJANDRA PAREDES KARDEX SEP 2026.xlsx
ALEJANDRA PAREDES;LIZETH PORTUGAL;F;MEDICO;HEM;HOSPITAL JAPONES 3ER ANILLO EXTERNO PISO 3;SANTA CRUZ;75361181;;A;SEM 4 MIE AM;;215;False;SCZ ALEJANDRA PAREDES KARDEX SEP 2026.xlsx
ALEJANDRA PAREDES;LORENA MENDOZA OSINAGA;F;MEDICO;MGE;HM PLAN 3000 MERCADO LOS POCITOS CONSULTORIO 3;SANTA CRUZ;67728738;;C;SEM 4 JUE AM;Do1726;232;True;SCZ ALEJANDRA PAREDES KARDEX SEP 2026.xlsx
ALEJANDRA PAREDES;LORENA ROUSSEAU TERRAZAS;F;MEDICO;MGE;CS BOLINTER PRINCIPAL LOS CHACOSCONSULTORIO 3;SANTA CRUZ;75507702;;C;SEM 3 MAR AM;Do1327;151;False;SCZ ALEJANDRA PAREDES KARDEX SEP 2026.xlsx
ALEJANDRA PAREDES;LORGIO RUDY AGUILERA DAGA;;MEDICO;GOB;HOSPITAL OBRERO 400 CAMAS PISO 4;SANTA CRUZ;77395091;;A;SEM 3 VIE PM;;181;False;SCZ ALEJANDRA PAREDES KARDEX SEP 2026.xlsx
ALEJANDRA PAREDES;LUCAS H FRANCO AÑEZ;;MEDICO;EME;CAMINOS;SANTA CRUZ;0;;;SEM 2 MAR AM;Do968;88;False;SCZ ALEJANDRA PAREDES KARDEX SEP 2026.xlsx
ALEJANDRA PAREDES;LUCIA COYOJA DAZA;F;MEDICO;PED;HOSP. PAMPA DE LA ISLA;SANTA CRUZ;0;;;SEM 2 MIE AM;Do2589;99;False;SCZ ALEJANDRA PAREDES KARDEX SEP 2026.xlsx
ALEJANDRA PAREDES;DR. LUIS F.ARISPE FERNANDEZ;M;MEDICO;NEU;HOSPITAL JAPONES 3ER ANILLO EXTERNO PISO 2;SANTA CRUZ;;;B;SEM 4 MIE AM;Do5005;223;True;SCZ ALEJANDRA PAREDES KARDEX SEP 2026.xlsx
ALEJANDRA PAREDES;MA. RENE FERNANDEZ  E.;;MEDICO;MGE;KM10;SANTA CRUZ;0;;;SEM 3 LUN AM;;140;False;SCZ ALEJANDRA PAREDES KARDEX SEP 2026.xlsx
ALEJANDRA PAREDES;MARCEL QUEZADA M;M;MEDICO;MAX;CLINICA DE REHABILITACION CALLE SOLIZ DE OLGUIN -465 AVENIDA VELARDE;SANTA CRUZ;0;;B;SEM 2 MIE PM;Do2646;108;True;SCZ ALEJANDRA PAREDES KARDEX SEP 2026.xlsx
ALEJANDRA PAREDES;MARCELO ARENALES ARANO;M;MEDICO;CIR;CNS IRALA ENTRE AV. IRALA Y RENE MORENO PRIMER PISO CONSULTORIO 15;SANTA CRUZ;77394284;;B;SEM 2 VIE AM;Do4889;129;True;SCZ ALEJANDRA PAREDES KARDEX SEP 2026.xlsx
ALEJANDRA PAREDES;MARCELO MENDEZ ROSALES;M;MEDICO;MIN;HOSPITAL OBRERO 400 CAMAS PISO 2;SANTA CRUZ;60733692;;C;SEM 3 VIE AM;;174;False;SCZ ALEJANDRA PAREDES KARDEX SEP 2026.xlsx
ALEJANDRA PAREDES;MARCELO SANABRIA;M;MEDICO;REU;SINEC;SANTA CRUZ;0;;;SEM 1 JUE PM;;52;False;SCZ ALEJANDRA PAREDES KARDEX SEP 2026.xlsx
ALEJANDRA PAREDES;MARCELO VILLALTA;M;MEDICO;URO;HERNÁNDEZ VERA;SANTA CRUZ;0;;;SEM 2 JUE PM;Do2556*;122;True;SCZ ALEJANDRA PAREDES KARDEX SEP 2026.xlsx
ALEJANDRA PAREDES;MARÍA ANDREA GUTIÉRREZ;F;MEDICO;NEM;HERNÁNDEZ VERA AV. PRINCIPAL 1 DE MAYO CONSULTORIO 10;SANTA CRUZ;77920339;;B;SEM 2 JUE PM;Do3715;121;True;SCZ ALEJANDRA PAREDES KARDEX SEP 2026.xlsx
ALEJANDRA PAREDES;MARIA FERNANDA MOLINA;F;MEDICO;PED;HM PLAN 3000 MERCADO LOS POCITOS CONSULTORIO 9;SANTA CRUZ;70814159;;C;SEM 4 JUE PM;Do1189;242;False;SCZ ALEJANDRA PAREDES KARDEX SEP 2026.xlsx
ALEJANDRA PAREDES;MARIA LUISA GIL SUAREZ;F;MEDICO;REU;ORTO TRAUMA;SANTA CRUZ;0;;;SEM 2 MIE PM;;106;False;SCZ ALEJANDRA PAREDES KARDEX SEP 2026.xlsx
ALEJANDRA PAREDES;MARIBEL PEÑA;;MEDICO;GOB;CLINICA CIES ALEMANA AV 3ER ANILLO INTERNO consultorio 12$KM10;SANTA CRUZ;76028600;;B;SEM 1 LUN AM;Do4288;4;False;SCZ ALEJANDRA PAREDES KARDEX SEP 2026.xlsx
ALEJANDRA PAREDES;MARISOL CRESPO BAZOALTO;F;MEDICO;GOB;CLINICA BRASIL 3ER ANILLO EXTERNO PISO 4 CONSULTORIO 6;SANTA CRUZ;68774250;;A;SEM 2 LUN PM;Do4924;78;True;SCZ ALEJANDRA PAREDES KARDEX SEP 2026.xlsx
ALEJANDRA PAREDES;MARISOL CUELLAR LANUZA;F;MEDICO;GOB;CLINICA CIES ALEMANA AV 3ER ANILLO INTERNO cpnsultorio 15;SANTA CRUZ;79886030;;A;SEM 1 MAR PM;Do3028;21;True;SCZ ALEJANDRA PAREDES KARDEX SEP 2026.xlsx
ALEJANDRA PAREDES;MARLENE VASQUEZ C.;F;MEDICO;GIN;CLINICA FIGUEROA AV. MUTUALISTA C. ANDRES MUÑOZ;SANTA CRUZ;77680475;;C;SEM 2 LUN PM;Do1608;75;True;SCZ ALEJANDRA PAREDES KARDEX SEP 2026.xlsx
ALEJANDRA PAREDES;MATHEUS DAS NEVES BORGO;M;MEDICO;END;CENTRO MEDICO WELLNESSBASE LAS AZUCENAS 423;SANTA CRUZ;69079491;;A;SEM 4 VIE PM;Do835;10970;False;SCZ ALEJANDRA PAREDES KARDEX SEP 2026.xlsx
ALEJANDRA PAREDES;MATHEUS LOPEZ EID;M;MEDICO;EST;REMAKER AV. MUTUALISTA ENTRE 3 Y 4 ANILLO CALLE AYARDA -3000;SANTA CRUZ;72183658;;A;SEM 4 VIE PM;;10973;False;SCZ ALEJANDRA PAREDES KARDEX SEP 2026.xlsx
ALEJANDRA PAREDES;MAURICIO A BARRIENTOS;M;MEDICO;MGE;CS BOLINTER PRINCIPAL LOS CHACOS CONSULTORIO 4;SANTA CRUZ;77685957;;C;SEM 3 MAR AM;Do4456;152;True;SCZ ALEJANDRA PAREDES KARDEX SEP 2026.xlsx
ALEJANDRA PAREDES;MELISSA VIDAL;;MEDICO;NEF;HOSPITAL JAPONES 3ER ANILLO EXTERNO PLANTA BAJA HEMODIALISIS;SANTA CRUZ;75327109;;B;SEM 4 MIE AM;;217;False;SCZ ALEJANDRA PAREDES KARDEX SEP 2026.xlsx
ALEJANDRA PAREDES;MIGUEL BOHORQUES DURAN;M;MEDICO;COL;CNS IRALA;SANTA CRUZ;0;;C;SEM 3 LUN PM;Do556;147;False;SCZ ALEJANDRA PAREDES KARDEX SEP 2026.xlsx
ALEJANDRA PAREDES;MIGUEL BOHORQUEZ DURAN;M;MEDICO;COL;CNS IRALA ENTRE AV. IRALA Y RENE MORENO primer piso consultorio 12;SANTA CRUZ;75500067;;C;SEM 1 MIE AM;Do1693*;28;True;SCZ ALEJANDRA PAREDES KARDEX SEP 2026.xlsx
ALEJANDRA PAREDES;MIGUEL PIZARRO;M;MEDICO;MGE;CS HAMACAS;SANTA CRUZ;0;;;SEM 3 MIE PM;Do909;167;False;SCZ ALEJANDRA PAREDES KARDEX SEP 2026.xlsx
ALEJANDRA PAREDES;MILTON SALINAS CORINI;M;MEDICO;GIN;CLINICA CIES ALEMANA AV 3ER ANILLO INTERNO consultorio 16;SANTA CRUZ;63069145;;A;SEM 1 LUN AM;Do2993;7;True;SCZ ALEJANDRA PAREDES KARDEX SEP 2026.xlsx
ALEJANDRA PAREDES;MIREYA GUEVARA VELASQUEZ;F;MEDICO;MGE;HM PLAN 3000 MERCADO LOS POCITOS CONSULTORIO 5;SANTA CRUZ;67846661;;C;SEM 4 JUE AM;Do1870;233;False;SCZ ALEJANDRA PAREDES KARDEX SEP 2026.xlsx
ALEJANDRA PAREDES;MIRIAN LIZETH LEAÑOS SALVATIERRA;;MEDICO;GIN;CLINICA CIES ALEMANA AV 3ER ANILLO INTERNO consultorio 3;SANTA CRUZ;70925712;;A;SEM 1 LUN AM;Do180*;9;True;SCZ ALEJANDRA PAREDES KARDEX SEP 2026.xlsx
ALEJANDRA PAREDES;MISAEL J PERALTA HERBAS;;MEDICO;GOB;HM VILLA PRIMERO DE MAYO AV. LA TRADICION PISO 1 GINECOLOGIA;SANTA CRUZ;77347190;;C;SEM 4 LUN PM;Do2206;193;False;SCZ ALEJANDRA PAREDES KARDEX SEP 2026.xlsx
ALEJANDRA PAREDES;NADIA M SALGUERO TERCEROS;;MEDICO;MGE;CS BOLINTER PRINCIPAL LOS CHACOS CONSULTORIO 7;SANTA CRUZ;60906634;;C;SEM 3 MAR AM;Do838;153;False;SCZ ALEJANDRA PAREDES KARDEX SEP 2026.xlsx
ALEJANDRA PAREDES;NATALIA IRMA MERCADO;F;MEDICO;END;CALLE SUCRE TARIJA /QUIJARO;SANTA CRUZ;77050950;;B;SEM 2 VIE AM;Do4535;130;True;SCZ ALEJANDRA PAREDES KARDEX SEP 2026.xlsx
ALEJANDRA PAREDES;NATALY CASTRO CARRASCO;F;MEDICO;GOB;CLINICA CIES ALEMANA AV 3ER ANILLO INTERNO;SANTA CRUZ;72030796;;C;SEM 1 LUN AM;Do380;5;False;SCZ ALEJANDRA PAREDES KARDEX SEP 2026.xlsx
ALEJANDRA PAREDES;DR. NOE MEDRANO LUNA;M;MEDICO;NEF;OBRERO/ALEJANDRA;SANTA CRUZ;70377555;;B;SEM 2 LUN AM;Do4225;64;False;SCZ KEILA ESPINOZA KARDEX BELEN SEP 2026.xlsx
ALEJANDRA PAREDES;OMAR MAMANI AVILLCA;M;MEDICO;MGE;OBRERO;SANTA CRUZ;0;;;SEM 1 VIE AM;;63;False;SCZ ALEJANDRA PAREDES KARDEX SEP 2026.xlsx
ALEJANDRA PAREDES;PABLO ARENAS;M;MEDICO;MIN;CLINICA CIES ALEMANA AV 3ER ANILLO INTERNO piso 2;SANTA CRUZ;77032338;;C;SEM 1 LUN AM;Do1774;6;False;SCZ ALEJANDRA PAREDES KARDEX SEP 2026.xlsx
ALEJANDRA PAREDES;PADDY MENDEZ ROMAN;;MEDICO;NEU;HOSPITAL OBRERO 400 CAMAS consultorio 4;SANTA CRUZ;74168968;;C;SEM 1 VIE PM;;68;False;SCZ ALEJANDRA PAREDES KARDEX SEP 2026.xlsx
ALEJANDRA PAREDES;PAMELA GUTIERREZ;F;MEDICO;PED;CLINICA BRASIL;SANTA CRUZ;0;;;SEM 2 LUN PM;Do3590;79;True;SCZ ALEJANDRA PAREDES KARDEX SEP 2026.xlsx
ALEJANDRA PAREDES;PAOLA GUTIERREZ GALBO;F;MEDICO;CIR;CS BOLINTER PRINCIPAL LOS CHACOS CONSULTORIO 2;SANTA CRUZ;76857992;;C;SEM 3 MAR AM;Do4442;154;True;SCZ ALEJANDRA PAREDES KARDEX SEP 2026.xlsx
ALEJANDRA PAREDES;PAOLA RODRIGUEZ P.;F;MEDICO;GOB;HM VILLA;SANTA CRUZ;;;;SEM 4 LUN AM;Do4966;188;True;SCZ ALEJANDRA PAREDES KARDEX SEP 2026.xlsx
ALEJANDRA PAREDES;PATRICIA DICK;F;MEDICO;PED;CNS IRALA;SANTA CRUZ;0;;;SEM 1 MIE AM;Do3104;29;True;SCZ ALEJANDRA PAREDES KARDEX SEP 2026.xlsx
ALEJANDRA PAREDES;PATRICIA MOLLO;F;MEDICO;GIN;CLINICA CIES ALEMANA AV 3ER ANILLO INTERNO consultorio 12;SANTA CRUZ;75595077;;B;SEM 1 MAR PM;Do1124;22;False;SCZ ALEJANDRA PAREDES KARDEX SEP 2026.xlsx
ALEJANDRA PAREDES;PAUL VERA ROJAS;M;MEDICO;NEU;CNS IRALA;SANTA CRUZ;0;;;SEM 1 MIE PM;Do1038;38;False;SCZ ALEJANDRA PAREDES KARDEX SEP 2026.xlsx
ALEJANDRA PAREDES;PAULO JANNETH FLORES;;MEDICO;GIN;HERNANDEZ VERA AV. PRINCIPAL 1 DE MAYO CONSULTORIO 9;SANTA CRUZ;0;;C;SEM 2 JUE PM;Do1647*;118;True;SCZ ALEJANDRA PAREDES KARDEX SEP 2026.xlsx
ALEJANDRA PAREDES;RAUL A MORALES;M;MEDICO;MGE;CIES ALEMANA;SANTA CRUZ;;;;SEM 4 VIE AM;Do2316;10968;False;SCZ ALEJANDRA PAREDES KARDEX SEP 2026.xlsx
ALEJANDRA PAREDES;RAUL D ESCALANTE P;M;MEDICO;GOB;CLINICA VIERA;SANTA CRUZ;0;;;SEM 2 MIE AM;Do1091;103;False;SCZ ALEJANDRA PAREDES KARDEX SEP 2026.xlsx
ALEJANDRA PAREDES;RAUL VELASQUEZ TORREZ;M;MEDICO;GOB;CNS IRALA ENTRE AV. IRALA Y RENE MORENO primer piso consultorio 9;SANTA CRUZ;72420834;;C;SEM 1 MIE PM;Do1676;40;False;SCZ ALEJANDRA PAREDES KARDEX SEP 2026.xlsx
ALEJANDRA PAREDES;REINALDO GRIMALDE T;;MEDICO;MIN;HM VILLA PRIMERO DE MAYO AV. LA TRADICION PISO 1 MEDICINA INTERNA;SANTA CRUZ;;;C;SEM 4 LUN AM;Do2346;189;False;SCZ ALEJANDRA PAREDES KARDEX SEP 2026.xlsx
ALEJANDRA PAREDES;RENE ARDAYA;M;MEDICO;NEM;OBRERO;SANTA CRUZ;;;;SEM 3 VIE AM;;177;False;SCZ ALEJANDRA PAREDES KARDEX SEP 2026.xlsx
ALEJANDRA PAREDES;RENE TEODORO ARDAYA GUTIERREZ;M;MEDICO;HEM;HOSPITAL OBRERO 400 CAMAS 6to piso;SANTA CRUZ;71644002;;A;SEM 1 MAR AM;;19;False;SCZ ALEJANDRA PAREDES KARDEX SEP 2026.xlsx
ALEJANDRA PAREDES;RICARDO HONG CHEN;M;MEDICO;MIN;OBRERO;SANTA CRUZ;;;;SEM 3 VIE AM;;175;False;SCZ ALEJANDRA PAREDES KARDEX SEP 2026.xlsx
ALEJANDRA PAREDES;DR. RICARDO MORALES;M;MEDICO;NEF;HOSPITAL OBRERO 400 CAMAS HEMODIALISIS;SANTA CRUZ;78487770;;B;SEM 4 MIE AM;;222;False;SCZ ALEJANDRA PAREDES KARDEX SEP 2026.xlsx
ALEJANDRA PAREDES;RICHARD VARGAS;M;MEDICO;MIN;HOSP. PAMPA DE LA ISLA CAM. MONTECRISTO CONSULTORIO 11;SANTA CRUZ;70052686;;A;SEM 2 MIE AM;Do1956;102;False;SCZ ALEJANDRA PAREDES KARDEX SEP 2026.xlsx
ALEJANDRA PAREDES;ROBERTO CARLOS ROJAS JUSTINIANO;M;MEDICO;NEU;HOSPITAL OBRERO 400 CAMAS consultorio 7;SANTA CRUZ;78459391;;B;SEM 1 MAR AM;;20;False;SCZ ALEJANDRA PAREDES KARDEX SEP 2026.xlsx
ALEJANDRA PAREDES;ROCIO SALAZAR;F;MEDICO;GOB;AV. IRALA ENTRE MJ SANTIESTEBAN Y DIEGO DE MENDOZA;SANTA CRUZ;75540317;;A;SEM 1 MIE AM;Do2413;33;True;SCZ ALEJANDRA PAREDES KARDEX SEP 2026.xlsx
ALEJANDRA PAREDES;RONALD BALCAZAR;M;MEDICO;MGE;CRUZ ROJA CALLE QUIJARO-247;SANTA CRUZ;0;;C;SEM 2 VIE AM;Do774;126;False;SCZ ALEJANDRA PAREDES KARDEX SEP 2026.xlsx
ALEJANDRA PAREDES;RONALD J. PEREIRA REYNOLDS;M;MEDICO;NEM;HOSPITAL OBRERO 400 CAMAS 6to piso;SANTA CRUZ;70952920;;A;SEM 2 LUN AM;;74;False;SCZ ALEJANDRA PAREDES KARDEX SEP 2026.xlsx
ALEJANDRA PAREDES;DR. RONNY ZELADA RIVERO;M;MEDICO;GAS;OBRERO/ALEJANDRA;SANTA CRUZ;0;;A;SEM 2 LUN AM;Do1091;62;False;SCZ KEILA ESPINOZA KARDEX BELEN SEP 2026.xlsx
ALEJANDRA PAREDES;ROSARIO ZURITA;;MEDICO;GAS;HOSPITAL JAPONES 3ER ANILLO EXTERNO PISO 3;SANTA CRUZ;77642500;;A;SEM 2 MAR PM;Do3407;94;True;SCZ ALEJANDRA PAREDES KARDEX SEP 2026.xlsx
ALEJANDRA PAREDES;ROSTEYDI BRICHER GAMBOA;;MEDICO;EME;HOSPITAL OBRERO 400 CAMAS EMERGENCIAS;SANTA CRUZ;75709609;;C;SEM 4 LUN PM;;194;False;SCZ ALEJANDRA PAREDES KARDEX SEP 2026.xlsx
ALEJANDRA PAREDES;RUBEN CASANOVA A.;M;MEDICO;MIN;HOSPITAL JAPONES 3ER ANILLO EXTERNO PISO 2 MEDICINA INTERNA;SANTA CRUZ;70080294;;C;SEM 4 MAR PM;Do2814*;212;False;SCZ ALEJANDRA PAREDES KARDEX SEP 2026.xlsx
ALEJANDRA PAREDES;RUZENA DULVILLAR CAMBONI;;MEDICO;PED;CNS IRALA;SANTA CRUZ;0;;;SEM 1 MIE AM;Do2436;30;False;SCZ ALEJANDRA PAREDES KARDEX SEP 2026.xlsx
ALEJANDRA PAREDES;SABINO JIMENEZ VARGAS;;MEDICO;CAR VAS;HOSPITAL OBRERO 400 CAMAS PISO 3;SANTA CRUZ;;;B;SEM 3 VIE AM;;178;False;SCZ ALEJANDRA PAREDES KARDEX SEP 2026.xlsx
ALEJANDRA PAREDES;SANDIVE MAMANI CH.;;MEDICO;GOB;HM PLAN 3000 MERCADO LOS POCITOS CONSULTORIO 11;SANTA CRUZ;78142761;;C;SEM 4 JUE AM;Do1677;234;True;SCZ ALEJANDRA PAREDES KARDEX SEP 2026.xlsx
ALEJANDRA PAREDES;SEBASTIAN GARCIA;M;MEDICO;MIN;JAPONES;SANTA CRUZ;0;;;SEM 2 MAR PM;;92;False;SCZ ALEJANDRA PAREDES KARDEX SEP 2026.xlsx
ALEJANDRA PAREDES;SERGIO ROCA AÑEZ;M;MEDICO;MGE;CRUZ ROJA CALLE QUIJARO-247;SANTA CRUZ;69180004;;C;SEM 2 VIE AM;Do10;127;True;SCZ ALEJANDRA PAREDES KARDEX SEP 2026.xlsx
ALEJANDRA PAREDES;SILVIA ESTEFANI CARDENA PANIAGUA;F;MEDICO;NEU;HOSPITAL JAPONES 3ER ANILLO EXTERNO PISO 3;SANTA CRUZ;76700513;;C;SEM 2 MAR AM;Do440;86;False;SCZ ALEJANDRA PAREDES KARDEX SEP 2026.xlsx
ALEJANDRA PAREDES;SILVIA ESTEFANI CARDENAS PANIAGUA;F;MEDICO;NEU;HOSPITAL JAPONES 3ER ANILLO EXTERNO PISO 4;SANTA CRUZ;76700513;;C;SEM 4 MAR PM;;213;False;SCZ ALEJANDRA PAREDES KARDEX SEP 2026.xlsx
ALEJANDRA PAREDES;SONIA CARBAJAL G.;F;MEDICO;GOB;CNS IRALA;SANTA CRUZ;0;;;SEM 1 MIE AM;Do2436*;31;True;SCZ ALEJANDRA PAREDES KARDEX SEP 2026.xlsx
ALEJANDRA PAREDES;SONIA RODRIGUEZ FLORES;F;MEDICO;GOB;CLINICA BETHEL CALLE QUIJARRO;SANTA CRUZ;79785437;;C;SEM 2 VIE PM;Do972;131;False;SCZ ALEJANDRA PAREDES KARDEX SEP 2026.xlsx
ALEJANDRA PAREDES;TERESA ZUNA A.;F;MEDICO;PED;PROSALUD ALEMANA AV. ALEMANA CENTRO MEDICO CPNSULTORIO 4;SANTA CRUZ;75016992;;C;SEM 3 MIE AM;;161;False;SCZ ALEJANDRA PAREDES KARDEX SEP 2026.xlsx
ALEJANDRA PAREDES;TEREZA PABLITA ESCALANTE VARGAS;;MEDICO;GOB;CONS.PRIVADO AV. MUTUALISTA C. SALVATIERRA;SANTA CRUZ;76019025;;A;SEM 4 VIE PM;Do3823;10969;True;SCZ ALEJANDRA PAREDES KARDEX SEP 2026.xlsx
ALEJANDRA PAREDES;TOMAS W. GUAJIRA VIDES;;MEDICO;URO;CNS IRALA;SANTA CRUZ;0;;;SEM 1 MIE AM;Do3173;32;True;SCZ ALEJANDRA PAREDES KARDEX SEP 2026.xlsx
ALEJANDRA PAREDES;VALERIA TERRAZAS;F;MEDICO;MIN;HM VILLA PRIMERO DE MAYO AV. LA TRADICION PISO 1 MEDICINA INTERNA;SANTA CRUZ;69243534;;C;SEM 4 LUN AM;Do765;190;False;SCZ ALEJANDRA PAREDES KARDEX SEP 2026.xlsx
ALEJANDRA PAREDES;VANESSA DANIELLE JORDAN LEDEZMA;;MEDICO;EST;AV. MARCELO TERCEROS BANZER CALLE LAS BEGONIAS;SANTA CRUZ;69143422;;A;SEM 4 VIE PM;Do2462;10974;True;SCZ ALEJANDRA PAREDES KARDEX SEP 2026.xlsx
ALEJANDRA PAREDES;VANIA VILLABA AGUILAR;;MEDICO;GOB;CLINICA VIERA;SANTA CRUZ;0;;;SEM 2 MIE AM;Do4539;104;False;SCZ ALEJANDRA PAREDES KARDEX SEP 2026.xlsx
ALEJANDRA PAREDES;VICENTE ARTUNAUGUA C;M;MEDICO;MFA;CIMFA CENTRAL;SANTA CRUZ;0;;;SEM 2 MIE PM;Do345;109;False;SCZ ALEJANDRA PAREDES KARDEX SEP 2026.xlsx
ALEJANDRA PAREDES;VICTOR A. FERRUFINO DAZA;M;MEDICO;MGE;HM VILLA;SANTA CRUZ;;;;SEM 4 LUN PM;Do1627;195;True;SCZ ALEJANDRA PAREDES KARDEX SEP 2026.xlsx
ALEJANDRA PAREDES;VICTOR HUGO GUZMAN;M;MEDICO;CIR;CAJA DE CAMINOS;SANTA CRUZ;;;;SEM 4 MIE PM;Do2301;226;True;SCZ ALEJANDRA PAREDES KARDEX SEP 2026.xlsx
ALEJANDRA PAREDES;VICTOR SOLIZ;M;MEDICO;CIR;CLINICA BETHEL CALLE QUIJARRO;SANTA CRUZ;70843355;;C;SEM 2 VIE PM;Do1790;133;False;SCZ ALEJANDRA PAREDES KARDEX SEP 2026.xlsx
ALEJANDRA PAREDES;VICTORIA MAMANI;F;MEDICO;GAS;HOSPITAL JAPONES 3ER ANILLO EXTERNO CONSULTORIO 12;SANTA CRUZ;72603249;;C;SEM 2 MAR AM;Do1206*;87;True;SCZ ALEJANDRA PAREDES KARDEX SEP 2026.xlsx
ALEJANDRA PAREDES;VILLAMED;;MEDICO;CONSULTORIO VILLAMED;CENTRO VILLAMED C. HUACARAJE;SANTA CRUZ;71092001;;B;SEM 3 JUE PM;Do839;170;True;SCZ ALEJANDRA PAREDES KARDEX SEP 2026.xlsx
ALEJANDRA PAREDES;VIVIAN MELENDRES;F;MEDICO;GOB;CLINICA MELENDRES;SANTA CRUZ;71322800;;B;SEM 3 VIE PM;Do2168;182;False;SCZ ALEJANDRA PAREDES KARDEX SEP 2026.xlsx
ALEJANDRA PAREDES;WALTER B. FLORES;M;MEDICO;MIN;JAPONES;SANTA CRUZ;0;;;SEM 2 MAR PM;;93;False;SCZ ALEJANDRA PAREDES KARDEX SEP 2026.xlsx
ALEJANDRA PAREDES;WENDY IBAÑEZ;F;MEDICO;HEM;HOSPITAL OBRERO 400 CAMAS 6to piso;SANTA CRUZ;71521166;;A;SEM 1 VIE AM;;58;False;SCZ ALEJANDRA PAREDES KARDEX SEP 2026.xlsx
ALEJANDRA PAREDES;WENDY VALENCIA TAPIA;F;MEDICO;GOB;CLINICA CIES ALEMANA AV 3ER ANILLO INTERNO consultorio 9$SINEC;SANTA CRUZ;70241701;;C;SEM 1 MAR PM;Do2436;23;False;SCZ ALEJANDRA PAREDES KARDEX SEP 2026.xlsx
ALEJANDRA PAREDES;WILSON ONISLU S;M;MEDICO;TRA;OBRERO;SANTA CRUZ;0;;;SEM 2 LUN AM;;73;False;SCZ ALEJANDRA PAREDES KARDEX SEP 2026.xlsx
ALEJANDRA PAREDES;XIMENA PEREZ MOBTECINOS;F;MEDICO;PED;PROSALUD ALEMANA AV. ALEMANA CONSULTORIO 4;SANTA CRUZ;68930148;;C;SEM 3 MIE AM;;159;False;SCZ ALEJANDRA PAREDES KARDEX SEP 2026.xlsx
ALEJANDRA PAREDES;XIMENA VIDANGOS PARDO;F;MEDICO;GOB;KM10;SANTA CRUZ;0;;;SEM 3 LUN AM;;142;False;SCZ ALEJANDRA PAREDES KARDEX SEP 2026.xlsx
ALEJANDRA PAREDES;YANDIRA TORDOYA BEJARANO;;MEDICO;GOB;CLINICA BRASIL 3ER ANILLO EXTERNO PLANTA BAJA CONSULTORIO 2;SANTA CRUZ;76811495;;B;SEM 2 LUN PM;Do1289;80;False;SCZ ALEJANDRA PAREDES KARDEX SEP 2026.xlsx
ALEJANDRA PAREDES;YBLIN VIRGUEZ;;MEDICO;NEM;SINEC;SANTA CRUZ;0;;;SEM 1 JUE PM;;56;False;SCZ ALEJANDRA PAREDES KARDEX SEP 2026.xlsx
ALEJANDRA PAREDES;YESENIA CARROZO A.;;MEDICO;MGE;HM VILLA;SANTA CRUZ;;;;SEM 4 LUN PM;Do1384;196;False;SCZ ALEJANDRA PAREDES KARDEX SEP 2026.xlsx
ALEJANDRA PAREDES;YESENIA Y.PALMAR;;MEDICO;MGE;HM VILLA;SANTA CRUZ;;;;SEM 4 LUN PM;Do1904;197;True;SCZ ALEJANDRA PAREDES KARDEX SEP 2026.xlsx
ALEJANDRA PAREDES;YEXICA NEGRETE JUSTINIANO;;MEDICO;CIR;CAJA DE CAMINOS AV.GUAPAY CONSULTORIO 8;SANTA CRUZ;69268888;;C;SEM 4 MIE PM;Do2771;225;True;SCZ ALEJANDRA PAREDES KARDEX SEP 2026.xlsx
ALEJANDRA PAREDES;YRIANNIS CASTILLO;;MEDICO;PED;MEDICAL NORTE;SANTA CRUZ;;;;SEM 4 MAR AM;;201;False;SCZ ALEJANDRA PAREDES KARDEX SEP 2026.xlsx
ALEJANDRA PAREDES;YUNIESKI RODRÍGUEZ ACOSTA;;MEDICO;CAR;CLÍNICA DEL HÍGADO;SANTA CRUZ;0;;;SEM 2 MIE PM;Do214;110;False;SCZ ALEJANDRA PAREDES KARDEX SEP 2026.xlsx
CONSUELO MUÑOZ;DR. ALAN ORTEGA MEDINA;M;MEDICO;MIN;CLINICA MARTIN DOCKWEILLER;SANTA CRUZ;72452163;;C;SEM 4    JUE AM;;155;False;SCZ CONSUELO MUÑOZ KARDEX SEP 2026.xlsx
CONSUELO MUÑOZ;DRA. ALPIRE IRENE;F;MEDICO;HEM;INSTITUTO ONCOLOGICO DEL ORIENTE;SANTA CRUZ;69025525;;C;SEM 2  JUE PM;Do1668;84;True;SCZ CONSUELO MUÑOZ KARDEX SEP 2026.xlsx
CONSUELO MUÑOZ;DR. ALVARO LLOBET;M;MEDICO;TRA;CLINICA RENGEL- AV. BALLIVIAN;SANTA CRUZ;70793184;;B;SEM 2  MAR AM;Do4214;62;False;SCZ CONSUELO MUÑOZ KARDEX SEP 2026.xlsx
CONSUELO MUÑOZ;DR. ALVARO MORALES MERCADO;M;MEDICO;COL;CON. PRIV. - C. LOS TAROPES 53;SANTA CRUZ;78080582;;A;SEM 1 LUN PM;Do2301;6;True;SCZ CONSUELO MUÑOZ KARDEX SEP 2026.xlsx
CONSUELO MUÑOZ;DR. AMADO MOLE CHOLIMA 9-12;M;MEDICO;URO;CLINICA SIRANI;SANTA CRUZ;76307474;;B;SEM 2  LUN AM;Do1759;52;False;SCZ CONSUELO MUÑOZ KARDEX SEP 2026.xlsx
CONSUELO MUÑOZ;DRA. ANA MARIA PANOZO;F;MEDICO;HEM;CLINICA MARTIN DOCKWEILLER;SANTA CRUZ;78291555;;A;SEM 4    MAR AM;;140;False;SCZ CONSUELO MUÑOZ KARDEX SEP 2026.xlsx
CONSUELO MUÑOZ;ANDREA BADANY;F;MEDICO;PED;HOSP. DE NIÑOS MARIO ORTIZ;SANTA CRUZ;77480001;;A;SEM 1 MAR PM;Do1760;15;True;SCZ CONSUELO MUÑOZ KARDEX SEP 2026.xlsx
CONSUELO MUÑOZ;DRA. ANGELICA VERA CUELLAR;F;MEDICO;GOB;ECOMEDIC C. CUELLAR 518;SANTA CRUZ;77635647;;B;SEM 4    MAR AM;;137;False;SCZ CONSUELO MUÑOZ KARDEX SEP 2026.xlsx
CONSUELO MUÑOZ;DR. ANTONIO LITT BARRANCOS;M;MEDICO;CIR;CLI. SANTIAGO APOSTOL - EL TORNO;SANTA CRUZ;73113199;;C;SEM 3   MIE PM;Do1364;114;False;SCZ CONSUELO MUÑOZ KARDEX SEP 2026.xlsx
CONSUELO MUÑOZ;DR. ARTURO SUAREZ   AM;M;MEDICO;GAS;CENTRO MEDICO FOIANINI;SANTA CRUZ;70377555;;C;SEM 2  LUN AM;Do556;54;False;SCZ CONSUELO MUÑOZ KARDEX SEP 2026.xlsx
CONSUELO MUÑOZ;DRA. ASTRID C. FREITAS S.;F;MEDICO;GOB;CLINICA PERINAT;SANTA CRUZ;69020253;;B;SEM 4    MIE AM;;147;False;SCZ CONSUELO MUÑOZ KARDEX SEP 2026.xlsx
CONSUELO MUÑOZ;DRA. BEATRIZ SALDAÑA;F;MEDICO;GIN;CLI. SANTIAGO APOSTOL - EL TORNO;SANTA CRUZ;;;B;SEM 3   MIE PM;Do1206*;113;True;SCZ CONSUELO MUÑOZ KARDEX SEP 2026.xlsx
CONSUELO MUÑOZ;DR. BISMARK M. GUTIERREZ;M;MEDICO;UTI;HOSP. DE NIÑOS MARIO ORTIZ;SANTA CRUZ;73055846;;B;SEM 1 MAR PM;Do59;18;False;SCZ CONSUELO MUÑOZ KARDEX SEP 2026.xlsx
CONSUELO MUÑOZ;DR. BRIAN RALDES PACHECO;M;MEDICO;CIR;C.S WILLIE LEMEITRE;SANTA CRUZ;79822253;;A;SEM 1 MIE AM;Do4924;23;True;SCZ CONSUELO MUÑOZ KARDEX SEP 2026.xlsx
CONSUELO MUÑOZ;DR. CARLOS BERNACHI 9 - 11 AM;M;MEDICO;CIR;HOSP. DE NIÑOS MARIO ORTIZ;SANTA CRUZ;;;C;SEM 4    VIE AM;;164;False;SCZ CONSUELO MUÑOZ KARDEX SEP 2026.xlsx
CONSUELO MUÑOZ;DR. CARLOS F. SILES;M;MEDICO;GOB;DERMOBELLA PISO 5-EQUIPETROL NORTE;SANTA CRUZ;76002246;;A;SEM 1 MIE PM;Do180;28;False;SCZ CONSUELO MUÑOZ KARDEX SEP 2026.xlsx
CONSUELO MUÑOZ;DR. CARLOS PAZ  5 . 11-13 AM;M;MEDICO;INF;HOSP. DE NIÑOS MARIO ORTIZ;SANTA CRUZ;77339213;;B;SEM 4    VIE AM;;165;False;SCZ CONSUELO MUÑOZ KARDEX SEP 2026.xlsx
CONSUELO MUÑOZ;CARLOS PAZ ROMAN;M;MEDICO;INF PED;HOSP. DE NIÑOS MARIO ORTIZ;SANTA CRUZ;77339213;;B;SEM 1 MAR AM;Do968;8;False;SCZ CONSUELO MUÑOZ KARDEX SEP 2026.xlsx
CONSUELO MUÑOZ;DRA. CAROLINA ARRIETA;F;MEDICO;MIN;CENTRO MEDICO FOIANINI;SANTA CRUZ;67814787;;B;SEM 2  LUN AM;Do2436*;48;True;SCZ CONSUELO MUÑOZ KARDEX SEP 2026.xlsx
CONSUELO MUÑOZ;DRA. CAROLINA SILVIA KHOLER;F;MEDICO;GAS;CLINICA FOIANINI;SANTA CRUZ;75647698;;C;SEM 2  LUN PM;Do933;61;False;SCZ CONSUELO MUÑOZ KARDEX SEP 2026.xlsx
CONSUELO MUÑOZ;CHARLY F. OPORTO COSSIO;;MEDICO;ONC;CLI. MEDICAL CENTER NEUROCENTER-AV. CRISTO REDENTOR 3732;SANTA CRUZ;78121803;;A;SEM 1 VIE AM;Do4225;44;False;SCZ CONSUELO MUÑOZ KARDEX SEP 2026.xlsx
CONSUELO MUÑOZ;DR. CHRISTIAN APAZA;M;MEDICO;GOB;NEOMEDIC-AV. MARCELO TERCEROS ENTRE LOS TUCANES Y LOS TORDOS;SANTA CRUZ;69004413;;C;SEM 3   LUN AM;Do4808;98;True;SCZ CONSUELO MUÑOZ KARDEX SEP 2026.xlsx
CONSUELO MUÑOZ;CLAUDIA CECILIA BURELA;;MEDICO;EME;INSTITUTO ONCOLOGICO DEL ORIENTE;SANTA CRUZ;79482604;;C;SEM 3   LUN PM;Do1152;100;False;SCZ CONSUELO MUÑOZ KARDEX SEP 2026.xlsx
CONSUELO MUÑOZ;DRA. CLAUDIA CECILIA BURELA VILER;F;MEDICO;EME;INSTITUTO ONCOLOGICO DEL ORIENTE;SANTA CRUZ;79482604;;A;SEM 1 LUN PM;Do1586;5;True;SCZ CONSUELO MUÑOZ KARDEX SEP 2026.xlsx
CONSUELO MUÑOZ;DRA. CLAUDIA GUZMAN PEREZ;F;MEDICO;MIN;CLINICA FOIANINI 13.40 HRS;SANTA CRUZ;77901436;;C;SEM 2  MAR PM;Do3198;69;True;SCZ CONSUELO MUÑOZ KARDEX SEP 2026.xlsx
CONSUELO MUÑOZ;DRA. DANIELA BELTRAN;F;MEDICO;NEF;HOSP. MATERNO INFANTIL;SANTA CRUZ;76976555;;A;SEM 2  VIE AM;Do1870;91;False;SCZ CONSUELO MUÑOZ KARDEX SEP 2026.xlsx
CONSUELO MUÑOZ;DRA. DANIELA CUBA;F;MEDICO;MGE;CLINICA AUDICION;SANTA CRUZ;62839453;;A;SEM 1 MIE AM;Do1790;21;False;SCZ CONSUELO MUÑOZ KARDEX SEP 2026.xlsx
CONSUELO MUÑOZ;DRA. DANIELA MENDIZABAL;F;MEDICO;MIN;CLINICA FOIANINI;SANTA CRUZ;76945010;;C;SEM 2  LUN PM;Do1693*;58;True;SCZ CONSUELO MUÑOZ KARDEX SEP 2026.xlsx
CONSUELO MUÑOZ;DR. DAVID MEDINA HERRERA;M;MEDICO;MIN;HOSP. MATERNO INFANTIL;SANTA CRUZ;70997897;;A;SEM 2  VIE AM;Do3;92;True;SCZ CONSUELO MUÑOZ KARDEX SEP 2026.xlsx
CONSUELO MUÑOZ;DAVID RUBIN DE CELIS;M;MEDICO;URO;CLINICA RENGEL- AV. BALLIVIAN;SANTA CRUZ;72698385;;A;SEM 2  MAR AM;Do4442;66;True;SCZ CONSUELO MUÑOZ KARDEX SEP 2026.xlsx
CONSUELO MUÑOZ;DE. TITO BARZOLA;M;MEDICO;CIR PLAS;ENTRE AV. SAN MARTIN Y ENRIQUE FINOT;SANTA CRUZ;70025222;;A;SEM 3   MAR PM;Do1956;109;False;SCZ CONSUELO MUÑOZ KARDEX SEP 2026.xlsx
CONSUELO MUÑOZ;DENISSE SEMPERTEGUI;;MEDICO;CIR;HOSP. DE NIÑOS MARIO ORTIZ;SANTA CRUZ;67817836;;A;SEM 1 MAR PM;Do345;17;False;SCZ CONSUELO MUÑOZ KARDEX SEP 2026.xlsx
CONSUELO MUÑOZ;DR. DILMAR HUAYGUA;M;MEDICO;GOB;EMBRIOVID;SANTA CRUZ;73465317;;A;SEM 4    JUE AM;;153;False;SCZ CONSUELO MUÑOZ KARDEX SEP 2026.xlsx
CONSUELO MUÑOZ;DIYOLA GOMEZ;;MEDICO;MIN;CLINICA MEDICMEL - KM9;SANTA CRUZ;60035925;;C;SEM 3   JUE AM;;121;False;SCZ CONSUELO MUÑOZ KARDEX SEP 2026.xlsx
CONSUELO MUÑOZ;DOLLY QUISPE;;MEDICO;PED;HOSP. DE NIÑOS MARIO ORTIZ;SANTA CRUZ;;;C;SEM 1 MAR AM;Do835;9;False;SCZ CONSUELO MUÑOZ KARDEX SEP 2026.xlsx
CONSUELO MUÑOZ;DRA. DORA SAUCEDO SAUCEDO;F;MEDICO;EST;DERMAVIE-BUSCH C.3 150;SANTA CRUZ;77352937;;A;SEM 1 VIE PM;Do2436;47;False;SCZ CONSUELO MUÑOZ KARDEX SEP 2026.xlsx
CONSUELO MUÑOZ;DR. EDGAR QUISPE QUISPE;M;MEDICO;NEU;NIÑO JESUS  4TO PISO;SANTA CRUZ;;;C;SEM 1 LUN PM;Do2413;3;True;SCZ CONSUELO MUÑOZ KARDEX SEP 2026.xlsx
CONSUELO MUÑOZ;DR. EDSON CEJAS;M;MEDICO;MIN;CLINICA MARTIN DOCKWEILLER;SANTA CRUZ;0;;C;SEM 2  JUE PM;Do492;85;False;SCZ CONSUELO MUÑOZ KARDEX SEP 2026.xlsx
CONSUELO MUÑOZ;DR. EDUARDO CHURQUI;M;MEDICO;NEF;HOSP. MATERNO INFANTIL;SANTA CRUZ;79005013;;C;SEM 4    LUN PM;;135;False;SCZ CONSUELO MUÑOZ KARDEX SEP 2026.xlsx
CONSUELO MUÑOZ;ELIANA NARVAEZ CARDONA;F;MEDICO;EME;HOSP. PERCY BOLAND;SANTA CRUZ;72617976;;C;SEM 4    LUN AM;;131;False;SCZ CONSUELO MUÑOZ KARDEX SEP 2026.xlsx
CONSUELO MUÑOZ;DRA. ELIANA ORTUÑO 5-6;F;MEDICO;PED;CLINICA MARTIN DOCKWEILLER;SANTA CRUZ;79387490;;C;SEM 2  JUE PM;Do895;87;False;SCZ CONSUELO MUÑOZ KARDEX SEP 2026.xlsx
CONSUELO MUÑOZ;DRA. ELIANA VEGA BARBATO;F;MEDICO;MIN;CLINICA GALENICA-AV. LA SALLE;SANTA CRUZ;76348949;;A;SEM 3   LUN AM;Do1542;94;True;SCZ CONSUELO MUÑOZ KARDEX SEP 2026.xlsx
CONSUELO MUÑOZ;DRA. ELIZABETH CRESPO;F;MEDICO;NEU;CLI. MEDICAL CENTER NEUROCENTER-AV. CRISTO REDENTOR 3733;SANTA CRUZ;79979432;;B;SEM 1 VIE AM;Do4225*;45;True;SCZ CONSUELO MUÑOZ KARDEX SEP 2026.xlsx
CONSUELO MUÑOZ;DRA. ELIZABETH RIVERO;F;MEDICO;ONC;CENTRO MEDICO FOIANINI;SANTA CRUZ;70377555;;C;SEM 2  LUN PM;Do2642;55;False;SCZ CONSUELO MUÑOZ KARDEX SEP 2026.xlsx
CONSUELO MUÑOZ;DR. ELOY FERNANDO AVILA;M;MEDICO;GOB;AV. SANMARTIN- SALVADOR C- J;SANTA CRUZ;72190266;;B;SEM 4    MAR PM;;141;False;SCZ CONSUELO MUÑOZ KARDEX SEP 2026.xlsx
CONSUELO MUÑOZ;DR. ERIC ARNEZ DEL RIO;M;MEDICO;MIN;CLINICA MARTIN DOCKWEILLER;SANTA CRUZ;77611761;;A;SEM 2  MIE PM;Do3779;76;True;SCZ CONSUELO MUÑOZ KARDEX SEP 2026.xlsx
CONSUELO MUÑOZ;DR. ERIK ARRAZOLA;M;MEDICO;GOB;INSTITUTO DE SALUD REPRODUCTIVA;SANTA CRUZ;69050912;;B;SEM 3   MAR PM;Do2589;108;False;SCZ CONSUELO MUÑOZ KARDEX SEP 2026.xlsx
CONSUELO MUÑOZ;DRA. ERIKA MENDIETA;F;MEDICO;MIN;CLINICA MEDICMEL - KM9;SANTA CRUZ;;;C;SEM 3   JUE AM;;124;False;SCZ CONSUELO MUÑOZ KARDEX SEP 2026.xlsx
CONSUELO MUÑOZ;DRA. EVELYN LAGUNA;F;MEDICO;INF;HOSP. MATERNO INFANTIL;SANTA CRUZ;60885139;;B;SEM 4    LUN AM;;133;False;SCZ CONSUELO MUÑOZ KARDEX SEP 2026.xlsx
CONSUELO MUÑOZ;FABIAN E. PEREIRA M;M;MEDICO;PED;CAJA BANCARIA- AV. LA SALLE;SANTA CRUZ;76050779;;B;SEM 3   LUN AM;Do4966;99;True;SCZ CONSUELO MUÑOZ KARDEX SEP 2026.xlsx
CONSUELO MUÑOZ;DR. FELICIANO CALDERON;M;MEDICO;CIR;C.S SAN LUIS;SANTA CRUZ;75358164;;A;SEM 3   MAR PM;Do1304;107;False;SCZ CONSUELO MUÑOZ KARDEX SEP 2026.xlsx
CONSUELO MUÑOZ;DR. FERNANDO MARTINEZ;M;MEDICO;GAS;CLINICA RENGEL- AV. BALLIVIAN;SANTA CRUZ;70793184;;A;SEM 2  MAR AM;Do774;64;False;SCZ CONSUELO MUÑOZ KARDEX SEP 2026.xlsx
CONSUELO MUÑOZ;DR. FERNANDO MEJIA ESPINOZA;M;MEDICO;NEF;CLINICA MARTIN DOCKWEILLER;SANTA CRUZ;77047490;;A;SEM 4    JUE AM;;154;False;SCZ CONSUELO MUÑOZ KARDEX SEP 2026.xlsx
CONSUELO MUÑOZ;DR. FERNANDO USCAMAITA;M;MEDICO;NEF;HOSP. MATERNO INFANTIL;SANTA CRUZ;71681504;;C;SEM 4    LUN AM;;132;False;SCZ CONSUELO MUÑOZ KARDEX SEP 2026.xlsx
CONSUELO MUÑOZ;DR. FRANKLIN AYALA POMA;M;MEDICO;MIN;CLINICA MARTIN DOCKWEILLER - PISO 3;SANTA CRUZ;;;C;SEM 2  MIE AM;Do3837;74;True;SCZ CONSUELO MUÑOZ KARDEX SEP 2026.xlsx
CONSUELO MUÑOZ;DRA. GABRIELA CALVIMONTE;F;MEDICO;EME;CLINICA FOIANINI 14 HRS;SANTA CRUZ;77901436;;C;SEM 2  MAR PM;Do572;70;False;SCZ CONSUELO MUÑOZ KARDEX SEP 2026.xlsx
CONSUELO MUÑOZ;GABRIELA KARLOTY CASTRO;F;MEDICO;PED;HOSP. DE NIÑOS MARIO ORTIZ;SANTA CRUZ;77480001;;B;SEM 1 MAR PM;Do2316;16;False;SCZ CONSUELO MUÑOZ KARDEX SEP 2026.xlsx
CONSUELO MUÑOZ;DRA. GABRIELA ZEBALLOS 2-5 PM;F;MEDICO;CIR;HOSP. DE NIÑOS MARIO ORTIZ;SANTA CRUZ;78811187;;C;SEM 4    VIE AM;;163;False;SCZ CONSUELO MUÑOZ KARDEX SEP 2026.xlsx
CONSUELO MUÑOZ;DRA. GAIL BRENDA VILLAGOMEZ;F;MEDICO;PED;INSTITUTO ONCOLOGICO DEL ORIENTE;SANTA CRUZ;65852329;;A;SEM 3   MAR PM;Do1345;110;False;SCZ CONSUELO MUÑOZ KARDEX SEP 2026.xlsx
CONSUELO MUÑOZ;DR. GERARDO FREDY ROJAS ALBA;M;MEDICO;HEM;HOSP. MATERNO INFANTIL;SANTA CRUZ;79068608;;B;SEM 1 MAR AM;Do1467*;14;True;SCZ CONSUELO MUÑOZ KARDEX SEP 2026.xlsx
CONSUELO MUÑOZ;GERARDO ROJAS ALBA;M;MEDICO;ONC;HOSP. MATERNO INFANTIL;SANTA CRUZ;76976555;;B;SEM 2  VIE AM;Do1985;90;True;SCZ CONSUELO MUÑOZ KARDEX SEP 2026.xlsx
CONSUELO MUÑOZ;DR. GERMAN QUEVEDO P.;M;MEDICO;CIR PED;CLINICA CRECER - REPUBLIQUETAS;SANTA CRUZ;;;C;SEM 3   VIE AM;;128;False;SCZ CONSUELO MUÑOZ KARDEX SEP 2026.xlsx
CONSUELO MUÑOZ;DRA. GLORIA SUSANA AYALA;F;MEDICO;MGE;CONSULTORIO AYALA-TAPIOSI 116;SANTA CRUZ;70977528;;A;SEM 3   LUN PM;Do1558;103;False;SCZ CONSUELO MUÑOZ KARDEX SEP 2026.xlsx
CONSUELO MUÑOZ;DR. GROVER CAVA 9-11;M;MEDICO;GOB;CLINICA SIRANI;SANTA CRUZ;78444438;;A;SEM 2  LUN AM;Do1265;51;False;SCZ CONSUELO MUÑOZ KARDEX SEP 2026.xlsx
CONSUELO MUÑOZ;DR. GUEIDER SALAS FUENTES;M;MEDICO;NEU;CENTRO MEDICO FOIANINI;SANTA CRUZ;70810454;;C;SEM 2  MAR PM;Do846*;72;False;SCZ CONSUELO MUÑOZ KARDEX SEP 2026.xlsx
CONSUELO MUÑOZ;DR. GUILLERMO PRUDENCIO;M;MEDICO;CIR;CLINICA FOIANINI;SANTA CRUZ;69098300;;A;SEM 1 LUN PM;Do3848;4;True;SCZ CONSUELO MUÑOZ KARDEX SEP 2026.xlsx
CONSUELO MUÑOZ;GUISELA ZEBALLOS;F;MEDICO;NEF;CLINICA RENGEL- AV. BALLIVIAN;SANTA CRUZ;77901436;;C;SEM 2  MAR AM;Do1327;67;False;SCZ CONSUELO MUÑOZ KARDEX SEP 2026.xlsx
CONSUELO MUÑOZ;DR. HENRRY FLORES;M;MEDICO;TRA;CLINICA MARTIN DOCKWEILLER;SANTA CRUZ;77936677;;A;SEM 2  MIE PM;Do551;77;False;SCZ CONSUELO MUÑOZ KARDEX SEP 2026.xlsx
CONSUELO MUÑOZ;HUMBERTO VELASCO;M;MEDICO;CIR;HOSP. COSSMIL - C. SARA;SANTA CRUZ;67966678;;C;SEM 1 LUN AM;Do2494*;1;True;SCZ CONSUELO MUÑOZ KARDEX SEP 2026.xlsx
CONSUELO MUÑOZ;DRA. IN KIM;F;MEDICO;GOB;ENBRIOVID;SANTA CRUZ;72111717;;C;SEM 4    JUE AM;;152;False;SCZ CONSUELO MUÑOZ KARDEX SEP 2026.xlsx
CONSUELO MUÑOZ;DR. INEZIL AYAVIRI;M;MEDICO;NEM;AV. SUCRE ENTRE TARIJA Y COBIJA;SANTA CRUZ;79877835;;A;SEM 1 MIE PM;Do2993;27;True;SCZ CONSUELO MUÑOZ KARDEX SEP 2026.xlsx
CONSUELO MUÑOZ;DRA. INGRID GUZMAN C.;F;MEDICO;GOB;CLINICA PERINAT;SANTA CRUZ;77004079;;B;SEM 4    MIE AM;;146;False;SCZ CONSUELO MUÑOZ KARDEX SEP 2026.xlsx
CONSUELO MUÑOZ;DRA. INGRIT R. ECHEVARRIA BILBAO;F;MEDICO;MIN;INSTITUTO ONCOLOGICO DEL ORIENTE;SANTA CRUZ;;;A;SEM 1 MIE AM;Do507;26;False;SCZ CONSUELO MUÑOZ KARDEX SEP 2026.xlsx
CONSUELO MUÑOZ;DR. J. GABRIEL MOYA 3 - 6;M;MEDICO;CIR;CLINICA SIRANI;SANTA CRUZ;68405533;;C;SEM 2  LUN AM;Do1038;50;False;SCZ CONSUELO MUÑOZ KARDEX SEP 2026.xlsx
CONSUELO MUÑOZ;JACKELIN SUAZNBER LOAYZA;;MEDICO;GOB;C.S WILLY LEMAITRE;SANTA CRUZ;60919875;;C;SEM 4    VIE PM;;166;False;SCZ CONSUELO MUÑOZ KARDEX SEP 2026.xlsx
CONSUELO MUÑOZ;DRA. JACKELINE SUAZNABER LOAYZA;F;MEDICO;GOB;C.S WILLIE LEMEITRE;SANTA CRUZ;60919875;;A;SEM 1 MIE AM;Do1289;24;False;SCZ CONSUELO MUÑOZ KARDEX SEP 2026.xlsx
CONSUELO MUÑOZ;DR. JAIME NIÑO DE GUZMAN;M;MEDICO;PED;CLINICA CRECER - REPUBLIQUETAS;SANTA CRUZ;77392256;;C;SEM 3   VIE AM;;130;False;SCZ CONSUELO MUÑOZ KARDEX SEP 2026.xlsx
CONSUELO MUÑOZ;JANETH CHURA V.;;MEDICO;NEM;CLINICA MARTIN DOCKWEILLER;SANTA CRUZ;67089719;;A;SEM 4    JUE PM;;161;False;SCZ CONSUELO MUÑOZ KARDEX SEP 2026.xlsx
CONSUELO MUÑOZ;DR. JAVIER LLOBET;M;MEDICO;TRA;CLINICA RENGEL- AV. BALLIVIAN;SANTA CRUZ;70793184;;C;SEM 2  MAR AM;Do4214*;63;True;SCZ CONSUELO MUÑOZ KARDEX SEP 2026.xlsx
CONSUELO MUÑOZ;DR. JAVIER MERCADO;M;MEDICO;MIN;CLI. MEDICAL CENTER NEUROCENTER-AV. CRISTO REDENTOR 3730;SANTA CRUZ;77300625;;A;SEM 1 VIE AM;Do4299;42;True;SCZ CONSUELO MUÑOZ KARDEX SEP 2026.xlsx
CONSUELO MUÑOZ;DR. JAVIER PIZARRO R.;M;MEDICO;TRA;CLINICA MARTIN DOCKWEILLER- PISO 5;SANTA CRUZ;75306806;;A;SEM 2  MIE AM;Do203;73;False;SCZ CONSUELO MUÑOZ KARDEX SEP 2026.xlsx
CONSUELO MUÑOZ;DR. JONNY MARTINEZ FALLACE;M;MEDICO;MIN;CLI. SANTIAGO APOSTOL - EL TORNO;SANTA CRUZ;71177033;;C;SEM 3   MIE PM;Do4246;115;False;SCZ CONSUELO MUÑOZ KARDEX SEP 2026.xlsx
CONSUELO MUÑOZ;JORGE A. AMELUNGE MENDEZ;M;MEDICO;OTO;CENTRO MEDICO FOIANINI;SANTA CRUZ;78400041;;C;SEM 2  LUN AM;Do3582;53;True;SCZ CONSUELO MUÑOZ KARDEX SEP 2026.xlsx
CONSUELO MUÑOZ;DR. JOSE ANTONIO MENDEZ;M;MEDICO;NEM;CENTRO MEDICO FOIANINI;SANTA CRUZ;70377555;;C;SEM 2  LUN PM;Do3446;56;True;SCZ CONSUELO MUÑOZ KARDEX SEP 2026.xlsx
CONSUELO MUÑOZ;JOSE CUIZA;M;MEDICO;NEU;HOSP. DE NIÑOS MARIO ORTIZ;SANTA CRUZ;75507447;;A;SEM 1 MAR AM;Do3545;12;False;SCZ CONSUELO MUÑOZ KARDEX SEP 2026.xlsx
CONSUELO MUÑOZ;JOSE R. MENDOZA;M;MEDICO;GOB;CLINICA MARTIN DOCKWEILLER;SANTA CRUZ;70960159;;A;SEM 4    JUE PM;;160;False;SCZ CONSUELO MUÑOZ KARDEX SEP 2026.xlsx
CONSUELO MUÑOZ;DR. JOSUE M. ALVIS;M;MEDICO;NEM;C.S SAN LUIS;SANTA CRUZ;78053982;;B;SEM 3   MAR PM;Do765;106;False;SCZ CONSUELO MUÑOZ KARDEX SEP 2026.xlsx
CONSUELO MUÑOZ;JUAN GABRIEL SALGUERO Z.;M;MEDICO;NEU;HOSP. DE NIÑOS MARIO ORTIZ;SANTA CRUZ;71606381;;A;SEM 1 MAR AM;Do3657;11;True;SCZ CONSUELO MUÑOZ KARDEX SEP 2026.xlsx
CONSUELO MUÑOZ;KARENINA NUÑEZ DEL PRADO;;MEDICO;PED;CLINICA CRECER - REPUBLIQUETAS;SANTA CRUZ;70286222;;C;SEM 3   VIE AM;;129;False;SCZ CONSUELO MUÑOZ KARDEX SEP 2026.xlsx
CONSUELO MUÑOZ;DRA. KARINA APONTE;F;MEDICO;NEU;CLINICA MARTIN DOCKWEILLER;SANTA CRUZ;74649494;;A;SEM 2  JUE AM;Do1349;81;False;SCZ CONSUELO MUÑOZ KARDEX SEP 2026.xlsx
CONSUELO MUÑOZ;DRA. KARINA GUTIERREZ GUTIERREZ;F;MEDICO;GAS;HOSP. MATERNO INFANTIL;SANTA CRUZ;73701012;;C;SEM 2  JUE PM;Do3620;82;True;SCZ CONSUELO MUÑOZ KARDEX SEP 2026.xlsx
CONSUELO MUÑOZ;KARLA CRUZ RAMIREZ;F;MEDICO;HEM;HOSP. DE NIÑOS MARIO ORTIZ;SANTA CRUZ;71723111;;A;SEM 1 MAR AM;Do2771;7;True;SCZ CONSUELO MUÑOZ KARDEX SEP 2026.xlsx
CONSUELO MUÑOZ;LEGION CRUCEÑA;;MEDICO;INST;INSTITUTO ONCOLOGICO DEL ORIENTE;SANTA CRUZ;70928591;;A;SEM 2  JUE AM;Do3715;80;True;SCZ CONSUELO MUÑOZ KARDEX SEP 2026.xlsx
CONSUELO MUÑOZ;LEIDY COLLAZOS;;MEDICO;ADM;CLINICA MEDICMEL - KM9;SANTA CRUZ;76384487;;C;SEM 3   JUE AM;;122;False;SCZ CONSUELO MUÑOZ KARDEX SEP 2026.xlsx
CONSUELO MUÑOZ;DRA. LENNY JORDAN;F;MEDICO;END;CENTRO MEDICO FOIANINI;SANTA CRUZ;75918568;;C;SEM 2  LUN PM;Do1693;57;False;SCZ CONSUELO MUÑOZ KARDEX SEP 2026.xlsx
CONSUELO MUÑOZ;DRA. LIBERTAD RODRIGUEZ MOJICA;F;MEDICO;GOB;ÁREA DE MUJER-FINAL AV. ROCA Y CORONADO;SANTA CRUZ;78514600;;A;SEM 1 JUE AM;Do214;37;False;SCZ CONSUELO MUÑOZ KARDEX SEP 2026.xlsx
CONSUELO MUÑOZ;DRA. LIJIA AVILES;F;MEDICO;ONC;CLINICA ONCOSERVICE;SANTA CRUZ;75884493;;B;SEM 3   LUN PM;Do2346;105;False;SCZ CONSUELO MUÑOZ KARDEX SEP 2026.xlsx
CONSUELO MUÑOZ;LIMBER ROCABADO SOSA;M;MEDICO;CIR;CLINICA COPACABANA KM6;SANTA CRUZ;70210507;;C;SEM 3   JUE AM;;125;False;SCZ CONSUELO MUÑOZ KARDEX SEP 2026.xlsx
CONSUELO MUÑOZ;LIC. LISSY MACHUCA;;MEDICO;NUT;HUB FUNCIONAL - AV. BENI;SANTA CRUZ;63608254;;B;SEM 4    MIE AM;;145;False;SCZ CONSUELO MUÑOZ KARDEX SEP 2026.xlsx
CONSUELO MUÑOZ;LIZET AYALA LOMA;;MEDICO;ONC;INSTITUTO ONCOLOGICO DEL ORIENTE;SANTA CRUZ;63509720;;A;SEM 3   LUN PM;Do1904;102;True;SCZ CONSUELO MUÑOZ KARDEX SEP 2026.xlsx
CONSUELO MUÑOZ;DRA. LORENA EVELIN URIOSTE;F;MEDICO;END;REDES - REPUBLIQUETAS 161;SANTA CRUZ;75390152;;A;SEM 1 JUE AM;Do1774;34;False;SCZ CONSUELO MUÑOZ KARDEX SEP 2026.xlsx
CONSUELO MUÑOZ;DR. LUIS A. RENGEL PRUDENCIO;M;MEDICO;CIR;BIOCOR - C. BUSTAMANTE 900;SANTA CRUZ;77333532;;A;SEM 4    MAR AM;;136;False;SCZ CONSUELO MUÑOZ KARDEX SEP 2026.xlsx
CONSUELO MUÑOZ;DR. MARCELO GARANDILLA;M;MEDICO;ONC;INSTITUTO ONCOLOGICO DEL ORIENTE;SANTA CRUZ;60033972;;C;SEM 2  JUE AM;Do2556;78;False;SCZ CONSUELO MUÑOZ KARDEX SEP 2026.xlsx
CONSUELO MUÑOZ;DRA. MARDELA SUBIRANA RUIZ;F;MEDICO;NUT;HUB FUNCIONAL - AV. BENI;SANTA CRUZ;69822255;;A;SEM 4    MIE AM;;148;False;SCZ CONSUELO MUÑOZ KARDEX SEP 2026.xlsx
CONSUELO MUÑOZ;MARIA LUIZA CHINO CACERES;F;MEDICO;NER;HOSP. MATERNO INFANTIL;SANTA CRUZ;67232801;;C;SEM 4    LUN PM;;134;False;SCZ CONSUELO MUÑOZ KARDEX SEP 2026.xlsx
CONSUELO MUÑOZ;MARIA RENE FLORES MONTAÑO;F;MEDICO;CIR;CLINICA MEDICMEL - KM9;SANTA CRUZ;65013501;;C;SEM 3   JUE AM;Do440;120;False;SCZ CONSUELO MUÑOZ KARDEX SEP 2026.xlsx
CONSUELO MUÑOZ;DRA. MARIELA CESPEDES;F;MEDICO;NEO;CLINICA MARTIN DOCKWEILLER;SANTA CRUZ;75320392;;C;SEM 2  MIE PM;Do4699;75;False;SCZ CONSUELO MUÑOZ KARDEX SEP 2026.xlsx
CONSUELO MUÑOZ;DR. MARIO MANUEL ARO PRUDENCIO;M;MEDICO;EME;CLINICA FOIANINI;SANTA CRUZ;73195192;;C;SEM 2  LUN PM;Do4714;59;True;SCZ CONSUELO MUÑOZ KARDEX SEP 2026.xlsx
CONSUELO MUÑOZ;MARTIN RALDES PACHECO;M;MEDICO;MGE;C.S WILLY LEMAITRE;SANTA CRUZ;79822253;;A;SEM 4    VIE PM;;168;False;SCZ CONSUELO MUÑOZ KARDEX SEP 2026.xlsx
CONSUELO MUÑOZ;DRA. MASHEL FLORES;F;MEDICO;HEM;INSTITUTO ONCOLOGICO DEL ORIENTE;SANTA CRUZ;75583837;;C;SEM 4    JUE AM;;157;False;SCZ CONSUELO MUÑOZ KARDEX SEP 2026.xlsx
CONSUELO MUÑOZ;DRA. MASSIEL DELGADILLO;F;MEDICO;MIN;INSTITUTO ONCOLOGICO DEL ORIENTE;SANTA CRUZ;67774991;;C;SEM 2  JUE PM;Do1647*;83;True;SCZ CONSUELO MUÑOZ KARDEX SEP 2026.xlsx
CONSUELO MUÑOZ;DR. MAURICIO PUCH;M;MEDICO;NEU;HOSP. DE NIÑOS MARIO ORTIZ;SANTA CRUZ;75015102;;A;SEM 1 MAR AM;Do1467;13;False;SCZ CONSUELO MUÑOZ KARDEX SEP 2026.xlsx
CONSUELO MUÑOZ;DRA. MILENKA FLORES P. 12-13 PM;F;MEDICO;NEF;HOSP. DE NIÑOS MARIO ORTIZ;SANTA CRUZ;67239656;;C;SEM 4    VIE AM;;162;False;SCZ CONSUELO MUÑOZ KARDEX SEP 2026.xlsx
CONSUELO MUÑOZ;DRA MONICA RAYA 5-6;F;MEDICO;PED;CLINICA MARTIN DOCKWEILLER;SANTA CRUZ;0;;C;SEM 2  JUE PM;Do1185;88;False;SCZ CONSUELO MUÑOZ KARDEX SEP 2026.xlsx
CONSUELO MUÑOZ;DRA. NADEZHDA MAMANI SANGUEZA;F;MEDICO;HEM;INSTITUTO ONCOLOGICO DEL ORIENTE;SANTA CRUZ;74932196;;B;SEM 4    JUE AM;;156;False;SCZ CONSUELO MUÑOZ KARDEX SEP 2026.xlsx
CONSUELO MUÑOZ;DRA. NAOMI HOSHINO;F;MEDICO;GOB;NEOMEDIC-AV. MARCELO TERCEROS ENTRE LOS TUCANES Y LOS TORDOS;SANTA CRUZ;76081686;;A;SEM 3   LUN AM;Do3924;97;False;SCZ CONSUELO MUÑOZ KARDEX SEP 2026.xlsx
CONSUELO MUÑOZ;ORLANDO CARRASCO ALVARES;M;MEDICO;CIR;CLINICA MEDICMEL - KM9;SANTA CRUZ;75515104;;C;SEM 3   JUE AM;Do1344;119;False;SCZ CONSUELO MUÑOZ KARDEX SEP 2026.xlsx
CONSUELO MUÑOZ;DR. PABLO MEDRANO;M;MEDICO;ONC;CLINICA MARTIN DOCKWEILLER;SANTA CRUZ;75637906;;A;SEM 2  JUE PM;Do2112;86;False;SCZ CONSUELO MUÑOZ KARDEX SEP 2026.xlsx
CONSUELO MUÑOZ;DRA. PAULA CAROLINA APONTE;F;MEDICO;CIR;CLINICA FOIANINI 13 HRS;SANTA CRUZ;;;C;SEM 2  MAR PM;Do846;71;True;SCZ CONSUELO MUÑOZ KARDEX SEP 2026.xlsx
CONSUELO MUÑOZ;DRA. PAULA DO NASCIMENTO;F;MEDICO;END;MADEMOISELLE PAULAAV. NOEL KEMPFF;SANTA CRUZ;78577968;;A;SEM 1 MIE PM;Do814;29;True;SCZ CONSUELO MUÑOZ KARDEX SEP 2026.xlsx
CONSUELO MUÑOZ;DR. PERCY E. SERRANO CARVAJAL;M;MEDICO;CIR;CLI. MEDICAL CENTER NEUROCENTER-AV. CRISTO REDENTOR 3734;SANTA CRUZ;77980449;;B;SEM 1 VIE AM;Do3104;46;True;SCZ CONSUELO MUÑOZ KARDEX SEP 2026.xlsx
CONSUELO MUÑOZ;DR. REIDIN ALEXIS AREVALO D.;M;MEDICO;CIR;H.M. EL TORNO;SANTA CRUZ;77318351;;C;SEM 3   MIE AM;Do1345*;111;False;SCZ CONSUELO MUÑOZ KARDEX SEP 2026.xlsx
CONSUELO MUÑOZ;DR. REMBERTO OSINAGA;M;MEDICO;NEU;CLINICA MARTIN DOCKWEILLER;SANTA CRUZ;77007004;;C;SEM 4    MAR AM;;138;False;SCZ CONSUELO MUÑOZ KARDEX SEP 2026.xlsx
CONSUELO MUÑOZ;DR. REYNALDO MENDOZA P .;M;MEDICO;COL;EDIF.CRUZ DEL SUR, C. TARIJA 77;SANTA CRUZ;72556006;;C;SEM 1 JUE PM;Do104;41;False;SCZ CONSUELO MUÑOZ KARDEX SEP 2026.xlsx
CONSUELO MUÑOZ;DR. REYNALDO URQUIZA;M;MEDICO;GAS;CEDISA 2DO PISO;SANTA CRUZ;75695588;;A;SEM 1 MAR AM;Do839;10;True;SCZ CONSUELO MUÑOZ KARDEX SEP 2026.xlsx
CONSUELO MUÑOZ;RICARDO LORIA;M;MEDICO;TRA;CLINICA MARTIN DOCKWEILLER;SANTA CRUZ;78222871;;C;SEM 4    JUE PM;;159;False;SCZ CONSUELO MUÑOZ KARDEX SEP 2026.xlsx
CONSUELO MUÑOZ;DRA. RITCHER PAZ;F;MEDICO;ONC;CLINICA ONCOMOLECULAR;SANTA CRUZ;75245825;;A;SEM 3   LUN PM;Do2206;104;False;SCZ CONSUELO MUÑOZ KARDEX SEP 2026.xlsx
CONSUELO MUÑOZ;RODRIGO ROCABADO;M;MEDICO;TRA;CLINICA MARTIN DOCKWEILLER;SANTA CRUZ;75500067;;C;SEM 4    JUE PM;;158;False;SCZ CONSUELO MUÑOZ KARDEX SEP 2026.xlsx
CONSUELO MUÑOZ;DR. ROLANDO AGUILERA;M;MEDICO;MIN;CLI. MEDICAL CENTER NEUROCENTER-AV. CRISTO REDENTOR 3731;SANTA CRUZ;75070237;;A;SEM 1 VIE AM;Do1091;43;False;SCZ CONSUELO MUÑOZ KARDEX SEP 2026.xlsx
CONSUELO MUÑOZ;DRA. ROMINA CUELLAR RODRIGUEZ;F;MEDICO;CIR;CENTRO MEDICO SUR- AV. VELARDE;SANTA CRUZ;67788109;;B;SEM 2  VIE AM;Do1677;89;True;SCZ CONSUELO MUÑOZ KARDEX SEP 2026.xlsx
CONSUELO MUÑOZ;SANDRA TINDRADE (RESI);F;MEDICO;MGE;C.S WILLY LEMAITRE;SANTA CRUZ;78070159;;A;SEM 4    VIE PM;;167;False;SCZ CONSUELO MUÑOZ KARDEX SEP 2026.xlsx
CONSUELO MUÑOZ;DRA. SANDRA TRINDADE;F;MEDICO;RES;C.S WILLIE LEMEITRE;SANTA CRUZ;78070159;;A;SEM 1 MIE AM;Do4608;25;True;SCZ CONSUELO MUÑOZ KARDEX SEP 2026.xlsx
CONSUELO MUÑOZ;DRA. SILVIA CABALLERO  P.;F;MEDICO;NEF;FUNDACOR - C. CARANDA 3;SANTA CRUZ;75072778;;A;SEM 1 JUE AM;Do3028;33;True;SCZ CONSUELO MUÑOZ KARDEX SEP 2026.xlsx
CONSUELO MUÑOZ;DRA. SILVIA LA FUENTE;F;MEDICO;EME;CLINICA FOIANINI - 14HRS;SANTA CRUZ;60835577;;C;SEM 2  MAR PM;Do1438;68;False;SCZ CONSUELO MUÑOZ KARDEX SEP 2026.xlsx
CONSUELO MUÑOZ;DRA. SOLEDAD PORCEL;F;MEDICO;GAS;CNS AV. IRALA;SANTA CRUZ;73475171;;B;SEM 2  LUN PM;Do4889;60;True;SCZ CONSUELO MUÑOZ KARDEX SEP 2026.xlsx
CONSUELO MUÑOZ;DR. STEVE GERARDO VARGAS A.;M;MEDICO;ONC;INSTITUTO ONCOLOGICO DEL ORIENTE;SANTA CRUZ;73992221;;A;SEM 2  JUE AM;Do137;79;False;SCZ CONSUELO MUÑOZ KARDEX SEP 2026.xlsx
CONSUELO MUÑOZ;DRA. SUELY MARIÑO RODRIGUEZ;F;MEDICO;MIN;CLINICA BELGICA;SANTA CRUZ;67827913;;A;SEM 1 MIE AM;Do972;19;False;SCZ CONSUELO MUÑOZ KARDEX SEP 2026.xlsx
CONSUELO MUÑOZ;TITO BARZOLA;M;MEDICO;CIR PLAS;ENTRE AV. SAN MARTIN Y ENRIQUE FINOT;SANTA CRUZ;70025222;;A;SEM 4    MAR PM;;142;False;SCZ CONSUELO MUÑOZ KARDEX SEP 2026.xlsx
CONSUELO MUÑOZ;LIC. VALERIA CHAVEZ;F;MEDICO;NUT;HUB FUNCIONAL - AV. BENI;SANTA CRUZ;75588176;;B;SEM 4    MIE AM;;144;False;SCZ CONSUELO MUÑOZ KARDEX SEP 2026.xlsx
CONSUELO MUÑOZ;VICTOR ROSADO QUIROGA;M;MEDICO;TRA;CLINICA MEDICMEL - KM9;SANTA CRUZ;71000653;;C;SEM 3   JUE AM;Do2814*;118;False;SCZ CONSUELO MUÑOZ KARDEX SEP 2026.xlsx
CONSUELO MUÑOZ;VICTORIA ROXANA TICONA;F;MEDICO;ONC;INSTITUTO ONCOLOGICO DEL ORIENTE;SANTA CRUZ;;;C;SEM 3   LUN PM;Do1384;101;False;SCZ CONSUELO MUÑOZ KARDEX SEP 2026.xlsx
CONSUELO MUÑOZ;WALTER SELUM RIVERO;M;MEDICO;CAR;CLINICA RENGEL- AV. BALLIVIAN;SANTA CRUZ;77625921;;C;SEM 2  MAR AM;Do4441;65;False;SCZ CONSUELO MUÑOZ KARDEX SEP 2026.xlsx
CONSUELO MUÑOZ;DR. WALTER YAÑEZ 1O-13;M;MEDICO;PED;CLINICA MARTIN DOCKWEILLER;SANTA CRUZ;71605232;;C;SEM 4    MAR AM;;139;False;SCZ CONSUELO MUÑOZ KARDEX SEP 2026.xlsx
CONSUELO MUÑOZ;DR. WILLIAM ENCINAS PAZ;M;MEDICO;CIR;CLINICA MARTIN DOCKWEILLER;SANTA CRUZ;75397008;;B;SEM 4    MIE PM;;149;False;SCZ CONSUELO MUÑOZ KARDEX SEP 2026.xlsx
CONSUELO MUÑOZ;ZADIR JORDAN TANINAKA;;MEDICO;EME;CLINICA MARTIN DOCKWEILLER;SANTA CRUZ;75030440;;C;SEM 4    MIE PM;;150;False;SCZ CONSUELO MUÑOZ KARDEX SEP 2026.xlsx
CONSUELO MUÑOZ;ZAIDA BOHORQUEZ EQUICE;F;MEDICO;GOB;CLI. AVANTI MEDICAL-C. DIEGO DE MENDOZA;SANTA CRUZ;63533604;;C;SEM 2  VIE PM;Do2100;93;False;SCZ CONSUELO MUÑOZ KARDEX SEP 2026.xlsx
GUALBERTO;DR. ALEX D. ANTEZANA A.;M;MEDICO;TRA;CALLE ADELA ZAMUDIO CASI AV. AMERICA;CBBA;72256351;;A;;;;False;DATA.KARDEX.xlsx
GUALBERTO;DR. ALVARO RODRIGO GOYTIA;M;MEDICO;CAR;SEGURO SOCIAL UNIVERSITARIO;CBBA;;;C;;;;False;DATA.KARDEX.xlsx
GUALBERTO;DR. ANTONIO GONZALO LOPEZ LOPEZ;M;MEDICO;NEM;CALLE PACCIERI ENTRE ANTEZANA Y LANZA;CBBA;72201175;;C;;;;False;DATA.KARDEX.xlsx
GUALBERTO;DRA. CECILIA M. OVANDO SOTOMAYOR;F;MEDICO;HEM;CORDES 3ER PISO;CBBA;76903936;;C;;;;False;DATA.KARDEX.xlsx
GUALBERTO;DRA. CINTHIA ANDREA BADANI OLMOS;F;MEDICO;PED END;CALLE PEDRO BALNCO CASI AV. SANTA CRUZ, EDIF. CONTINENTAL, PISO 7;CBBA;79785737;;A;;;;False;DATA.KARDEX.xlsx
GUALBERTO;DR. CRISTIAN YOVANI ATUE BARRERO;M;MEDICO;OFT;AV, SALAMANCA, EDIF. CIBELES;CBBA;76900798;;C;;;;False;DATA.KARDEX.xlsx
GUALBERTO;DR. DANIEL ERNESTO VERASTEGUI CESPEDES;M;MEDICO;MIT;BELGA;CBBA;72454105;;C;;;;False;DATA.KARDEX.xlsx
GUALBERTO;DRA. DANIELA SEGALES PERALTA;F;MEDICO;CPL;AV. AMERICA CASI AV. SANTA CRUZ, EDIF. MONTREAL, OF. 11;CBBA;75978508;;C;;;;False;DATA.KARDEX.xlsx
GUALBERTO;DR. EDWIN HUGO VEIZAGA VARGAS;M;MEDICO;GOB;LOS ANGELES;CBBA;70720138;;C;;;;False;DATA.KARDEX.xlsx
GUALBERTO;DRA. ELIZABETH RODRIGUEZ PEÑALOZA;F;MEDICO;DER;CAJA BANCARIA;CBBA;77902220;;B;;;;False;DATA.KARDEX.xlsx
GUALBERTO;DRA. GABY CESPEDES DIAZ;F;MEDICO;GOB;LOS ANGELES;CBBA;71714733;;B;;;;False;DATA.KARDEX.xlsx
GUALBERTO;DRA. GLORIA ANNELIESSE SABATH ALVAREZ;F;MEDICO;END;SAN VICENTE;CBBA;70345681;;C;;;;False;DATA.KARDEX.xlsx
GUALBERTO;DR. HARRY RAMIRO RIVERA;M;MEDICO;PSI;AV. OQUENDO, TORRES SOFER, PISO 2, OF. 202;CBBA;72200311;;C;;;;False;DATA.KARDEX.xlsx
GUALBERTO;DRA. IRACEMA SAAVEDRA POZO;F;MEDICO;CPL;AV. AMERICA CASI AV. SANTA CRUZ, EDIF. TORRE NORTE, PISO 1;CBBA;76462161;;C;;;;False;DATA.KARDEX.xlsx
GUALBERTO;DR. IVAN VALENTIN FLORES PARRA;M;MEDICO;NEC;AV. VILLARROEL EDIF. CONFORD, PISO 7;CBBA;73770999;;C;;;;False;DATA.KARDEX.xlsx
GUALBERTO;DRA. IVANOVA SAAVEDRA TAPIA;F;MEDICO;HEM;CNS BLANCO GALINDO KM. 5 CONS. 9;CBBA;72712004;;C;;;;False;DATA.KARDEX.xlsx
GUALBERTO;DRA. JHOYSA RODRIGUEZ;F;MEDICO;GOB;PLAZUELA QUINTANILLA, EDIF. ATTURA, PISO 10;CBBA;79961791;;B;;;;False;DATA.KARDEX.xlsx
GUALBERTO;DR. JOSE ANTONIO ALISS SAMUR;M;MEDICO;END;CORDES 3ER PISO;CBBA;70729470;;A;;;;False;DATA.KARDEX.xlsx
GUALBERTO;DR. JOSE LEDEZMA SORIA;M;MEDICO;NEU;CALLE BUENOS AIRES ESQ. MELCHOR URQUIDI, EDIF. TORRES DE LA UNION;CBBA;75903156;;C;;;;False;DATA.KARDEX.xlsx
GUALBERTO;DR. JOSE MACIAS ABASTO;M;MEDICO;HEM;LOS OLIVOS;CBBA;71729826;;C;;;;False;DATA.KARDEX.xlsx
GUALBERTO;DR. JUAN ABUJDER EID;M;MEDICO;GOB;CALLE BOLIVAR ENTRE 25 DE MAYO Y SAN MARTIN;CBBA;70714904;;C;;;;False;DATA.KARDEX.xlsx
GUALBERTO;DR. MARCELO VALDIVIA LOZA;M;MEDICO;TRA;AV. PANDO NRO. 1122 ESQ. BOULEVARD, EDIF. SAAL;CBBA;61677718;;C;;;;False;DATA.KARDEX.xlsx
GUALBERTO;DRA. NELVA LIZBETH GUILLEN ROCHA;F;MEDICO;ALE INM;CALLE ANTEZANA ENTRE ORURO Y LA PAZ, EDIF. ATLANTA, PISO 4;CBBA;72768765;;B;;;;False;DATA.KARDEX.xlsx
GUALBERTO;DR. OSCAR NIÑO DE GUZMAN;M;MEDICO;ONC;AV. OQUENDO, TORRES SOFER, PISO 2;CBBA;60769570;;C;;;;False;DATA.KARDEX.xlsx
GUALBERTO;DR. PABLO ANDRES DAVILA ERQUICIA;M;MEDICO;NEF;H. MANUEL ASCENCIO VILLARROEL, COLCAPIRHUA;CBBA;70388356;;C;;;;False;DATA.KARDEX.xlsx
GUALBERTO;DR. PABLO VELASCO CUETO;M;MEDICO;HEM;CALLE JOSE LAVADENZ NRO. 634 ESQ. R. SAINS;CBBA;62641019;;C;;;;False;DATA.KARDEX.xlsx
GUALBERTO;DR. RAMIRO LARA RIVERO;M;MEDICO;CAR;CALLE COLOMBIA NRO. 810 ESQ. 16 DE JULIO, EDIF. GUADALUPE, PISO 5;CBBA;71723330;;B;;;;False;DATA.KARDEX.xlsx
GUALBERTO;DRA. SUMAYA SAAVEDRA POZO;F;MEDICO;DER;AV. AMERICA CASI AV. SANTA CRUZ, EDIF. TORRE NORTE, 1ER PISO;CBBA;69455770;;A;;;;False;DATA.KARDEX.xlsx
GUALBERTO;DR. VLADIMIR E. VARGAS ROCHA;M;MEDICO;URO;LOS ANGELES;CBBA;71728928;;C;;;;False;DATA.KARDEX.xlsx
JAHAZIEL FACIO;Abel Ninavia;M;MEDICO;MGE;Pasoskanki;LA PAZ;;;C;SEM 3 JUE PM;;206;False;LPZ JAHAZIEL FACIO KARDEX SEP 2026.xlsx
JAHAZIEL FACIO;Abel Ruiz Iturralde;M;MEDICO;GIN;Hospital de La Mujer;LA PAZ;0;;C;SEM 1 MAR PM;Do345;26;False;LPZ JAHAZIEL FACIO KARDEX SEP 2026.xlsx
JAHAZIEL FACIO;Abigail Callisaya Condori;;MEDICO;GIN;Miraflores;LA PAZ;0;;C;SEM 1 MIE AM;Do4608;34;True;LPZ JAHAZIEL FACIO KARDEX SEP 2026.xlsx
JAHAZIEL FACIO;Adolfo Valdivia Cayoja;M;MEDICO;INF;Cossmil;LA PAZ;0;;B;SEM 3 LUN PM;Do5005;164;True;LPZ JAHAZIEL FACIO KARDEX SEP 2026.xlsx
JAHAZIEL FACIO;Adriana Garnica;F;MEDICO;GIN;Hospital de la mujer;LA PAZ;;;C;SEM 3 MIE PM;;197;False;LPZ JAHAZIEL FACIO KARDEX SEP 2026.xlsx
JAHAZIEL FACIO;Alan Mercado Saavedra;M;MEDICO;CAR;Cossmil;LA PAZ;75999001;;C;SEM 1 MAR PM;Do59;27;False;LPZ JAHAZIEL FACIO KARDEX SEP 2026.xlsx
JAHAZIEL FACIO;Albaro Quispe Corini;;MEDICO;CIR;Hospital de la Merced;LA PAZ;0;;C;SEM 2 VIE PM;Do2589;152;False;LPZ JAHAZIEL FACIO KARDEX SEP 2026.xlsx
JAHAZIEL FACIO;AlejanArzabe;;MEDICO;CAR;Hospital Materno infantil;LA PAZ;;;C;SEM 3 MIE AM;;191;False;LPZ JAHAZIEL FACIO KARDEX SEP 2026.xlsx
JAHAZIEL FACIO;AlejanC.;;MEDICO;MGE;Cies Miraflores;LA PAZ;;;C;SEM 4 MIE AM;;239;False;LPZ JAHAZIEL FACIO KARDEX SEP 2026.xlsx
JAHAZIEL FACIO;Alejandro Mendizabal;M;MEDICO;EME;Hospital de la Merced;LA PAZ;79977245;;C;SEM 2 VIE PM;Do1956;153;False;LPZ JAHAZIEL FACIO KARDEX SEP 2026.xlsx
JAHAZIEL FACIO;Alejandro Vasquez Crespo;M;MEDICO;EME;Hospital de la Merced;LA PAZ;;;C;SEM 3 VIE AM;;211;False;LPZ JAHAZIEL FACIO KARDEX SEP 2026.xlsx
JAHAZIEL FACIO;Alejandro Young V;M;MEDICO;EME;Torax;LA PAZ;0;;C;SEM 1 LUN PM;Do3852;10;True;LPZ JAHAZIEL FACIO KARDEX SEP 2026.xlsx
JAHAZIEL FACIO;AlejanLimachi;;MEDICO;GIN;Hospital de la mujer;LA PAZ;0;;C;SEM 3 LUN AM;Do2030;160;True;LPZ JAHAZIEL FACIO KARDEX SEP 2026.xlsx
JAHAZIEL FACIO;Alexis Bilbao De La Vieja Barrera;;MEDICO;MGE;Clinica Amid;LA PAZ;73262684;;B;SEM 1 LUN AM;Do1895;1;False;LPZ JAHAZIEL FACIO KARDEX SEP 2026.xlsx
JAHAZIEL FACIO;Aliaga;;MEDICO;NEC;Hospital Materno infantil;LA PAZ;;;C;SEM 3 MIE PM;;192;False;LPZ JAHAZIEL FACIO KARDEX SEP 2026.xlsx
JAHAZIEL FACIO;Alisson Chavez;;MEDICO;ONC;Hospital de clínicas;LA PAZ;;;C;SEM 4 JUE AM;;257;False;LPZ JAHAZIEL FACIO KARDEX SEP 2026.xlsx
JAHAZIEL FACIO;Alvaro Achu;M;MEDICO;NEM;Torax;LA PAZ;;;C;SEM 3 MAR AM;;177;False;LPZ JAHAZIEL FACIO KARDEX SEP 2026.xlsx
JAHAZIEL FACIO;Alvaro Calvo Valencia;M;MEDICO;OTO;Hospital Arco Iris;LA PAZ;0;;B;SEM 1 JUE AM;Do3028;49;True;LPZ JAHAZIEL FACIO KARDEX SEP 2026.xlsx
JAHAZIEL FACIO;Alvaro Machaca;M;MEDICO;CIR;COSSMIL;LA PAZ;0;;C;SEM 1 MIE AM;Do2993;41;True;LPZ JAHAZIEL FACIO KARDEX SEP 2026.xlsx
JAHAZIEL FACIO;Amira Plata Andrade;;MEDICO;LAB;Atp lab;LA PAZ;0;;B;SEM 3 LUN PM;Do1844;170;False;LPZ JAHAZIEL FACIO KARDEX SEP 2026.xlsx
JAHAZIEL FACIO;An Lia Mamani coronado;;MEDICO;GAS;Hospital Luis Uria;LA PAZ;;;C;SEM 3 VIE PM;;218;False;LPZ JAHAZIEL FACIO KARDEX SEP 2026.xlsx
JAHAZIEL FACIO;Andrés Morales;M;MEDICO;MGE;Hospital de clínicas;LA PAZ;0;;C;SEM 2 JUE AM;Do2100;133;False;LPZ JAHAZIEL FACIO KARDEX SEP 2026.xlsx
JAHAZIEL FACIO;aneth zelaya;;MEDICO;NEM;Torax;LA PAZ;0;;C;SEM 2 VIE AM;Do4831;142;True;LPZ JAHAZIEL FACIO KARDEX SEP 2026.xlsx
JAHAZIEL FACIO;Angel Valencia Aruquipa;M;MEDICO;CIR;Hospital de Clinicas;LA PAZ;0;;C;SEM 1 MAR AM;Do4906;16;True;LPZ JAHAZIEL FACIO KARDEX SEP 2026.xlsx
JAHAZIEL FACIO;Araceli Mendoza Murillo;;MEDICO;GIN;clínica modelo;LA PAZ;0;;C;SEM 2 JUE PM;Do4966;140;True;LPZ JAHAZIEL FACIO KARDEX SEP 2026.xlsx
JAHAZIEL FACIO;Aristo Ajata;;MEDICO;M.INTER;Sopocachi Clinica Policial;LA PAZ;0;;C;SEM 2 LUN PM;Do10;93;True;LPZ JAHAZIEL FACIO KARDEX SEP 2026.xlsx
JAHAZIEL FACIO;Beckar D. Portugal Rojas;;MEDICO;MGE;Cossmil;LA PAZ;0;;C;SEM 1 MAR PM;Do972;28;False;LPZ JAHAZIEL FACIO KARDEX SEP 2026.xlsx
JAHAZIEL FACIO;Berenice Tapia;;MEDICO;GIN;av. 6 de agosto Seg Universitario;LA PAZ;0;;A;SEM 2 LUN PM;Do4441;94;False;LPZ JAHAZIEL FACIO KARDEX SEP 2026.xlsx
JAHAZIEL FACIO;Betty Ramos Condori;;MEDICO;HEM;Hospital de clínicas;LA PAZ;0;;C;SEM 2 MAR PM;Do3837;109;True;LPZ JAHAZIEL FACIO KARDEX SEP 2026.xlsx
JAHAZIEL FACIO;Blanca Morales;F;MEDICO;MGE;Ce salud;LA PAZ;;;C;SEM 3 MAR PM;;182;False;LPZ JAHAZIEL FACIO KARDEX SEP 2026.xlsx
JAHAZIEL FACIO;Boris Corini;;MEDICO;CIR;Hospital Obrero;LA PAZ;0;;C;SEM 1 JUE PM;Do1091;62;False;LPZ JAHAZIEL FACIO KARDEX SEP 2026.xlsx
JAHAZIEL FACIO;Brian Vega;;MEDICO;MGE;hospital San Gabriel;LA PAZ;;;C;SEM 3 JUE AM;;198;False;LPZ JAHAZIEL FACIO KARDEX SEP 2026.xlsx
JAHAZIEL FACIO;Carla Murillo J.;F;MEDICO;NEM;Cossmil;LA PAZ;0;;C;SEM 1 JUE AM;Do1774;50;False;LPZ JAHAZIEL FACIO KARDEX SEP 2026.xlsx
JAHAZIEL FACIO;Carla Tarqui;F;MEDICO;END;clínica modelo;LA PAZ;;;C;SEM 3 JUE PM;;208;False;LPZ JAHAZIEL FACIO KARDEX SEP 2026.xlsx
JAHAZIEL FACIO;Carlos Canedo;M;MEDICO;GIN;Hospital de la mujer;LA PAZ;;;C;SEM 4 JUE PM;;258;False;LPZ JAHAZIEL FACIO KARDEX SEP 2026.xlsx
JAHAZIEL FACIO;Carlos Cossio Marquez;M;MEDICO;MGE;Sagrado corazón;LA PAZ;0;;C;SEM 1 VIE PM;Do1271;71;False;LPZ JAHAZIEL FACIO KARDEX SEP 2026.xlsx
JAHAZIEL FACIO;Carlos Laforcada Rios;M;MEDICO;NEU;Miraflores;LA PAZ;;;C;SEM 3 JUE PM;;209;False;LPZ JAHAZIEL FACIO KARDEX SEP 2026.xlsx
JAHAZIEL FACIO;Carlos Molina Rodríguez;M;MEDICO;CIR;Hospital de clínicas;LA PAZ;;;C;SEM 4 MAR AM;;230;False;LPZ JAHAZIEL FACIO KARDEX SEP 2026.xlsx
JAHAZIEL FACIO;Carmen Achacollo;F;MEDICO;HEM;Cossmil;LA PAZ;77901436;;C;SEM 2 LUN AM;Do4714;83;True;LPZ JAHAZIEL FACIO KARDEX SEP 2026.xlsx
JAHAZIEL FACIO;Celian Apaza Lopez;;MEDICO;CAR PED;Hospital Materno infantil;LA PAZ;;;C;SEM 3 JUE PM;;210;False;LPZ JAHAZIEL FACIO KARDEX SEP 2026.xlsx
JAHAZIEL FACIO;Christian Sandoval Bedregal;;MEDICO;GAS;Cossmil$Edif. CES Calacoto;LA PAZ;0;;A;SEM 1 JUE AM;Do4153;51;True;LPZ JAHAZIEL FACIO KARDEX SEP 2026.xlsx
JAHAZIEL FACIO;Cinthia Laura Ramirez;;MEDICO;GAS;Clinica Modelo;LA PAZ;0;;C;SEM 1 MAR PM;Do305;29;False;LPZ JAHAZIEL FACIO KARDEX SEP 2026.xlsx
JAHAZIEL FACIO;Cinthia Venegas Colque;;MEDICO;MGE;HC Medic;LA PAZ;0;;;SEM 1 MIE AM;Do507;35;False;LPZ JAHAZIEL FACIO KARDEX SEP 2026.xlsx
JAHAZIEL FACIO;Claudio A. Tejada Del Carpio;;MEDICO;MEST;Clinica San Pablo San Pedro;LA PAZ;0;;A;SEM 2 VIE PM;Do764;157;False;LPZ JAHAZIEL FACIO KARDEX SEP 2026.xlsx
JAHAZIEL FACIO;Cristhiam Casazola;;MEDICO;CIR PLA;Hospital Arco Iris;LA PAZ;;;C;SEM 3 JUE AM;;199;False;LPZ JAHAZIEL FACIO KARDEX SEP 2026.xlsx
JAHAZIEL FACIO;Cristian H. Mamani Condori;M;MEDICO;ANES;H. obrero;LA PAZ;;;C;SEM 4 VIE PM;;271;False;LPZ JAHAZIEL FACIO KARDEX SEP 2026.xlsx
JAHAZIEL FACIO;Cristian M Carpio H.;M;MEDICO;MGE;Hospital Arco Iris;LA PAZ;0;;C;SEM 1 JUE AM;Do3442;56;True;LPZ JAHAZIEL FACIO KARDEX SEP 2026.xlsx
JAHAZIEL FACIO;Cristian Pardo Burgoa;M;MEDICO;MAX;Dental Estetica;LA PAZ;77901436;;B;SEM 2 LUN AM;Do4889;84;True;LPZ JAHAZIEL FACIO KARDEX SEP 2026.xlsx
JAHAZIEL FACIO;Cristian Pinto;M;MEDICO;TRA;Pro salud Miraflores;LA PAZ;;;C;SEM 4 MAR AM;;231;False;LPZ JAHAZIEL FACIO KARDEX SEP 2026.xlsx
JAHAZIEL FACIO;David Chavez;M;MEDICO;URO;Cossmil;LA PAZ;0;;C;SEM 1 VIE PM;Do1353;79;False;LPZ JAHAZIEL FACIO KARDEX SEP 2026.xlsx
JAHAZIEL FACIO;Dennis Pacheco;M;MEDICO;DER;Belisario salinas 6 de agosto MEDIDERM$Hospital Materno infantil;LA PAZ;0;;C;SEM 2 LUN PM;Do1716;88;True;LPZ JAHAZIEL FACIO KARDEX SEP 2026.xlsx
JAHAZIEL FACIO;Diego Ruiz Bazán;M;MEDICO;MGE;Ed Olimpia multiestetica;LA PAZ;0;;C;SEM 1 VIE PM;Do1038;72;False;LPZ JAHAZIEL FACIO KARDEX SEP 2026.xlsx
JAHAZIEL FACIO;Edil Escobar Mendoza;;MEDICO;NEU PED;Hospital Materno Infantil;LA PAZ;0;;B;SEM 1 MIE AM;Do1987;36;False;LPZ JAHAZIEL FACIO KARDEX SEP 2026.xlsx
JAHAZIEL FACIO;Edith Nina;F;MEDICO;ONC;Oncoclinic;LA PAZ;;;B;SEM 3 VIE AM;;212;False;LPZ JAHAZIEL FACIO KARDEX SEP 2026.xlsx
JAHAZIEL FACIO;Edson Flores Vargas;;MEDICO;PED;Hospital Del Niño;LA PAZ;0;;C;SEM 1 JUE AM;Do2646;52;True;LPZ JAHAZIEL FACIO KARDEX SEP 2026.xlsx
JAHAZIEL FACIO;Elizabeth Infantes;F;MEDICO;MAX;cident;LA PAZ;;;C;SEM 3 JUE AM;;200;False;LPZ JAHAZIEL FACIO KARDEX SEP 2026.xlsx
JAHAZIEL FACIO;Elvira Ali;;MEDICO;GIN;Hospital de la mujer;LA PAZ;0;;C;SEM 2 VIE PM;Do1345;154;False;LPZ JAHAZIEL FACIO KARDEX SEP 2026.xlsx
JAHAZIEL FACIO;Emilio Pardo Navarro;;MEDICO;MIN;Hospital San Gabriel;LA PAZ;0;;C;SEM 1 MIE PM;Do3227;46;True;LPZ JAHAZIEL FACIO KARDEX SEP 2026.xlsx
JAHAZIEL FACIO;Enrique Calisaya Roldan;M;MEDICO;MFA;Hospital Arco Iris;LA PAZ;75918568;;C;SEM 1 MIE PM;Do2436;47;False;LPZ JAHAZIEL FACIO KARDEX SEP 2026.xlsx
JAHAZIEL FACIO;Enrique Coritza;M;MEDICO;NEC;Hospital de Clinicas;LA PAZ;0;;C;SEM 1 LUN PM;Do2301;12;True;LPZ JAHAZIEL FACIO KARDEX SEP 2026.xlsx
JAHAZIEL FACIO;Erick Auza Paredes;M;MEDICO;NEF;Hospital Arco Iris;LA PAZ;0;;C;SEM 1 JUE AM;Do214;53;False;LPZ JAHAZIEL FACIO KARDEX SEP 2026.xlsx
JAHAZIEL FACIO;Erick Jarandilla;M;MEDICO;CIR;Cossmill;LA PAZ;;;C;SEM 4 JUE PM;;262;False;LPZ JAHAZIEL FACIO KARDEX SEP 2026.xlsx
JAHAZIEL FACIO;Erick Padilla;M;MEDICO;ODO PED;6 de agosto;LA PAZ;;;C;SEM 3 VIE PM;;220;False;LPZ JAHAZIEL FACIO KARDEX SEP 2026.xlsx
JAHAZIEL FACIO;Erika M. Calisaya M.;;MEDICO;MGE;clínica modelo;LA PAZ;;;C;SEM 4 JUE AM;;251;False;LPZ JAHAZIEL FACIO KARDEX SEP 2026.xlsx
JAHAZIEL FACIO;Fabiola Choque Lopez;F;MEDICO;END;6 de agosto Seg Universitario;LA PAZ;;;A;SEM 4 MIE PM;;250;False;LPZ JAHAZIEL FACIO KARDEX SEP 2026.xlsx
JAHAZIEL FACIO;Fabiola Mallea Valencia;F;MEDICO;DER;Cossmil;LA PAZ;0;;C;SEM 1 MAR PM;Do1790;30;False;LPZ JAHAZIEL FACIO KARDEX SEP 2026.xlsx
JAHAZIEL FACIO;Fanny Calani Cusi;;MEDICO;NEF;Cossmil;LA PAZ;70377555;;C;SEM 1 VIE AM;Do4225*;65;True;LPZ JAHAZIEL FACIO KARDEX SEP 2026.xlsx
JAHAZIEL FACIO;Fatima Castillo;F;MEDICO;CAR;Torax;LA PAZ;0;;C;SEM 2 JUE PM;Do1189;134;False;LPZ JAHAZIEL FACIO KARDEX SEP 2026.xlsx
JAHAZIEL FACIO;Federico fortun;;MEDICO;NEU;Hospital de clínicas;LA PAZ;0;;C;SEM 2 MAR PM;Do4699;110;False;LPZ JAHAZIEL FACIO KARDEX SEP 2026.xlsx
JAHAZIEL FACIO;Felix Fernández;M;MEDICO;ONC;Hospital de clínicas;LA PAZ;0;;C;SEM 2 MAR PM;Do3779;111;True;LPZ JAHAZIEL FACIO KARDEX SEP 2026.xlsx
JAHAZIEL FACIO;Fernando Revollo;M;MEDICO;URO;Clínica La Paz CNS;LA PAZ;;;C;SEM 4 JUE AM;;252;False;LPZ JAHAZIEL FACIO KARDEX SEP 2026.xlsx
JAHAZIEL FACIO;fernando Romero Alanez;M;MEDICO;GIN;Hospital de La Mujer;LA PAZ;75918568;;C;SEM 1 MIE PM;Do2436*;48;True;LPZ JAHAZIEL FACIO KARDEX SEP 2026.xlsx
JAHAZIEL FACIO;Fernando Terrazas;M;MEDICO;NEU;Hospital Materno infantil;LA PAZ;;;C;SEM 3 MAR PM;;183;False;LPZ JAHAZIEL FACIO KARDEX SEP 2026.xlsx
JAHAZIEL FACIO;Flavio Canqui Cadena;;MEDICO;NEU;Clínica La Paz CNS;LA PAZ;;;C;SEM 4 JUE AM;;253;False;LPZ JAHAZIEL FACIO KARDEX SEP 2026.xlsx
JAHAZIEL FACIO;Franco Huayta;M;MEDICO;MGE;Clinica Amid;LA PAZ;69700165;;B;SEM 1 LUN AM;;2;;LPZ JAHAZIEL FACIO KARDEX SEP 2026.xlsx
JAHAZIEL FACIO;Franz Nistthauz;M;MEDICO;GIN;femsanare;LA PAZ;;;C;SEM 3 JUE AM;;201;False;LPZ JAHAZIEL FACIO KARDEX SEP 2026.xlsx
JAHAZIEL FACIO;Gabriel Gutierrez;M;MEDICO;NEM;Cossmil;LA PAZ;0;;C;SEM 1 MAR PM;Do3590;31;True;LPZ JAHAZIEL FACIO KARDEX SEP 2026.xlsx
JAHAZIEL FACIO;Gabriel Rivera Caba;M;MEDICO;MIN;Hospital de clínicas;LA PAZ;;;C;SEM 4 MAR AM;;232;False;LPZ JAHAZIEL FACIO KARDEX SEP 2026.xlsx
JAHAZIEL FACIO;Gema Herrera Belmonte;;MEDICO;MED PALEATIVA;Hospital de clínicas;LA PAZ;72283027;;C;SEM 3 LUN AM;Do1364;161;False;LPZ JAHAZIEL FACIO KARDEX SEP 2026.xlsx
JAHAZIEL FACIO;Gladys Alanoca M;F;MEDICO;CAR;Cossmil;LA PAZ;0;;C;SEM 2 JUE AM;Do1985;128;True;LPZ JAHAZIEL FACIO KARDEX SEP 2026.xlsx
JAHAZIEL FACIO;Gonzalo Chaquira Yujra;M;MEDICO;EME;Hospital de clínicas;LA PAZ;0;;C;SEM 2 MAR AM;Do3198;102;True;LPZ JAHAZIEL FACIO KARDEX SEP 2026.xlsx
JAHAZIEL FACIO;Gonzalo Flores Quispe;M;MEDICO;MGE;Ende;LA PAZ;0;;B;SEM 1 LUN AM;Do1895*;2;True;LPZ JAHAZIEL FACIO KARDEX SEP 2026.xlsx
JAHAZIEL FACIO;Gonzalo Peredo;M;MEDICO;ONC;oncomed;LA PAZ;;;C;SEM 3 MIE PM;;193;False;LPZ JAHAZIEL FACIO KARDEX SEP 2026.xlsx
JAHAZIEL FACIO;Guido Machaca;M;MEDICO;EME;Hospital de clínicas;LA PAZ;;;C;SEM 4 MIE AM;;240;False;LPZ JAHAZIEL FACIO KARDEX SEP 2026.xlsx
JAHAZIEL FACIO;Gunder Aguirre Nina;;MEDICO;GIN;Hospital de la mujer;LA PAZ;0;;C;SEM 2 MAR AM;Do572;103;False;LPZ JAHAZIEL FACIO KARDEX SEP 2026.xlsx
JAHAZIEL FACIO;Hans González;;MEDICO;CAR;Torax;LA PAZ;;;C;SEM 4 MIE AM;;241;False;LPZ JAHAZIEL FACIO KARDEX SEP 2026.xlsx
JAHAZIEL FACIO;Héctor Fajardo;M;MEDICO;MIN;Hospital de clínicas;LA PAZ;0;;C;SEM 2 JUE PM;Do1542;135;True;LPZ JAHAZIEL FACIO KARDEX SEP 2026.xlsx
JAHAZIEL FACIO;Helen Morales Heredia;F;MEDICO;MGE;Cec Les mora;LA PAZ;0;;C;SEM 2 VIE AM;Do1384;144;False;LPZ JAHAZIEL FACIO KARDEX SEP 2026.xlsx
JAHAZIEL FACIO;Helga Paz Fernandez;;MEDICO;GIN;Cies Miraflores;LA PAZ;0;;C;SEM 1 MAR AM;Do839;18;True;LPZ JAHAZIEL FACIO KARDEX SEP 2026.xlsx
JAHAZIEL FACIO;Henry Chipana Quispe;M;MEDICO;PED;Hospital Del Niño;LA PAZ;0;;C;SEM 2 JUE AM;Do1985*;129;False;LPZ JAHAZIEL FACIO KARDEX SEP 2026.xlsx
JAHAZIEL FACIO;Hugo Badani Gutiérrez;M;MEDICO;NEF;Clínica Del Sur;LA PAZ;0;;C;SEM 2 MAR PM;Do243;104;True;LPZ JAHAZIEL FACIO KARDEX SEP 2026.xlsx
JAHAZIEL FACIO;Humberto Espinoza;M;MEDICO;MGE;Shopping La Cumbre;LA PAZ;0;;C;SEM 1 VIE PM;Do1265;73;False;LPZ JAHAZIEL FACIO KARDEX SEP 2026.xlsx
JAHAZIEL FACIO;Humberto Zeballos;M;MEDICO;TRA;Hospital Obrero;LA PAZ;0;;C;SEM 1 MIE AM;Do380;37;False;LPZ JAHAZIEL FACIO KARDEX SEP 2026.xlsx
JAHAZIEL FACIO;Ian Magne M.;;MEDICO;MGE;CIES especialidades;LA PAZ;0;;A;SEM 2 VIE PM;Do2957;156;False;LPZ JAHAZIEL FACIO KARDEX SEP 2026.xlsx
JAHAZIEL FACIO;Ignacio López Bilbao;M;MEDICO;END;Hospital de clínicas;LA PAZ;0;;B;SEM 2 MAR PM;Do1548;112;True;LPZ JAHAZIEL FACIO KARDEX SEP 2026.xlsx
JAHAZIEL FACIO;Igor Toco;M;MEDICO;NEC;Hospital de clínicas;LA PAZ;0;;C;SEM 3 LUN AM;Do4246;162;False;LPZ JAHAZIEL FACIO KARDEX SEP 2026.xlsx
JAHAZIEL FACIO;Ivonne Nina Orellana;F;MEDICO;NEM;Tórax;LA PAZ;0;;B;SEM 2 LUN AM;Do1676;85;False;LPZ JAHAZIEL FACIO KARDEX SEP 2026.xlsx
JAHAZIEL FACIO;J. David Maldonado Y Calderon;M;MEDICO;END;Hospital Obrero;LA PAZ;0;;C;SEM 1 MIE AM;Do384;38;True;LPZ JAHAZIEL FACIO KARDEX SEP 2026.xlsx
JAHAZIEL FACIO;Jackeline Gerónimo;;MEDICO;ONC;Cossmil;LA PAZ;;;C;SEM 3 MIE AM;;186;False;LPZ JAHAZIEL FACIO KARDEX SEP 2026.xlsx
JAHAZIEL FACIO;Jaime Carrasco;M;MEDICO;MGE;Hospital Arco Iris;LA PAZ;;;C;SEM 3 VIE PM;;221;False;LPZ JAHAZIEL FACIO KARDEX SEP 2026.xlsx
JAHAZIEL FACIO;Jaime Mansilla;M;MEDICO;MIN;Hospital de clínicas;LA PAZ;0;;C;SEM 3 LUN PM;Do1344;167;False;LPZ JAHAZIEL FACIO KARDEX SEP 2026.xlsx
JAHAZIEL FACIO;Jaime Sanchez 0sinaga;M;MEDICO;GIN;Hospital de La Mujer;LA PAZ;0;;C;SEM 1 MAR PM;Do4924;32;True;LPZ JAHAZIEL FACIO KARDEX SEP 2026.xlsx
JAHAZIEL FACIO;Javier Arene;M;MEDICO;DER;Av Busch;LA PAZ;;;C;SEM 4 JUE PM;;259;False;LPZ JAHAZIEL FACIO KARDEX SEP 2026.xlsx
JAHAZIEL FACIO;Javier Callpa Callpa;M;MEDICO;NEF;Hospital de Clinicas;LA PAZ;70377555;;C;SEM 1 VIE AM;Do3104;66;True;LPZ JAHAZIEL FACIO KARDEX SEP 2026.xlsx
JAHAZIEL FACIO;Javier Reguerin Lopez;M;MEDICO;TRA;Cossmil;LA PAZ;60649369;;C;SEM 1 VIE AM;Do2436;67;False;LPZ JAHAZIEL FACIO KARDEX SEP 2026.xlsx
JAHAZIEL FACIO;Javier Soliz Ortiz;M;MEDICO;CAR;Hospital Luis Uria;LA PAZ;;;C;SEM 3 VIE PM;;222;False;LPZ JAHAZIEL FACIO KARDEX SEP 2026.xlsx
JAHAZIEL FACIO;Jesica López Paredes;;MEDICO;CAR;Torax;LA PAZ;0;;C;SEM 3 LUN AM;Do1500;163;False;LPZ JAHAZIEL FACIO KARDEX SEP 2026.xlsx
JAHAZIEL FACIO;Jesús Gómez Mendivil;M;MEDICO;EME;Torax;LA PAZ;;;C;SEM 4 MAR AM;;233;False;LPZ JAHAZIEL FACIO KARDEX SEP 2026.xlsx
JAHAZIEL FACIO;Jhazmin Paniagua Medina;;MEDICO;GIN;Cies Villa Fatima;LA PAZ;0;;C;SEM 1 MAR AM;Do3657;19;True;LPZ JAHAZIEL FACIO KARDEX SEP 2026.xlsx
JAHAZIEL FACIO;Jhon Condori Tinta;;MEDICO;CAR;hospital de clínicas;LA PAZ;0;;C;SEM 3 MAR AM;Do3719;171;False;LPZ JAHAZIEL FACIO KARDEX SEP 2026.xlsx
JAHAZIEL FACIO;Jorge Castro Landivar;M;MEDICO;MAX;Ed Ibita;LA PAZ;0;;C;SEM 1 VIE PM;Do1759;74;False;LPZ JAHAZIEL FACIO KARDEX SEP 2026.xlsx
JAHAZIEL FACIO;Jorge Jiménez Torrez;M;MEDICO;NEC;Av Busch;LA PAZ;;;C;SEM 3 VIE PM;;223;False;LPZ JAHAZIEL FACIO KARDEX SEP 2026.xlsx
JAHAZIEL FACIO;Jorge Oporto;M;MEDICO;NEM;Tórax;LA PAZ;0;;B;SEM 2 LUN AM;Do1676*;86;True;LPZ JAHAZIEL FACIO KARDEX SEP 2026.xlsx
JAHAZIEL FACIO;Jose Luis Castellon T.;M;MEDICO;MFA;CNS Villa Fatima;LA PAZ;0;;C;SEM 1 JUE PM;Do4539;63;False;LPZ JAHAZIEL FACIO KARDEX SEP 2026.xlsx
JAHAZIEL FACIO;Juan Carlos Durán Quiroz;M;MEDICO;NEU;Miraflores;LA PAZ;;;A;SEM 3 VIE AM;;213;False;LPZ JAHAZIEL FACIO KARDEX SEP 2026.xlsx
JAHAZIEL FACIO;Juan Carlos Mamani Sullca;M;MEDICO;CIR;Hospital Obrero;LA PAZ;0;;C;SEM 1 MIE AM;Do4288;39;False;LPZ JAHAZIEL FACIO KARDEX SEP 2026.xlsx
JAHAZIEL FACIO;Juan Carlos Tórrez Mérida;M;MEDICO;NEU;Clínica La Paz CNS;LA PAZ;;;C;SEM 3 VIE AM;;214;False;LPZ JAHAZIEL FACIO KARDEX SEP 2026.xlsx
JAHAZIEL FACIO;Juan Gabriel Millares F.;M;MEDICO;NEU;Hospital Arco Iris;LA PAZ;;;C;SEM 4 JUE AM;;254;False;LPZ JAHAZIEL FACIO KARDEX SEP 2026.xlsx
JAHAZIEL FACIO;Juan Jose Blanco Ferri;M;MEDICO;CAR;Hospital Arco Iris;LA PAZ;0;;C;SEM 2 MIE AM;Do551;113;False;LPZ JAHAZIEL FACIO KARDEX SEP 2026.xlsx
JAHAZIEL FACIO;Juan José Choque Cruz;M;MEDICO;URO;Cossmil;LA PAZ;;;A;SEM 3 MAR PM;;184;False;LPZ JAHAZIEL FACIO KARDEX SEP 2026.xlsx
JAHAZIEL FACIO;Juan Jose Choque Murga;M;MEDICO;MGE;Villa Fatima;LA PAZ;0;;C;SEM 1 MAR AM;Do3545;20;False;LPZ JAHAZIEL FACIO KARDEX SEP 2026.xlsx
JAHAZIEL FACIO;Juan Paredes Montevilla;M;MEDICO;NEC;Hospital de clínicas;LA PAZ;0;;C;SEM 2 LUN AM;Do3823;87;True;LPZ JAHAZIEL FACIO KARDEX SEP 2026.xlsx
JAHAZIEL FACIO;Juan Quinteros;M;MEDICO;CIR COLO;Hospital Arco Iris;LA PAZ;;;C;SEM 3 VIE PM;;224;False;LPZ JAHAZIEL FACIO KARDEX SEP 2026.xlsx
JAHAZIEL FACIO;Juan Yahuita Quisbert;M;MEDICO;MIN;Hospital de clínicas;LA PAZ;;;C;SEM 4 MAR PM;;234;False;LPZ JAHAZIEL FACIO KARDEX SEP 2026.xlsx
JAHAZIEL FACIO;Karla Ocampo;F;MEDICO;MGE;Pro salud Miraflores;LA PAZ;;;C;SEM 4 MAR PM;;235;False;LPZ JAHAZIEL FACIO KARDEX SEP 2026.xlsx
JAHAZIEL FACIO;Karla Quisbert Portugal;F;MEDICO;NEC;Hospital de Clinicas;LA PAZ;77480001;;C;SEM 1 MAR AM;Do1467;21;False;LPZ JAHAZIEL FACIO KARDEX SEP 2026.xlsx
JAHAZIEL FACIO;Katia Ocampo Mendoza;;MEDICO;MGE;Pro salud Miraflores;LA PAZ;0;;C;SEM 2 MIE AM;Do2556;114;False;LPZ JAHAZIEL FACIO KARDEX SEP 2026.xlsx
JAHAZIEL FACIO;Keila Rosales;;MEDICO;PRO;Cossmil;LA PAZ;0;;A;SEM 2 MAR PM;Do4799;105;True;LPZ JAHAZIEL FACIO KARDEX SEP 2026.xlsx
JAHAZIEL FACIO;Kelly Villa;;MEDICO;END;Hospital de clínicas;LA PAZ;;;C;SEM 3 MAR AM;;172;False;LPZ JAHAZIEL FACIO KARDEX SEP 2026.xlsx
JAHAZIEL FACIO;ken Tarque;;MEDICO;GIN;Hospital de La Mujer;LA PAZ;0;;C;SEM 2 MIE AM;Do2556*;115;True;LPZ JAHAZIEL FACIO KARDEX SEP 2026.xlsx
JAHAZIEL FACIO;Leisy Cabezas Bedregal;;MEDICO;GIN;Hospital Arco Iris;LA PAZ;76976555;;C;SEM 2 MIE AM;Do137;116;False;LPZ JAHAZIEL FACIO KARDEX SEP 2026.xlsx
JAHAZIEL FACIO;Lourdes Zapata;F;MEDICO;GIN;Pro salud Miraflores;LA PAZ;76976555;;C;SEM 2 MIE AM;Do3715;117;True;LPZ JAHAZIEL FACIO KARDEX SEP 2026.xlsx
JAHAZIEL FACIO;Lucia Gonzales Teran;F;MEDICO;URO;Cies Villa Fatima;LA PAZ;0;;C;SEM 1 MAR AM;Do1050;23;False;LPZ JAHAZIEL FACIO KARDEX SEP 2026.xlsx
JAHAZIEL FACIO;Ludwing de La Rocha;;MEDICO;MGE;Ende;LA PAZ;0;;C;SEM 1 MAR PM;Do1289;33;False;LPZ JAHAZIEL FACIO KARDEX SEP 2026.xlsx
JAHAZIEL FACIO;Luis F. Rodriguez Lemus;M;MEDICO;NEC;Cossmil;LA PAZ;0;;C;SEM 3 LUN AM;Do1206*;159;True;LPZ JAHAZIEL FACIO KARDEX SEP 2026.xlsx
JAHAZIEL FACIO;Luis Fernando Monte Rey Ayllon;M;MEDICO;NEM PED;Pradix;LA PAZ;;;A;SEM 4 MAR PM;;236;False;LPZ JAHAZIEL FACIO KARDEX SEP 2026.xlsx
JAHAZIEL FACIO;Luis Fernando Rodríguez Lemus;M;MEDICO;NEU;Cossmil;LA PAZ;;;C;SEM 4 MAR PM;;237;False;LPZ JAHAZIEL FACIO KARDEX SEP 2026.xlsx
JAHAZIEL FACIO;Luis López Rivero;M;MEDICO;GIN;clínica modelo;LA PAZ;;;C;SEM 3 JUE AM;;202;False;LPZ JAHAZIEL FACIO KARDEX SEP 2026.xlsx
JAHAZIEL FACIO;Luis M Duchén;M;MEDICO;NEC;Pradix;LA PAZ;;;A;SEM 3 MAR PM;;185;False;LPZ JAHAZIEL FACIO KARDEX SEP 2026.xlsx
JAHAZIEL FACIO;Manfred Vargas Paredes;;MEDICO;GIN;Pro salud miraflores;LA PAZ;0;;C;SEM 1 MAR AM;Do1760;24;True;LPZ JAHAZIEL FACIO KARDEX SEP 2026.xlsx
JAHAZIEL FACIO;Mara Acha Marin;;MEDICO;CAR;Clinica Modelo;LA PAZ;0;;C;SEM 2 MAR AM;Do4456;96;True;LPZ JAHAZIEL FACIO KARDEX SEP 2026.xlsx
JAHAZIEL FACIO;Marcelo Lenz;M;MEDICO;CAR;cardiomed;LA PAZ;;;C;SEM 4 VIE AM;;263;False;LPZ JAHAZIEL FACIO KARDEX SEP 2026.xlsx
JAHAZIEL FACIO;Marcelo Posadas del Rio;M;MEDICO;GIN;Hc Medic;LA PAZ;;;C;SEM 4 MAR AM;;226;False;LPZ JAHAZIEL FACIO KARDEX SEP 2026.xlsx
JAHAZIEL FACIO;Marco Antonio Rios G.;M;MEDICO;MGE;De La Paz Stadium;LA PAZ;0;;C;SEM 1 LUN AM;Do2494*;4;True;LPZ JAHAZIEL FACIO KARDEX SEP 2026.xlsx
JAHAZIEL FACIO;Marco Ortiz Fernandez;M;MEDICO;MGE;Hospital Arco Iris;LA PAZ;0;;C;SEM 1 JUE AM;Do1515;54;True;LPZ JAHAZIEL FACIO KARDEX SEP 2026.xlsx
JAHAZIEL FACIO;María E Tejada Ocampo;F;MEDICO;NEU;Seguro Universitario;LA PAZ;0;;C;SEM 3 LUN PM;Do440;168;False;LPZ JAHAZIEL FACIO KARDEX SEP 2026.xlsx
JAHAZIEL FACIO;Maria Rene Chacon;F;MEDICO;MIN;Prosalud Miraflores;LA PAZ;;;B;SEM 4 MIE PM;;249;False;LPZ JAHAZIEL FACIO KARDEX SEP 2026.xlsx
JAHAZIEL FACIO;María Salmas Campana;F;MEDICO;END;Pro salud Miraflores;LA PAZ;;;C;SEM 3 MAR AM;;178;False;LPZ JAHAZIEL FACIO KARDEX SEP 2026.xlsx
JAHAZIEL FACIO;María Tereza Nieto Coronel;F;MEDICO;ONC;oncopalia;LA PAZ;;;A;SEM 3 MAR PM;;179;False;LPZ JAHAZIEL FACIO KARDEX SEP 2026.xlsx
JAHAZIEL FACIO;Marianela Villagomez;F;MEDICO;MGE;Cossmil;LA PAZ;0;;C;SEM 1 JUE PM;Do679;57;False;LPZ JAHAZIEL FACIO KARDEX SEP 2026.xlsx
JAHAZIEL FACIO;Mariel Romero Mendoza;;MEDICO;GIN;Hospital de la Merced;LA PAZ;0;;C;SEM 2 VIE AM;Do1904;145;True;LPZ JAHAZIEL FACIO KARDEX SEP 2026.xlsx
JAHAZIEL FACIO;Mariel Villegas;;MEDICO;GAS;Ccordes;LA PAZ;0;;C;SEM 1 JUE AM;Do1608;55;True;LPZ JAHAZIEL FACIO KARDEX SEP 2026.xlsx
JAHAZIEL FACIO;Maritza Natalia Candia;;MEDICO;ONC;Cossmil;LA PAZ;;;C;SEM 3 MIE AM;;187;False;LPZ JAHAZIEL FACIO KARDEX SEP 2026.xlsx
JAHAZIEL FACIO;Marlene V. Maldonado;F;MEDICO;MGE;CNS Villa Fatima;LA PAZ;70377555;;C;SEM 1 JUE PM;Do4225;64;False;LPZ JAHAZIEL FACIO KARDEX SEP 2026.xlsx
JAHAZIEL FACIO;Marylin Pool;;MEDICO;PED;Clinica Modelo;LA PAZ;0;;C;SEM 1 LUN PM;Do2771;13;True;LPZ JAHAZIEL FACIO KARDEX SEP 2026.xlsx
JAHAZIEL FACIO;Mauricio Arraya Cabezas;M;MEDICO;INMU;Cossmil;LA PAZ;0;;C;SEM 2 LUN PM;Do4442;95;True;LPZ JAHAZIEL FACIO KARDEX SEP 2026.xlsx
JAHAZIEL FACIO;Mayra Calcina Amurrio;F;MEDICO;EME;Hospital de la Merced;LA PAZ;0;;C;SEM 2 VIE AM;Do1558;146;False;LPZ JAHAZIEL FACIO KARDEX SEP 2026.xlsx
JAHAZIEL FACIO;Mayra N. Y. Quispe;F;MEDICO;GIN;Hospital de la mujer;LA PAZ;0;;C;SEM 2 MAR PM;Do846;106;True;LPZ JAHAZIEL FACIO KARDEX SEP 2026.xlsx
JAHAZIEL FACIO;Melissa Jauregui;;MEDICO;MAX;Miraflores;LA PAZ;;;C;SEM 4 JUE PM;;260;False;LPZ JAHAZIEL FACIO KARDEX SEP 2026.xlsx
JAHAZIEL FACIO;Melvi Herrera;;MEDICO;GIN;Hospital de la mujer;LA PAZ;;;C;SEM 3 MIE AM;;188;False;LPZ JAHAZIEL FACIO KARDEX SEP 2026.xlsx
JAHAZIEL FACIO;Miguel Fernández;M;MEDICO;MGE;Amid;LA PAZ;;;C;SEM 4 MIE AM;;242;False;LPZ JAHAZIEL FACIO KARDEX SEP 2026.xlsx
JAHAZIEL FACIO;Miguel Fernandez Quispe;M;MEDICO;EME;Hospital de Clinicas;LA PAZ;0;;C;SEM 1 LUN AM;Do4301;5;True;LPZ JAHAZIEL FACIO KARDEX SEP 2026.xlsx
JAHAZIEL FACIO;Miguel Ortega Garcia;M;MEDICO;MIN;Hospital De La Merced;LA PAZ;75918568;;C;SEM 1 VIE AM;Do2436*;68;True;LPZ JAHAZIEL FACIO KARDEX SEP 2026.xlsx
JAHAZIEL FACIO;Milenca Henao;;MEDICO;NEF;Miraflores;LA PAZ;;;C;SEM 4 MIE AM;;243;False;LPZ JAHAZIEL FACIO KARDEX SEP 2026.xlsx
JAHAZIEL FACIO;Milenka Mabi Calderon A.;;MEDICO;GIN;Hospital De La Merced;LA PAZ;75918568;;C;SEM 1 VIE AM;Do3173;69;True;LPZ JAHAZIEL FACIO KARDEX SEP 2026.xlsx
JAHAZIEL FACIO;Milton Farfan Villca;M;MEDICO;MGE;Nutri salud;LA PAZ;70793184;;C;SEM 1 VIE PM;Do3582;75;True;LPZ JAHAZIEL FACIO KARDEX SEP 2026.xlsx
JAHAZIEL FACIO;Milton Herrera;M;MEDICO;URO;Cies San Pedro;LA PAZ;;;C;SEM 4 MIE PM;;247;False;LPZ JAHAZIEL FACIO KARDEX SEP 2026.xlsx
JAHAZIEL FACIO;Mirko Mantilla;;MEDICO;CAR;Díaz Romero;LA PAZ;;;C;SEM 4 VIE AM;;264;False;LPZ JAHAZIEL FACIO KARDEX SEP 2026.xlsx
JAHAZIEL FACIO;Mirtha Meneces;;MEDICO;DER;Ed. Ibita;LA PAZ;0;;C;SEM 2 MAR AM;Do838;97;False;LPZ JAHAZIEL FACIO KARDEX SEP 2026.xlsx
JAHAZIEL FACIO;Nils Alejandro Zeballos Soliz;;MEDICO;CAR;Clinica Modelo;LA PAZ;0;;C;SEM 1 LUN PM;Do4535;14;True;LPZ JAHAZIEL FACIO KARDEX SEP 2026.xlsx
JAHAZIEL FACIO;Oscar Calderon Valdez;;MEDICO;GAS;Hospital Arco Iris;LA PAZ;0;;C;SEM 1 JUE PM;Do2168;58;False;LPZ JAHAZIEL FACIO KARDEX SEP 2026.xlsx
JAHAZIEL FACIO;Oscar Lopez Miranda;;MEDICO;CAR;Seguro Universitario;LA PAZ;0;;C;SEM 3 LUN PM;Do3407;169;True;LPZ JAHAZIEL FACIO KARDEX SEP 2026.xlsx
JAHAZIEL FACIO;Pablo Surco;M;MEDICO;MGE;Sagrada familia;LA PAZ;0;;C;SEM 2 VIE AM;Do765;149;False;LPZ JAHAZIEL FACIO KARDEX SEP 2026.xlsx
JAHAZIEL FACIO;Pablo Teran Salazar;M;MEDICO;URO;Hospital arco iris;LA PAZ;70793184;;C;SEM 1 VIE PM;Do556;76;False;LPZ JAHAZIEL FACIO KARDEX SEP 2026.xlsx
JAHAZIEL FACIO;Pablo Villegas Tufino;M;MEDICO;CIR;Hospital Arco Iris;LA PAZ;0;;C;SEM 1 JUE PM;Do104;59;False;LPZ JAHAZIEL FACIO KARDEX SEP 2026.xlsx
JAHAZIEL FACIO;Pamela Delgadillo;F;MEDICO;GIN;clínica modelo;LA PAZ;;;C;SEM 3 JUE AM;;203;False;LPZ JAHAZIEL FACIO KARDEX SEP 2026.xlsx
JAHAZIEL FACIO;Pamela Plaza Ordóñez;F;MEDICO;ONC;Hospital de clínicas;LA PAZ;;;C;SEM 3 MAR AM;;174;False;LPZ JAHAZIEL FACIO KARDEX SEP 2026.xlsx
JAHAZIEL FACIO;Pamela Salinas;F;MEDICO;DER;Hospital Arco Iris;LA PAZ;;;C;SEM 4 VIE AM;;265;False;LPZ JAHAZIEL FACIO KARDEX SEP 2026.xlsx
JAHAZIEL FACIO;Paola Belloni;F;MEDICO;ORT;Ed José Antonio;LA PAZ;;;C;SEM 4 JUE PM;;261;False;LPZ JAHAZIEL FACIO KARDEX SEP 2026.xlsx
JAHAZIEL FACIO;Paola Castillo Santander;F;MEDICO;MIN;Clinica Modelo;LA PAZ;77936677;;C;SEM 2 MAR AM;Do1327;98;False;LPZ JAHAZIEL FACIO KARDEX SEP 2026.xlsx
JAHAZIEL FACIO;Patricia Asturizaga;F;MEDICO;GIN;Hospital Materno Infantil;LA PAZ;0;;B;SEM 1 MIE AM;Do1124;40;False;LPZ JAHAZIEL FACIO KARDEX SEP 2026.xlsx
JAHAZIEL FACIO;Patricia Loa;F;MEDICO;MGE;So Medic;LA PAZ;;;C;SEM 4 MAR PM;;238;False;LPZ JAHAZIEL FACIO KARDEX SEP 2026.xlsx
JAHAZIEL FACIO;Patricia Villarroel Fernández;F;MEDICO;ONC;Hospital de clínicas;LA PAZ;;;C;SEM 3 MIE AM;;189;False;LPZ JAHAZIEL FACIO KARDEX SEP 2026.xlsx
JAHAZIEL FACIO;Ponciano Chiri;;MEDICO;CAR;renuevate;LA PAZ;;;C;SEM 3 MIE PM;;194;False;LPZ JAHAZIEL FACIO KARDEX SEP 2026.xlsx
JAHAZIEL FACIO;Rafael Choque Ayarde;;MEDICO;ONC;Hospital de clínicas;LA PAZ;;;C;SEM 3 JUE AM;;204;False;LPZ JAHAZIEL FACIO KARDEX SEP 2026.xlsx
JAHAZIEL FACIO;Rafael Flores;;MEDICO;GIN;Hospital de La Mujer;LA PAZ;0;;C;SEM 1 LUN AM;Do207;6;False;LPZ JAHAZIEL FACIO KARDEX SEP 2026.xlsx
JAHAZIEL FACIO;Ramiro de Bejar Fiorilo;;MEDICO;GIN;Hospital de La Mujer;LA PAZ;0;;C;SEM 1 LUN PM;Do968;15;False;LPZ JAHAZIEL FACIO KARDEX SEP 2026.xlsx
JAHAZIEL FACIO;Ramiro Pinilla Lizárraga;;MEDICO;CIR;clínica modelo;LA PAZ;;;C;SEM 3 VIE AM;;215;False;LPZ JAHAZIEL FACIO KARDEX SEP 2026.xlsx
JAHAZIEL FACIO;Raquel Alegre Serrano;F;MEDICO;OTO;Ed Olimpia;LA PAZ;70793184;;C;SEM 1 VIE PM;Do556*;77;True;LPZ JAHAZIEL FACIO KARDEX SEP 2026.xlsx
JAHAZIEL FACIO;Raquel Gutierrez;F;MEDICO;MIN;H. obreo;LA PAZ;;;C;SEM 4 VIE PM;;273;False;LPZ JAHAZIEL FACIO KARDEX SEP 2026.xlsx
JAHAZIEL FACIO;Raquel Gutierrez F.;F;MEDICO;MIN;H. Obrero;LA PAZ;0;;C;SEM 1 LUN PM;Do1586;11;True;LPZ JAHAZIEL FACIO KARDEX SEP 2026.xlsx
JAHAZIEL FACIO;Raúl Arteaga;M;MEDICO;REU;clínica modelo;LA PAZ;;;A;SEM 3 VIE AM;;216;False;LPZ JAHAZIEL FACIO KARDEX SEP 2026.xlsx
JAHAZIEL FACIO;Remedios Larico;;MEDICO;NEM;Cossmil;LA PAZ;0;;C;SEM 1 LUN PM;Do3848;9;True;LPZ JAHAZIEL FACIO KARDEX SEP 2026.xlsx
JAHAZIEL FACIO;Renato Ticona;;MEDICO;CAR;Hospital Luis Uria;LA PAZ;;;C;SEM 4 VIE AM;;266;False;LPZ JAHAZIEL FACIO KARDEX SEP 2026.xlsx
JAHAZIEL FACIO;Rene Zabalaga Abuday;M;MEDICO;OTO;Hosp Arco Iris;LA PAZ;0;;B;SEM 2 JUE PM;Do1152;141;False;LPZ JAHAZIEL FACIO KARDEX SEP 2026.xlsx
JAHAZIEL FACIO;Renny Villanueva;;MEDICO;CAR;Hospital Luis Uria;LA PAZ;;;C;SEM 4 VIE AM;;267;False;LPZ JAHAZIEL FACIO KARDEX SEP 2026.xlsx
JAHAZIEL FACIO;Reynaldo Condori Mendoza;;MEDICO;EME;Cossmil;LA PAZ;0;;C;SEM 2 MAR AM;Do2521;99;True;LPZ JAHAZIEL FACIO KARDEX SEP 2026.xlsx
JAHAZIEL FACIO;Ricardo Landivar;M;MEDICO;DIA;Instituto de Oftalmología;LA PAZ;;;C;SEM 3 MIE PM;;195;False;LPZ JAHAZIEL FACIO KARDEX SEP 2026.xlsx
JAHAZIEL FACIO;Ricardo Quiroga;M;MEDICO;CAR;Miraflores;LA PAZ;;;C;SEM 4 MAR AM;;227;False;LPZ JAHAZIEL FACIO KARDEX SEP 2026.xlsx
JAHAZIEL FACIO;Richard Patiño Aguilar;M;MEDICO;NEU PED;Hospital Materno infantil;LA PAZ;;;C;SEM 4 JUE AM;;255;False;LPZ JAHAZIEL FACIO KARDEX SEP 2026.xlsx
JAHAZIEL FACIO;Roberto Charles Zabala Perez;M;MEDICO;CAR;Cossmil;LA PAZ;0;;C;SEM 2 MAR PM;Do846*;107;True;LPZ JAHAZIEL FACIO KARDEX SEP 2026.xlsx
JAHAZIEL FACIO;Roberto Montalvo;M;MEDICO;DENT;edif. Colibri Av. Buch;LA PAZ;;;B;SEM 4 MIE PM;;248;False;LPZ JAHAZIEL FACIO KARDEX SEP 2026.xlsx
JAHAZIEL FACIO;Rodney Rafael Cordero;;MEDICO;MIN;Hospital Arco Iris;LA PAZ;0;;C;SEM 2 MIE AM;Do1349;118;False;LPZ JAHAZIEL FACIO KARDEX SEP 2026.xlsx
JAHAZIEL FACIO;Rodny Rivero Rivas;;MEDICO;MIN;Torax;LA PAZ;0;;C;SEM 1 LUN AM;Do2413;7;True;LPZ JAHAZIEL FACIO KARDEX SEP 2026.xlsx
JAHAZIEL FACIO;Rodrigo Cabezas;M;MEDICO;MGE;Cies Villa Fátima;LA PAZ;0;;C;SEM 2 JUE PM;Do1542*;136;False;LPZ JAHAZIEL FACIO KARDEX SEP 2026.xlsx
JAHAZIEL FACIO;Rodrigo Espinoza Iturri;M;MEDICO;END;ed Londres;LA PAZ;;;B;SEM 3 JUE PM;;205;False;LPZ JAHAZIEL FACIO KARDEX SEP 2026.xlsx
JAHAZIEL FACIO;Roger Pozzo;;MEDICO;GAS;Hospital Arco Iris;LA PAZ;0;;B;SEM 2 JUE PM;Do4887;137;True;LPZ JAHAZIEL FACIO KARDEX SEP 2026.xlsx
JAHAZIEL FACIO;Roly Hidalgo;;MEDICO;EMG;Cossmil;LA PAZ;;;C;SEM 4 LUN AM;;225;False;LPZ JAHAZIEL FACIO KARDEX SEP 2026.xlsx
JAHAZIEL FACIO;Rommel Velasquez Bozo;;MEDICO;NEC;hospital de clínicas;LA PAZ;;;C;SEM 3 MAR AM;;175;False;LPZ JAHAZIEL FACIO KARDEX SEP 2026.xlsx
JAHAZIEL FACIO;Ronald Quisbert Mamani;M;MEDICO;MGE;Apex Medic San Pedro;LA PAZ;0;;;SEM 2 VIE PM;Do1206;158;False;LPZ JAHAZIEL FACIO KARDEX SEP 2026.xlsx
JAHAZIEL FACIO;Ronald Tarquino Vasquez;M;MEDICO;GIN;Hospital Arco Iris;LA PAZ;0;;C;SEM 1 JUE PM;Do4299;60;True;LPZ JAHAZIEL FACIO KARDEX SEP 2026.xlsx
JAHAZIEL FACIO;Rosario Ramos;;MEDICO;MIN;Cossmil;LA PAZ;69148328;;C;SEM 2 LUN PM;Do933;89;False;LPZ JAHAZIEL FACIO KARDEX SEP 2026.xlsx
JAHAZIEL FACIO;Rossy Gutierrez;;MEDICO;MGE;ce Salud;LA PAZ;0;;C;SEM 2 VIE PM;Do1304;151;False;LPZ JAHAZIEL FACIO KARDEX SEP 2026.xlsx
JAHAZIEL FACIO;Ruben Bautista Mamani;M;MEDICO;EME;Hospital de Clinicas;LA PAZ;0;;C;SEM 1 MIE PM;Do180;42;False;LPZ JAHAZIEL FACIO KARDEX SEP 2026.xlsx
JAHAZIEL FACIO;Ruben Fuertes Robles;M;MEDICO;COLO;Hospital de Clinicas;LA PAZ;0;;C;SEM 1 VIE AM;Do3028;70;True;LPZ JAHAZIEL FACIO KARDEX SEP 2026.xlsx
JAHAZIEL FACIO;Ruddy Coaquira Tarqui;;MEDICO;TRA;Hospital Materno infantil;LA PAZ;;;C;SEM 4 JUE AM;;256;False;LPZ JAHAZIEL FACIO KARDEX SEP 2026.xlsx
JAHAZIEL FACIO;Rusvel Nina Luque;;MEDICO;MGE;Ce Salud;LA PAZ;0;;C;SEM 2 JUE AM;Do1870;131;False;LPZ JAHAZIEL FACIO KARDEX SEP 2026.xlsx
JAHAZIEL FACIO;SanCastro;;MEDICO;REU;Hospital Obrero;LA PAZ;;;C;SEM 3 VIE AM;;217;False;LPZ JAHAZIEL FACIO KARDEX SEP 2026.xlsx
JAHAZIEL FACIO;Sandor Torrez;;MEDICO;MGE;Clinica Modelo;LA PAZ;0;;C;SEM 2 LUN AM;Do3446;80;True;LPZ JAHAZIEL FACIO KARDEX SEP 2026.xlsx
JAHAZIEL FACIO;Segundino Ortega Alvarado;;MEDICO;GIN;Hospital de La Mujer;LA PAZ;0;;C;SEM 2 MAR AM;Do1438;100;False;LPZ JAHAZIEL FACIO KARDEX SEP 2026.xlsx
JAHAZIEL FACIO;Sergio Espinoza;M;MEDICO;ONC;Cossmil;LA PAZ;0;;A;SEM 2 JUE PM;Do3924;138;False;LPZ JAHAZIEL FACIO KARDEX SEP 2026.xlsx
JAHAZIEL FACIO;Sergio Espinoza Guibarra;M;MEDICO;CIR ONC;Cossmil;LA PAZ;0;;A;SEM 1 VIE PM;Do2642;78;False;LPZ JAHAZIEL FACIO KARDEX SEP 2026.xlsx
JAHAZIEL FACIO;Sharon Tapia;;MEDICO;GIN;Hospital de la mujer;LA PAZ;0;;C;SEM 2 VIE PM;Do1345*;155;False;LPZ JAHAZIEL FACIO KARDEX SEP 2026.xlsx
JAHAZIEL FACIO;Soraya Colque Churata;;MEDICO;END;Policonsultorio 9 de abril;;;;B;SEM 4 MIE AM;;;;LPZ JAHAZIEL FACIO KARDEX SEP 2026.xlsx
JAHAZIEL FACIO;Stilbert Salgueiro;;MEDICO;ANG;Torax;LA PAZ;;;C;SEM 4 MAR AM;;228;False;LPZ JAHAZIEL FACIO KARDEX SEP 2026.xlsx
JAHAZIEL FACIO;Tania Arancibia Baspinero;;MEDICO;EST;Pradix;LA PAZ;0;;C;SEM 2 MAR PM;Do203;108;False;LPZ JAHAZIEL FACIO KARDEX SEP 2026.xlsx
JAHAZIEL FACIO;Ulises Castillo Quispe;;MEDICO;M.GEN;av. 6 de agosto Clinimed$6 de agosto;LA PAZ;0;;C;SEM 2 LUN PM;Do4214*;91;True;LPZ JAHAZIEL FACIO KARDEX SEP 2026.xlsx
JAHAZIEL FACIO;Valeria Condori Nina;F;MEDICO;MGE;Hc Medic;LA PAZ;;;C;SEM 3 MAR PM;;180;False;LPZ JAHAZIEL FACIO KARDEX SEP 2026.xlsx
JAHAZIEL FACIO;Valeria Duran Peña;F;MEDICO;NEF PED;Hospital Arco Iris;LA PAZ;0;;C;SEM 2 JUE PM;Do4808;139;True;LPZ JAHAZIEL FACIO KARDEX SEP 2026.xlsx
JAHAZIEL FACIO;Vania Blanco Blanco;;MEDICO;MFA;Cossmil;LA PAZ;0;;C;SEM 1 JUE PM;Do64;61;False;LPZ JAHAZIEL FACIO KARDEX SEP 2026.xlsx
JAHAZIEL FACIO;Veronica Ayala Zapata;F;MEDICO;NUTRI;;COCHABAMBA;69436756;;A;SEM 4 VIE PM;;274;False;LPZ JAHAZIEL FACIO KARDEX SEP 2026.xlsx
JAHAZIEL FACIO;Vicente C. Monrroy;M;MEDICO;GIN;Hospital Materno Infantil;LA PAZ;0;;A;SEM 1 MIE PM;Do180*;43;True;LPZ JAHAZIEL FACIO KARDEX SEP 2026.xlsx
JAHAZIEL FACIO;Victor Aranibar Paredez;M;MEDICO;URO PED;Hospital Materno Infantil;LA PAZ;0;;C;SEM 1 MIE PM;Do3899;44;True;LPZ JAHAZIEL FACIO KARDEX SEP 2026.xlsx
JAHAZIEL FACIO;Víctor Berrios;M;MEDICO;NEC;ed Hilda;LA PAZ;;;C;SEM 4 VIE AM;;268;False;LPZ JAHAZIEL FACIO KARDEX SEP 2026.xlsx
JAHAZIEL FACIO;Victor Hugo Salvatierra Taboada;M;MEDICO;CAR VAS;Torax;LA PAZ;;;B;SEM 3 MAR PM;;181;False;LPZ JAHAZIEL FACIO KARDEX SEP 2026.xlsx
JAHAZIEL FACIO;Virginia Patzi condori;;MEDICO;GIN;av. 6 de agosto Seg Universitario;LA PAZ;0;;B;SEM 2 LUN PM;Do4214;90;False;LPZ JAHAZIEL FACIO KARDEX SEP 2026.xlsx
JAHAZIEL FACIO;Vivían Machicado;F;MEDICO;GIN;Hospital Materno infantil;LA PAZ;;;C;SEM 3 MIE PM;;196;False;LPZ JAHAZIEL FACIO KARDEX SEP 2026.xlsx
JAHAZIEL FACIO;Vladimir Roca Calderón;M;MEDICO;ONC;Hospital de clínicas;LA PAZ;;;C;SEM 3 MAR AM;;176;False;LPZ JAHAZIEL FACIO KARDEX SEP 2026.xlsx
JAHAZIEL FACIO;Walter Montaño Chavez;M;MEDICO;URO;H. obrero;LA PAZ;;;C;SEM 4 VIE PM;;272;False;LPZ JAHAZIEL FACIO KARDEX SEP 2026.xlsx
JAHAZIEL FACIO;Wenceslao Ochoa R.;;MEDICO;CIR VAS;Torax;LA PAZ;0;;C;SEM 1 LUN AM;Do2462;8;True;LPZ JAHAZIEL FACIO KARDEX SEP 2026.xlsx
JAHAZIEL FACIO;Wendy Condorcett;F;MEDICO;GIN;Hospital de la mujer;LA PAZ;;;C;SEM 4 MIE AM;;245;False;LPZ JAHAZIEL FACIO KARDEX SEP 2026.xlsx
JAHAZIEL FACIO;Willy Luis Ramos;M;MEDICO;GIN;Hospital de La Mujer;LA PAZ;0;;C;SEM 1 MIE PM;Do814;45;True;LPZ JAHAZIEL FACIO KARDEX SEP 2026.xlsx
JAHAZIEL FACIO;Wilma Chavez;;MEDICO;EMER;Sopocachi Clinica Policial;LA PAZ;0;;C;SEM 2 LUN PM;Do774;92;False;LPZ JAHAZIEL FACIO KARDEX SEP 2026.xlsx
JAHAZIEL FACIO;Yamil Silvano calle Chávez;;MEDICO;NEC;Hospital de clínicas;LA PAZ;;;C;SEM 3 MIE AM;;190;False;LPZ JAHAZIEL FACIO KARDEX SEP 2026.xlsx
JAHAZIEL FACIO;Yelizabad Mateljan;;MEDICO;END;Miraflores;LA PAZ;;;A;SEM 4 MAR AM;;229;False;LPZ JAHAZIEL FACIO KARDEX SEP 2026.xlsx
JAHAZIEL FACIO;Yohany Crespo;;MEDICO;MGE;Ce Salud;LA PAZ;0;;C;SEM 2 JUE AM;Do3;132;True;LPZ JAHAZIEL FACIO KARDEX SEP 2026.xlsx
JAHAZIEL FACIO;Zair Soruco Urrias;;MEDICO;MGE;De La Paz Stadium;LA PAZ;0;;C;SEM 2 MAR AM;Do909;101;False;LPZ JAHAZIEL FACIO KARDEX SEP 2026.xlsx
JOSHUA;DR ADALID TAPIA VEGA;M;MEDICO;CIRUJANO;H. SAN VICENTE;CBBA;75961212;;B;;;;False;DATA.KARDEX.xlsx
JOSHUA;DRA ADELA AMAYA SISI MEJIA;F;MEDICO;ALERGOLOGA;EDF CEMPRO;CBBA;61628976;;B;;;;False;DATA.KARDEX.xlsx
JOSHUA;ADELA GAMBOA;F;MEDICO;DERMATOLOGA;C. HAMIRAYA ENTRE MEXICO Y REZA;CBBA;;;B;;;;False;DATA.KARDEX.xlsx
JOSHUA;DRA ALBERTO VILCAEZ FLORES;F;MEDICO;INTERNISTA;IGBJ;CBBA;72700897;;C;;;;False;DATA.KARDEX.xlsx
JOSHUA;DRA ALEJANDRA CLAUDIA ESTRADA VILLARROEL;F;MEDICO;INFECTOLOGA;BELGA;CBBA;72507983;;B;;;;False;DATA.KARDEX.xlsx
JOSHUA;DR ALEJANDRO TORRICO TERCEROS;M;MEDICO;NEUROCIRUJANO;NUR;CBBA;65368302;;A;;;;False;DATA.KARDEX.xlsx
JOSHUA;DRA ALICIA CRESPO LA GRAM;F;MEDICO;OFTALMOLOGA;CLINICA LOS OJOS;CBBA;73109315;;C;;;;False;DATA.KARDEX.xlsx
JOSHUA;DRA ALISON NAVA ROJAS;F;MEDICO;NEFROLOGA;CAJA NACIONAL SALUD;CBBA;62747256;;C;;;;False;DATA.KARDEX.xlsx
JOSHUA;DR ALVARO RHONY ORELLANA;M;MEDICO;DERMATOLOGO;EDF GOLDEN;CBBA;76904442;;C;;;;False;DATA.KARDEX.xlsx
JOSHUA;DRA ANA CANEDO ROSALES;F;MEDICO;OTORRINO;EDF CEMPRO;CBBA;77974020;;B;;;;False;DATA.KARDEX.xlsx
JOSHUA;DR ANDRES ZACONETA;M;MEDICO;TRAUMATOLOGO;EDF GUADALUPE;CBBA;71731123;;C;;;;False;DATA.KARDEX.xlsx
JOSHUA;DRA ANNA VOLZ GALVEZ;F;MEDICO;PEDIATRA;AVANDSALUD;CBBA;71728913;;C;;;;False;DATA.KARDEX.xlsx
JOSHUA;DRA ANNEL ZEGARRA CAMACHO;F;MEDICO;GINECOLOGA OBSTETRA;CAJA DE CAMINOS;CBBA;70357016;;C;;;;False;DATA.KARDEX.xlsx
JOSHUA;DR ANTONIO LARA TORRICO;M;MEDICO;UROLOGO;EDF CONCORDIA;CBBA;70720660;;B;;;;False;DATA.KARDEX.xlsx
JOSHUA;DRA ARIANA TORRICO SALINAS;F;MEDICO;INTERNISTA;BELGA;CBBA;61677773;;A;;;;False;DATA.KARDEX.xlsx
JOSHUA;DR ARNOLD VERGARA MONTAL;M;MEDICO;TRAUMATOLOGO;TORRE MEDICA CRUZ DEL SUR;CBBA;76972041;;A;;;;False;DATA.KARDEX.xlsx
JOSHUA;DR AUGUSTO TAPIA;M;MEDICO;CIRUJANO;H. SAN VICENTE;CBBA;76437103;;B;;;;False;DATA.KARDEX.xlsx
JOSHUA;DRA BELKY VILLARROEL COCA;F;MEDICO;GINECOLOGA OBSTETRA;CAJA NACIONAL SALUD;CBBA;73799555;;B;;;;False;DATA.KARDEX.xlsx
JOSHUA;DR BENJO MIGUEL GARECA;M;MEDICO;CIRUJANO;RAMON RIVERO;CBBA;;;C;;;;False;DATA.KARDEX.xlsx
JOSHUA;DRA BRUNA QUINTEROS ACUñA;F;MEDICO;INTERNISTA;H. UNIVALLE;CBBA;77964655;;C;;;;False;DATA.KARDEX.xlsx
JOSHUA;DR CARLOS EDGAR LOPEZ LOPEZ;M;MEDICO;CARDIOLOGO;COMBASE;CBBA;69448191;;B;;;;False;DATA.KARDEX.xlsx
JOSHUA;DR CARLOS HUGO DORADO;M;MEDICO;CIRUJANO;JAIME CANELAS;CBBA;69522320;;A;;;;False;DATA.KARDEX.xlsx
JOSHUA;DR CARLOS MARIO CARPIO OTERO;M;MEDICO;GINECOLOGO OBSTETRA;CENTRO ROCHA;CBBA;70763737;;B;;;;False;DATA.KARDEX.xlsx
JOSHUA;DR CARLOS TERAN ESCALERA;M;MEDICO;PEDIATRA;TORRE TRIBECA;CBBA;70713298;;C;;;;False;DATA.KARDEX.xlsx
JOSHUA;DR CARLOS TERAN MIRANDA;M;MEDICO;PEDIATRA;TORRE TRIBECA;CBBA;67443333;;B;;;;False;DATA.KARDEX.xlsx
JOSHUA;DRA CARMEN CRISTINA PACHECO DE ARZE;F;MEDICO;GASTRO;IGBJ;CBBA;70758114;;C;;;;False;DATA.KARDEX.xlsx
JOSHUA;DRA CARMEN MARY VILLARROEL SENZANO;F;MEDICO;INTERNISTA;CAJA PETROLERA;CBBA;62654749;;B;;;;False;DATA.KARDEX.xlsx
JOSHUA;DRA CAROLINA ACHA MORATO;F;MEDICO;DERMATOLOGA;PAISE;CBBA;71462801;;B;;;;False;DATA.KARDEX.xlsx
JOSHUA;DR CESAR ANDY MAMANI VIDAL;M;MEDICO;CARDIOLOGO;OQUENDO Y PACCIRI;CBBA;70741030;;A;;;;False;DATA.KARDEX.xlsx
JOSHUA;DR CESAR AUGUSTO ANGULO;M;MEDICO;CIRUJANO;EDF SISTECO;CBBA;72275625;;B;;;;False;DATA.KARDEX.xlsx
JOSHUA;DRA CINTHYA PATRICIA OLMOS ARNEZ;F;MEDICO;PEDIATRA;CONTINENTAL;CBBA;77493282;;B;;;;False;DATA.KARDEX.xlsx
JOSHUA;DRA CLAUDIA RIVERA;F;MEDICO;CIRUJANO;TORRES SOFFER;CBBA;70809943;;C;;;;False;DATA.KARDEX.xlsx
JOSHUA;DRA CORAL RUIZ SOLIZ;F;MEDICO;DERMATOLOGA;LOS OLIVOS JESUS;CBBA;72747936;;B;;;;False;DATA.KARDEX.xlsx
JOSHUA;DRA CORDOVA AMURRIO;F;MEDICO;CIRUJANO;COSSMIL;CBBA;72258234;;C;;;;False;DATA.KARDEX.xlsx
JOSHUA;DR CRISTIAN PANTOJA;M;MEDICO;TRAUMATOLOGO;CLINICA LASER;CBBA;70721765;;C;;;;False;DATA.KARDEX.xlsx
JOSHUA;DR DANIEL AYALA CAREAGA;M;MEDICO;UROLOGO;COSSMIL;CBBA;71885718;;B;;;;False;DATA.KARDEX.xlsx
JOSHUA;DR DANIEL GUERRA HERBAS;M;MEDICO;GASTRO;UNIMED;CBBA;;;B;;;;False;DATA.KARDEX.xlsx
JOSHUA;DR DANIEL JALDIN;M;MEDICO;GASTRO;IGBJ;CBBA;79373670;;C;;;;False;DATA.KARDEX.xlsx
JOSHUA;DRA DANIELA VELASQUEZ NOGALES;F;MEDICO;GINECOLOGA OBSTETRA;OQUENDO Y PACCIRI;CBBA;69414777;;C;;;;False;DATA.KARDEX.xlsx
JOSHUA;DRA DANIELLA SAPIENCIA SANJINEZ;F;MEDICO;NEFROLOGA;NEFRODIAL;CBBA;78098847;;B;;;;False;DATA.KARDEX.xlsx
JOSHUA;DR DENNIS LOPEZ VACA;M;MEDICO;INFECTOLOGO;CLINICA COPACABANA;CBBA;70787812;;A;;;;False;DATA.KARDEX.xlsx
JOSHUA;DR DIEGO GARCIA ALBA;M;MEDICO;UROLOGO;CLINICA COPACABANA;CBBA;74375471;;B;;;;False;DATA.KARDEX.xlsx
JOSHUA;DR DIEGO GARCIAL ALBA;M;MEDICO;UROLOGO;CLINICA COPACABANA;CBBA;74375471;;B;;;;False;DATA.KARDEX.xlsx
JOSHUA;DRA DUNNIA MALDONADO MOLINA;F;MEDICO;HEMATOLOGA;H. UNIVALLE;CBBA;72712280;;B;;;;False;DATA.KARDEX.xlsx
JOSHUA;DR EDGAR ROCHA ORTUÑO;M;MEDICO;PEDIATRA;EDF CEMPRO;CBBA;;;C;;;;False;DATA.KARDEX.xlsx
JOSHUA;DR EDMUNDO LAZO HOLLKONS;M;MEDICO;GASTRO;IGBJ;CBBA;;;C;;;;False;DATA.KARDEX.xlsx
JOSHUA;DR EDWARD GARCIA PEñALOZA;M;MEDICO;INTERNISTA;CAJA NACIONAL SALUD;CBBA;73792500;;B;;;;False;DATA.KARDEX.xlsx
JOSHUA;DR EDWIN LOPEZ ANGULO;M;MEDICO;PEDIATRA;TORRE TRIBECA;CBBA;70764536;;B;;;;False;DATA.KARDEX.xlsx
JOSHUA;DR EDWIN TORREZ ARANIBAR;M;MEDICO;CIR;H. UNIVALLE;CBBA;;;C;;;;False;DATA.KARDEX.xlsx
JOSHUA;DR ELIAS ISRRAEL ASBUM VICENTE;M;MEDICO;PEDIATRA;PLAZUELA BUSCH;CBBA;63552165;;B;;;;False;DATA.KARDEX.xlsx
JOSHUA;DRA ELIZABETH DE LA FUENTE;F;MEDICO;GINECOLOGA OBSTETRA;EDF GUADALUPE;CBBA;72702199;;C;;;;False;DATA.KARDEX.xlsx
JOSHUA;DR ELOY PADILLA SALVATIERRA;M;MEDICO;UROLOGO;COMBASE;CBBA;71732804;;C;;;;False;DATA.KARDEX.xlsx
JOSHUA;DR ERWIN HOCHSTATTER;M;MEDICO;PEDIATRA;CIMFA SUR CNS;CBBA;71726067;;C;;;;False;DATA.KARDEX.xlsx
JOSHUA;DR ESTEBAN JUSTINIANO;M;MEDICO;CIRUJANO;CLINICA LASER;CBBA;65519204;;C;;;;False;DATA.KARDEX.xlsx
JOSHUA;DR EZEQUIEL WALTER;M;MEDICO;TRAUMATOLOGO;CIES URUGUAY;CBBA;77973331;;B;;;;False;DATA.KARDEX.xlsx
JOSHUA;DRA FABIOLA CHAIRA LIA;F;MEDICO;PEDIATRA;CLINICA POLICIAL;CBBA;70397295;;A;;;;False;DATA.KARDEX.xlsx
JOSHUA;DRA FABIOLA COSSIO HERRERA;F;MEDICO;CIRUJANO;HEROINAS Y AYACUCHO;CBBA;69440309;;B;;;;False;DATA.KARDEX.xlsx
JOSHUA;DR GERSON MEJIA;M;MEDICO;ONCOLOGO;GLOBAL MED;CBBA;70716212;;A;;;;False;DATA.KARDEX.xlsx
JOSHUA;DRA GILESA CAYO CHAVEZ;F;MEDICO;CIRUJANO;ANNIE ATAI;CBBA;71231457;;B;;;;False;DATA.KARDEX.xlsx
JOSHUA;DR GIUSEPPE ESTEBAN GRANDY ARANDA;M;MEDICO;PEDIATRA;CAJA PETROLERA;CBBA;77910108;;B;;;;False;DATA.KARDEX.xlsx
JOSHUA;DR GUSTAVO MICHEL QUISPE;M;MEDICO;GAS;IGBJ;CBBA;;;C;;;;False;DATA.KARDEX.xlsx
JOSHUA;DR GUSTAVO TERCEROS ZEGARRA;M;MEDICO;CIRUJANO;CLINICA MORALES;CBBA;79787480;;B;;;;False;DATA.KARDEX.xlsx
JOSHUA;DR HANS FERREIRA VILLA;M;MEDICO;INTERNISTA;SERVICARDIO;CBBA;74837250;;A;;;;False;DATA.KARDEX.xlsx
JOSHUA;DR HANS GARY VIGNOLA;M;MEDICO;COLONOSCOPISTA;CIES URUGUAY;CBBA;77997253;;C;;;;False;DATA.KARDEX.xlsx
JOSHUA;DRA HELKA BARRERO;F;MEDICO;PEDIATRA;AV AMERICA COLEGIO SAN AUGUSTIN;CBBA;76999579;;C;;;;False;DATA.KARDEX.xlsx
JOSHUA;DR HEVER GARCIA FERNANDEZ;M;MEDICO;INTERNISTA;IGBJ;CBBA;77923380;;C;;;;False;DATA.KARDEX.xlsx
JOSHUA;DRA HEYDI MONTAÑO;F;MEDICO;CIRUJANO;CALAMA Y SAN MARTIN;CBBA;63552165;;B;;;;False;DATA.KARDEX.xlsx
JOSHUA;DRA INES AYLLON;F;MEDICO;NEUMOLOGA;EDF GUADALUPE;CBBA;72218161;;B;;;;False;DATA.KARDEX.xlsx
JOSHUA;DRA INGRID GUERRA SOLIS;F;MEDICO;GASTRO;UNIMED;CBBA;77438518;;A;;;;False;DATA.KARDEX.xlsx
JOSHUA;DRA JACKELINE JAMACHI;F;MEDICO;EMERGENCIAS;EDF CEMPRO;CBBA;77443406;;B;;;;False;DATA.KARDEX.xlsx
JOSHUA;DRA JACKELINE SEVERICH GUARDIA;F;MEDICO;GINECOLOGO;EDF CEMPRO;CBBA;77438212;;B;;;;False;DATA.KARDEX.xlsx
JOSHUA;DRA JANNET COCA POZO;F;MEDICO;INTERNISTA;CAJA NACIONAL SALUD;CBBA;79397544;;B;;;;False;DATA.KARDEX.xlsx
JOSHUA;DR JAVIER BUSTAMANTE MORALES;M;MEDICO;CARDIOLOGO;CAJA NACIONAL SALUD;CBBA;72260146;;C;;;;False;DATA.KARDEX.xlsx
JOSHUA;DR JAVIERO RIVERO ZABALAGA;M;MEDICO;PEDIATRA;TORRE TRIBECA;CBBA;;;C;;;;False;DATA.KARDEX.xlsx
JOSHUA;DR JOAQUIN LOPEZ ARANA;M;MEDICO;GINECOLOGO OBSTETRA;AYACUCHO Y ECUADOR;CBBA;;;C;;;;False;DATA.KARDEX.xlsx
JOSHUA;DR JORGE AVILES SARMIENTO;M;MEDICO;EPIDEMIOLOGO;CAJA PETROLERA;CBBA;70745106;;C;;;;False;DATA.KARDEX.xlsx
JOSHUA;DR JORGE RAMIRO AGUILAR AYALA;M;MEDICO;OFTALMOLOGO;CLINICA LOS OJOS;CBBA;70790009;;A;;;;False;DATA.KARDEX.xlsx
JOSHUA;DR JORGE RUBEN TAPIA TERCEROS;M;MEDICO;CIRUJANO;CLINICA CBBA;CBBA;71728135;;B;;;;False;DATA.KARDEX.xlsx
JOSHUA;DR JORGE SANDOVAL CASTELLON;M;MEDICO;CIRUJANO;SETON;CBBA;72270488;;B;;;;False;DATA.KARDEX.xlsx
JOSHUA;DR JOSE ANTONIO ZEGADA;M;MEDICO;OFTALMOLOGO;CONTINENTAL;CBBA;70790669;;C;;;;False;DATA.KARDEX.xlsx
JOSHUA;DR JUAN CARLOS SANCHEZ UGARTE;M;MEDICO;GASTRO;CLINICA ARANJUEZ;CBBA;77430006;;A;;;;False;DATA.KARDEX.xlsx
JOSHUA;DR JUAN CESPEDES VARGAS;M;MEDICO;INTERNISTA;IGBJ;CBBA;79782199;;C;;;;False;DATA.KARDEX.xlsx
JOSHUA;DR JUAN NIKOLAY MADARIAGA BEDOYA;M;MEDICO;PEDIATRA;HIPERMAXI BLANCO GALINDO;CBBA;70304694;;B;;;;False;DATA.KARDEX.xlsx
JOSHUA;DR JULIO LOPEZ;M;MEDICO;CARDIOLOGO;COLOMBIA CASI ECUADOR;CBBA;63998813;;C;;;;False;DATA.KARDEX.xlsx
JOSHUA;DRA KAREN MARIEL DELGADO;F;MEDICO;CIRUJANO;MEDICMA ANTEZANA CASI URUGUAY;CBBA;72777723;;B;;;;False;DATA.KARDEX.xlsx
JOSHUA;DRA KARINA CARTAGENA PEREZ;F;MEDICO;GASTRO;IGBJ;CBBA;72255557;;B;;;;False;DATA.KARDEX.xlsx
JOSHUA;DRA KATUSHA SALINAS TAPIA;F;MEDICO;INTERNISTA;MATERNO;CBBA;71468606;;C;;;;False;DATA.KARDEX.xlsx
JOSHUA;LAB SALUD LAB;;MEDICO;LABORATORIO;LABORATORIO;CBBA;63881947;;C;;;;False;DATA.KARDEX.xlsx
JOSHUA;LABORATORIO JHON;;MEDICO;LABORATORIO;AURELIO MELEAN;CBBA;79970547;;C;;;;False;DATA.KARDEX.xlsx
JOSHUA;LABORATORIO MEDCU;;MEDICO;LABORATORIO;GALERIA LOS ANGELES;CBBA;77407718;;C;;;;False;DATA.KARDEX.xlsx
JOSHUA;LABORATORIO PRO SANGRE;;MEDICO;LABORATORIO;UNIMED;CBBA;72754501;;C;;;;False;DATA.KARDEX.xlsx
JOSHUA;LABORATORIO SEÑOR DE MAYO;;MEDICO;LABORATORIO;CALLE PASTEUR;CBBA;77455984;;B;;;;False;DATA.KARDEX.xlsx
JOSHUA;DR LEANDRO GONZALES ORLANDINI;M;MEDICO;INTERNISTA;BELGA;CBBA;76518337;;B;;;;False;DATA.KARDEX.xlsx
JOSHUA;DRA LESLY PEREIRA TERAN;F;MEDICO;DERMATOLOGA;SERVIMED;CBBA;69462924;;B;;;;False;DATA.KARDEX.xlsx
JOSHUA;DRA LIZBETH ESPINOZA SILEZ;F;MEDICO;PEDIATRA;CORDES;CBBA;63989763;;C;;;;False;DATA.KARDEX.xlsx
JOSHUA;DRA LUCY TERAN;F;MEDICO;GINECOLOGA OBSTETRA;MATERNO;CBBA;;;C;;;;False;DATA.KARDEX.xlsx
JOSHUA;DR LUIS GONZALO MELEAN CAMACHO;M;MEDICO;PEDIATRA;EDF JAQUE;CBBA;;;B;;;;False;DATA.KARDEX.xlsx
JOSHUA;DR LUIS JAVIER DIEZ CANSECO RUIZ;M;MEDICO;INTERNISTA;BELGA;CBBA;73786605;;B;;;;False;DATA.KARDEX.xlsx
JOSHUA;DR LUIS MERCADO MALDONADO;M;MEDICO;CARDIOLOGO;CONTINENTAL;CBBA;63932500;;B;;;;False;DATA.KARDEX.xlsx
JOSHUA;DR LUIS NINA SILES;M;MEDICO;CIRUJANO;CALAMA Y SAN MARTIN;CBBA;72280111;;B;;;;False;DATA.KARDEX.xlsx
JOSHUA;DR LUIS VEITEMILLAS VEIZAGA;M;MEDICO;CIRUJANO;GALERIA LOS ANGELES;CBBA;75193355;;C;;;;False;DATA.KARDEX.xlsx
JOSHUA;DR MARCELO DELGADO;M;MEDICO;PSIQUIATRA;EDF CEMPRO;CBBA;;;C;;;;False;DATA.KARDEX.xlsx
JOSHUA;DR MARCELO JUAN LOMA PAZ;M;MEDICO;UROLOGO;COSSMIL;CBBA;79706838;;B;;;;False;DATA.KARDEX.xlsx
JOSHUA;DR MARCELO LACAZE QUIROGA;M;MEDICO;PEDIATRA;AV. AMERICA CASI EUDORO;CBBA;77876122;;A;;;;False;DATA.KARDEX.xlsx
JOSHUA;DR MARCO ACEVEDO FERNANDEZ;M;MEDICO;UROLOGO;OQUENDO Y PACCIRI;CBBA;70391726;;C;;;;False;DATA.KARDEX.xlsx
JOSHUA;DRA MARIA CRISTINA MENDEZ MUÑOS;F;MEDICO;PEDIATRA;ALBINA PATINHO;CBBA;70349935;;B;;;;False;DATA.KARDEX.xlsx
JOSHUA;DRA MARIA DEL CARMEN CABEZAS;F;MEDICO;CIRUJANO;IGBJ;CBBA;79345460;;B;;;;False;DATA.KARDEX.xlsx
JOSHUA;DRA MARIA ESTHER GUERRA GONZALES;F;MEDICO;OFTALMOLOGA;EDF GUADALUPE;CBBA;70758337;;B;;;;False;DATA.KARDEX.xlsx
JOSHUA;DRA MARIA LAURA VALENZUELA VERA;F;MEDICO;GASTRO;CORDES;CBBA;69439243;;B;;;;False;DATA.KARDEX.xlsx
JOSHUA;DRA MARIA LUISA AVENDAÑO;F;MEDICO;CARDIOLOGA;RAMON RIVERO;CBBA;72262478;;B;;;;False;DATA.KARDEX.xlsx
JOSHUA;DRA MARIA SUSANA RODRIGUEZ;F;MEDICO;ENDOCRINOLOGA;AVANDSALUD;CBBA;71752636;;B;;;;False;DATA.KARDEX.xlsx
JOSHUA;DRA MARIA TERESA ESPINOZA;F;MEDICO;GINECOLOGA;LOS ANGELES PISO 4;CBBA;71714674;;C;;;;False;DATA.KARDEX.xlsx
JOSHUA;DR MARIO FERNANDO ARACENA OROZCO;M;MEDICO;EMERGENCIAS;LOS ANGELES PB;CBBA;70739547;;B;;;;False;DATA.KARDEX.xlsx
JOSHUA;DRA MAURA VALLE PEREZ;F;MEDICO;GINECOLOGA OBSTETRA;CAJA NACIONAL SALUD;CBBA;74380901;;C;;;;False;DATA.KARDEX.xlsx
JOSHUA;DRA MERY GUZMAN RODRIGUEZ;F;MEDICO;CIRUJANO;CENTRO MEDICO BETHEL;CBBA;67464413;;C;;;;False;DATA.KARDEX.xlsx
JOSHUA;DR MIGUEL ANGEL OZUNA LOPEZ;M;MEDICO;ENDOCRINOLOGO;SERVIMED;CBBA;;;B;;;;False;DATA.KARDEX.xlsx
JOSHUA;DR MIGUEL ANGEL SALINAS;M;MEDICO;DIABETOLOGO;CLINICA LA TORRE;CBBA;76922467;;B;;;;False;DATA.KARDEX.xlsx
JOSHUA;DR MILTON GASTON ANDRADE TORRICO;M;MEDICO;CIRUJANO;COMBASE;CBBA;77441138;;C;;;;False;DATA.KARDEX.xlsx
JOSHUA;DR MIRKO ANTONIO VILLARROEL GUTIERREZ;M;MEDICO;PEDIATRA;SETON;CBBA;76440010;;B;;;;False;DATA.KARDEX.xlsx
JOSHUA;DRA MIRNA MARCELA SERRATE QUISPE;F;MEDICO;GINECOLOGA OBSTETRA;TORRES SOFFER;CBBA;70386048;;B;;;;False;DATA.KARDEX.xlsx
JOSHUA;DRA MIRNA SERRATE;F;MEDICO;GINECOLOGA OBSTETRA;HIPERMAXI OQUENDO;CBBA;70386048;;A;;;;False;DATA.KARDEX.xlsx
JOSHUA;DRA NANCY OTERO;F;MEDICO;CIRUJANO;IGBJ;CBBA;71734795;;B;;;;False;DATA.KARDEX.xlsx
JOSHUA;DR NESTOR CAVERO ROCABADO;M;MEDICO;CIRUJANO;CORDES;CBBA;67558888;;C;;;;False;DATA.KARDEX.xlsx
JOSHUA;DR NOEL CASTRO ARICOMA;M;MEDICO;GINECOLOGO OBSTETRA;MATERNO;CBBA;73889249;;B;;;;False;DATA.KARDEX.xlsx
JOSHUA;DRA NOELIA VARGAS ROJAS;F;MEDICO;CIRUJANO;AYACUCHO Y LA PAZ;CBBA;60348070;;C;;;;False;DATA.KARDEX.xlsx
JOSHUA;DRA NOEMI OROPEZA CUSSI;F;MEDICO;ENDOCRINOLOGA;CAJA PETROLERA;CBBA;71497367;;C;;;;False;DATA.KARDEX.xlsx
JOSHUA;DRA NORMA GUERRA SOLIS;F;MEDICO;ALERGOLOGA;UNIMED;CBBA;67447887;;B;;;;False;DATA.KARDEX.xlsx
JOSHUA;DR NORMAN REINAGA BALDERRAMA;M;MEDICO;ENDOCRINOLOGO;TORRES SOFFER;CBBA;72739296;;B;;;;False;DATA.KARDEX.xlsx
JOSHUA;DR OMAR ANGULO TABORGA;M;MEDICO;ONCOLOGO;GLOBAL MED;CBBA;77422788;;A;;;;False;DATA.KARDEX.xlsx
JOSHUA;DR OMAR MUSTAFA MILAN;M;MEDICO;TRAUMATOLOGO;CLINICA LASER;CBBA;72274319;;B;;;;False;DATA.KARDEX.xlsx
JOSHUA;DRA OSCAR AVILA UGARTE;F;MEDICO;CIRUJANO;EDF CEMPRO;CBBA;71731172;;B;;;;False;DATA.KARDEX.xlsx
JOSHUA;OSVALDO LOPEZ;;MEDICO;ONCOLOGO;C. HAMIRAYA ENTRE MEXICO Y REZA;CBBA;;;B;;;;False;DATA.KARDEX.xlsx
JOSHUA;DR PABLO CESPEDES SOTO;M;MEDICO;CARDIOLOGO;VIEDMA;CBBA;79786102;;C;;;;False;DATA.KARDEX.xlsx
JOSHUA;DR PATRICIA PAZ SOLDAN;M;MEDICO;CARDIOLOGA;NUR;CBBA;70361924;;A;;;;False;DATA.KARDEX.xlsx
JOSHUA;DR PAUL TORRICO GARCIA;M;MEDICO;TRAUMATOLOGO;CLINICA LOS LIRIOS;CBBA;75943430;;B;;;;False;DATA.KARDEX.xlsx
JOSHUA;LIC PRISCILA ORELLANA FLORES;;MEDICO;NUTRICIONISTA;H. UNIVALLE;CBBA;70340162;;C;;;;False;DATA.KARDEX.xlsx
JOSHUA;DR RAMIRO VICENTE FABIANI SOLIZ;M;MEDICO;PEDIATRA;EDF GUADALUPE;CBBA;;;C;;;;False;DATA.KARDEX.xlsx
JOSHUA;DRA RAQUEL TABY GONZALES;F;MEDICO;CIRUJANO;CLINICA POLICIAL;CBBA;70790210;;C;;;;False;DATA.KARDEX.xlsx
JOSHUA;DR RAUL ARNEZ TERRAZAS;M;MEDICO;CARDIOLOGO;CAJA NACIONAL SALUD;CBBA;70744006;;B;;;;False;DATA.KARDEX.xlsx
JOSHUA;DR REMY URIONA ARCE;M;MEDICO;GINECOLOGO OBSTETRA;CAJA NACIONAL SALUD;CBBA;;;C;;;;False;DATA.KARDEX.xlsx
JOSHUA;DR RICARDO GARVIZU QUIROGA;M;MEDICO;PEDIATRA;EDF MARIA ANTONIETA;CBBA;72735102;;C;;;;;DATA.KARDEX.xlsx
JOSHUA;DR RICARDO RUBEN TAPIA BAPTISTA;M;MEDICO;CIRUJANO;CLINICA CBBA;CBBA;77906803;;C;;;;False;DATA.KARDEX.xlsx
JOSHUA;DR RODOLFO JIMENEZ CHOQUE;M;MEDICO;CIRUJANO;CAJA PETROLERA;CBBA;71763850;;C;;;;False;DATA.KARDEX.xlsx
JOSHUA;DR RODRIGO ALMARZE IRIARTE;M;MEDICO;EMERGENCIAS;LOS ANGELES PB;CBBA;70743793;;B;;;;False;DATA.KARDEX.xlsx
JOSHUA;DR ROLANDO CLAURE DEL GRANADO;M;MEDICO;NEFROLOGO;UNAER;CBBA;75908833;;A;;;;False;DATA.KARDEX.xlsx
JOSHUA;DR ROLANDO CLAURE VALLEJOS;M;MEDICO;NEFROLOGO;UNAER;CBBA;70711202;;A;;;;False;DATA.KARDEX.xlsx
JOSHUA;DR ROLANDO IRIARTE TAMES;M;MEDICO;GINECOLOGO OBSTETRA;EDF CEMPRO;CBBA;77444201;;B;;;;False;DATA.KARDEX.xlsx
JOSHUA;DR ROLANDO PINTO QUINTANILLA;M;MEDICO;PEDIATRA;EDF MARIA ANTONIETA;CBBA;77440215;;C;;;;False;DATA.KARDEX.xlsx
JOSHUA;DR ROLANDO VARGAS CALVETTY;M;MEDICO;GINECOLOGO;NUR;CBBA;70344225;;B;;;;False;DATA.KARDEX.xlsx
JOSHUA;DR RONALD BLOCH;M;MEDICO;CARDIOLOGO;TORRES SOFFER;CBBA;77494091;;C;;;;False;DATA.KARDEX.xlsx
JOSHUA;DRA ROSA ANGELA RAMIREZ RODRIGUEZ;F;MEDICO;GASTRO;CLINICA ARANJUEZ;CBBA;72379287;;B;;;;False;DATA.KARDEX.xlsx
JOSHUA;DRA ROSA NILDA RODRIGUEZ GUTIERREZ;F;MEDICO;GINECOLOGA OBSTETRA;CLINICA BOLIVIANA AMERICANA;CBBA;71763398;;C;;;;False;DATA.KARDEX.xlsx
JOSHUA;DRA ROSSIO ARIAS MENESES;F;MEDICO;PEDIATRA;COMBASE;CBBA;60745101;;C;;;;False;DATA.KARDEX.xlsx
JOSHUA;DRA ROSSIO LAZARTE AMAYA;F;MEDICO;PEDIATRA;H. UNIVALLE;CBBA;71461589;;C;;;;False;DATA.KARDEX.xlsx
JOSHUA;DR RUBEN COCA POZO;M;MEDICO;CARDIOLOGO;H. UNIVALLE;CBBA;67458799;;B;;;;False;DATA.KARDEX.xlsx
JOSHUA;DRA RUTH BAUTISTA;F;MEDICO;DERMATOLOGA;EDF GOLDEN;CBBA;76858455;;C;;;;False;DATA.KARDEX.xlsx
JOSHUA;DRA SALINAS WALTER;F;MEDICO;CIRUJANO;IGBJ;CBBA;71633743;;B;;;;False;DATA.KARDEX.xlsx
JOSHUA;DR SAMUEL VEIZAGA PEREDO;M;MEDICO;CIRUJANO;COMBASE;CBBA;76996299;;C;;;;False;DATA.KARDEX.xlsx
JOSHUA;DRA SANDRA EVELYN CALVETTY NAVIA;F;MEDICO;GINECOLOGA OBSTETRA;AV. THUNUPA;CBBA;73848976;;A;;;;False;DATA.KARDEX.xlsx
JOSHUA;DRA SCARLET HOCHSTATTER;F;MEDICO;GINECOLOGA OBSTETRA;CONTINENTAL;CBBA;74832336;;A;;;;False;DATA.KARDEX.xlsx
JOSHUA;DRA SCARLEY VEIZAGA;F;MEDICO;DERMATOLOGA;COLOMBIA ESQ OQUENDO;CBBA;75474781;;C;;;;False;DATA.KARDEX.xlsx
JOSHUA;DRA SELENE MAIDA;F;MEDICO;PEDIATRA;AURELIO MELEAN;CBBA;72245912;;C;;;;False;DATA.KARDEX.xlsx
JOSHUA;DRA SHEILA MAIDA REINAGA;F;MEDICO;GINECOLOGA OBSTETRA;AURELIO MELEAN$MATERNO;CBBA;72288018;;C;;;;False;DATA.KARDEX.xlsx
JOSHUA;LIC SOFIA ISABEL REYNOSO TERAN;F;MEDICO;NUTRICIONISTA;LOS OLIVOS;CBBA;72716525;;B;;;;False;DATA.KARDEX.xlsx
JOSHUA;DRA SONIA KARINA CRESPO HERRERA;F;MEDICO;INTERNISTA;EDF CEMPRO;CBBA;77405858;;B;;;;False;DATA.KARDEX.xlsx
JOSHUA;DRA TANIA FLORES IRAHOLA;F;MEDICO;INTERNISTA;COSSMIL;CBBA;68472971;;C;;;;False;DATA.KARDEX.xlsx
JOSHUA;DRA TATIANA FLORES HERRERA;F;MEDICO;INTERNISTA;BELGA;CBBA;69287317;;A;;;;False;DATA.KARDEX.xlsx
JOSHUA;DRA THANIA SALVATIERRA;F;MEDICO;INTERNISTA;MATERNO;CBBA;;;C;;;;False;DATA.KARDEX.xlsx
JOSHUA;DR ULDARICO CESPEDES;M;MEDICO;TRAUMATOLOGO;EDF GUADALUPE;CBBA;71723325;;C;;;;False;DATA.KARDEX.xlsx
JOSHUA;DRA. URSULA CASTILLO YURI;F;MEDICO;CAR;CAJA NACIONAL;CBBA;60415043;;C;;;;False;DATA.KARDEX.xlsx
JOSHUA;DRA VANNIA CAROLINA JIMENEZ RUIZ;F;MEDICO;INTERNISTA;COSSMIL;CBBA;70761887;;B;;;;False;DATA.KARDEX.xlsx
JOSHUA;DRA VERONICA LOPEZ CARTAGENA;F;MEDICO;GASTRO;IGBJ;CBBA;72274075;;C;;;;False;DATA.KARDEX.xlsx
JOSHUA;VET ANIMALOVE;;MEDICO;VETERINARIA;AV. THUNUPA;CBBA;69544090;;C;;;;False;DATA.KARDEX.xlsx
JOSHUA;DRA VIVIAN JEREZ LANZA;F;MEDICO;GASTRO;IGBJ;CBBA;77915637;;C;;;;False;DATA.KARDEX.xlsx
JOSHUA;DR WALTER CABRERA PEREIRA;M;MEDICO;UROLOGO;EDF CEMPRO;CBBA;70711512;;B;;;;False;DATA.KARDEX.xlsx
JOSHUA;DR WILLIAM CLAROS YAPURA;M;MEDICO;INTERNISTA;CAJA DE CAMINOS;CBBA;73752167;;C;;;;False;DATA.KARDEX.xlsx
JOSHUA;DR WILLIAM MAMANI;M;MEDICO;CIRUJANO;EDF CEMPRO;CBBA;77584288;;C;;;;False;DATA.KARDEX.xlsx
JOSHUA;DR WILSON PATIÑO BARRERO;M;MEDICO;GINECOLOGO;COMBASE;CBBA;70763682;;B;;;;False;DATA.KARDEX.xlsx
JOSHUA;DRA YESICA SALVATIERRA CALIZAYA;F;MEDICO;INTERNISTA;SETON;CBBA;65711815;;C;;;;False;DATA.KARDEX.xlsx
JOSHUA;DR YVAN PATIÑO SANCHEZ;M;MEDICO;GASTRO;CIMFA SUR CNS;CBBA;72706506;;B;;;;False;DATA.KARDEX.xlsx
JOSHUA;DR ZENON AMACHUY;M;MEDICO;GASTRO;IGBJ;CBBA;72818464;;C;;;;False;DATA.KARDEX.xlsx
KAREN CASTRO;ADALID COLQUE;;MEDICO;ODO;CEO/ Ramon rojas;TARIJA;46654541;;B;SEM 2 JUE PM;;5;False;TAR KAREN CASTRO KARDEX SEP 2026.xlsx
KAREN CASTRO;ADRIANA   SAUCEDO;F;MEDICO;ODO;PICASSO/ padilla/ pm.;TARIJA;72993255;;C;SEM 2 LUN AM;Do2494;99;False;TAR KAREN CASTRO KARDEX SEP 2026.xlsx
KAREN CASTRO;ADRIANA ZAMORANO;F;MEDICO;PED;COSSMIL/Av. Victor Paz/pm.;TARIJA;60100256;;C;SEM 1 LUN AM;Do2494*;8;True;TAR KAREN CASTRO KARDEX SEP 2026.xlsx
KAREN CASTRO;ALBERTO  CASTRILLO;M;MEDICO;ONC;HRSJD/ONCOLOGIA/ am.;TARIJA;71898300;;C;SEM 1 VIE PM;Do207;78;False;TAR KAREN CASTRO KARDEX SEP 2026.xlsx
KAREN CASTRO;ALEJANDRA  ARZADUM;F;MEDICO;MGE;Prosalud policonsulturio padilla/am.;TARIJA;73493750;;C;SEM 3 MAR AM;Do2462;194;True;TAR KAREN CASTRO KARDEX SEP 2026.xlsx
KAREN CASTRO;ALEJANDRO PADILLA  ROMERO;M;MEDICO;MIN;Banca Estatal/ J.M Saracho/am;TARIJA;74508839;;C;SEM 4 LUN AM;Do1586;268;True;TAR KAREN CASTRO KARDEX SEP 2026.xlsx
KAREN CASTRO;ALEX  CHOQUE;M;MEDICO;MGE;COT/ Madridn y Ballivian/ am.;TARIJA;73650555;;C;SEM 4 VIE PM;Do968;343;False;TAR KAREN CASTRO KARDEX SEP 2026.xlsx
KAREN CASTRO;ALVARO  BURGOS;M;MEDICO;ODO;Gral. trigo Alejandro del carpio/pm;TARIJA;67387132;;C;SEM 1 LUN AM;Do4906;1;True;TAR KAREN CASTRO KARDEX SEP 2026.xlsx
KAREN CASTRO;ANA PINTO   VACA;F;MEDICO;PED;Las Americas / sevilla/ pm.;TARIJA;72972789;;C;SEM 1 JUE PM;Do839;67;True;TAR KAREN CASTRO KARDEX SEP 2026.xlsx
KAREN CASTRO;ANABEL  FITA;F;MEDICO;BIO;Corrado frente a varas castrillo pm;TARIJA;68690060;;C;SEM 3 JUE AM;Do3545;235;False;TAR KAREN CASTRO KARDEX SEP 2026.xlsx
KAREN CASTRO;ANDREA ARZADUM;F;MEDICO;MGE;Prosalud policonsulturio padilla/am.;TARIJA;73493750;;C;SEM 2 VIE AM;Do1467*;158;True;TAR KAREN CASTRO KARDEX SEP 2026.xlsx
KAREN CASTRO;ANDREA MOLINA;F;MEDICO;HEM;LA Paz/ llamada;TARIJA;78240367;;B;SEM 1 JUE PM;;344;False;TAR KAREN CASTRO KARDEX SEP 2026.xlsx
KAREN CASTRO;ANELU COHUA PEREZ;;MEDICO;REU;SANITES/ Villa fatima/ am;TARIJA;68725782;;B;SEM 1 VIE AM;;296;False;TAR KAREN CASTRO KARDEX SEP 2026.xlsx
KAREN CASTRO;ARIEL MIRANDA;;MEDICO;MGE;Santa Cruz/ Prov. Mora/ am y pm;TARIJA;75999001;;B;SEM 2 MIE PM;Do1760;131;True;TAR KAREN CASTRO KARDEX SEP 2026.xlsx
KAREN CASTRO;BEATRIZ  MARTINEZ;F;MEDICO;MGE;CIES/Campesino/ am.;TARIJA;71837236;;B;SEM 1 MAR PM;Do2316;27;False;TAR KAREN CASTRO KARDEX SEP 2026.xlsx
KAREN CASTRO;BLANCA AVILA REYES;F;MEDICO;MGE;Centro salud Villa Avaroa / am.;TARIJA;69324587;;C;SEM 2 VIE PM;Do305;166;False;TAR KAREN CASTRO KARDEX SEP 2026.xlsx
KAREN CASTRO;CARLOS  CHOQUE;M;MEDICO;MIN;Hospital San Antonio/ am.;TARIJA;69303695;;B;SEM 3 JUE AM;Do1790;233;False;TAR KAREN CASTRO KARDEX SEP 2026.xlsx
KAREN CASTRO;CARLOS LIZONDO ZAMBRANA;M;MEDICO;MGE;ECO TARIJA/ Molino / am y pm;TARIJA;70222807;;A;SEM 2 JUE AM;Do4924;56;True;TAR KAREN CASTRO KARDEX SEP 2026.xlsx
KAREN CASTRO;CAROLA DE LOS RIOS  RISSIOTI;;MEDICO;MGE;Policonsultorio 15 de abril/ pm.;TARIJA;76185442;;C;SEM 2 MIE AM;Do507;113;False;TAR KAREN CASTRO KARDEX SEP 2026.xlsx
KAREN CASTRO;CIMAR LOZANO;;MEDICO;MGE;Prosadud/senac /llamado;TARIJA;78340967;;B;SEM 3 MAR AM;;96;False;TAR KAREN CASTRO KARDEX SEP 2026.xlsx
KAREN CASTRO;CINTHIA VILLA;;MEDICO;MGE;Centro de salud / la Victoria/ am.;TARIJA;72991211;;C;SEM 3 JUE AM;Do180;46;False;TAR KAREN CASTRO KARDEX SEP 2026.xlsx
KAREN CASTRO;CLAUDIA  HUALLPA;;MEDICO;GOB;Hospital San Antonio/ am.;TARIJA;60279068;;C;SEM 3 JUE AM;Do3899;189;True;TAR KAREN CASTRO KARDEX SEP 2026.xlsx
KAREN CASTRO;CLAUDIA MAODONADO;;MEDICO;CAR;Hospital San Antonio/ am.;TARIJA;71877507;;C;SEM 2 MIE PM;Do3227;231;True;TAR KAREN CASTRO KARDEX SEP 2026.xlsx
KAREN CASTRO;CLAUDIA MARIA SERRANO ROMERO;;MEDICO;END;Belgrano/Barrio Fatima/am;TARIJA;75116225;;A;SEM 3 LUN AM;;273;False;TAR KAREN CASTRO KARDEX SEP 2026.xlsx
KAREN CASTRO;CLAUDIA  VIOLETA HERRERA;;MEDICO;GOB;Prosalud policonsulturio padilla/am.;TARIJA;68682221;;C;SEM 4 JUE AM;Do814;279;True;TAR KAREN CASTRO KARDEX SEP 2026.xlsx
KAREN CASTRO;CLEMENTE NATIVIDAD;;MEDICO;LAB;Clinica San Roque/ pm.;TARIJA;61864468;;C;SEM 1 JUE AM;Do2436;318;False;TAR KAREN CASTRO KARDEX SEP 2026.xlsx
KAREN CASTRO;DANIEL VILLA;M;MEDICO;CIR;Colon / 346 /pm.;TARIJA;72988029;;C;SEM 3 MIE PM;Do1515;102;True;TAR KAREN CASTRO KARDEX SEP 2026.xlsx
KAREN CASTRO;DANNY DURAN;;MEDICO;MGE;Prosalud/molino/ llamado;TARIJA;78145678;;A;SEM 4 LUN AM;;31;False;TAR KAREN CASTRO KARDEX SEP 2026.xlsx
KAREN CASTRO;DAVID  APARICIO MOLINA;M;MEDICO;MGE;Campesino/ comercio/ am.;TARIJA;70215140;;A;SEM 1 JUE AM;Do3442;144;True;TAR KAREN CASTRO KARDEX SEP 2026.xlsx
KAREN CASTRO;DUNIA LAZCANO;;MEDICO;MGE;sucre/ladislao cabrera 8/ am.;TARIJA;72860683;;A;SEM 4 LUN AM;Do104;221;False;TAR KAREN CASTRO KARDEX SEP 2026.xlsx
KAREN CASTRO;EDUARDO ESPINOZA BURGOS;M;MEDICO;GAS;HRSJD/ JUNIN/ pm  viernes;TARIJA;64329438;;B;SEM 1 JUE AM;Do4299;309;True;TAR KAREN CASTRO KARDEX SEP 2026.xlsx
KAREN CASTRO;ELOYSA GARECA RUEDA;;MEDICO;GOB;CIES/ Bolivar, Santa Cruz/Pm.;TARIJA;76198373;;B;SEM 3 JUE PM;Do1091;140;False;TAR KAREN CASTRO KARDEX SEP 2026.xlsx
KAREN CASTRO;ENRIQUE  CASTELLANOS;M;MEDICO;CIR;MEDISUR/ sucre / pm.;TARIJA;76190014;;B;SEM 4 JUE PM;Do4539;181;False;TAR KAREN CASTRO KARDEX SEP 2026.xlsx
KAREN CASTRO;ENRIQUETA  ONOFRE;;MEDICO;DER;PICASSO/ padilla/ pm.;TARIJA;72966355;;C;SEM 3 MAR AM;Do4225;271;False;TAR KAREN CASTRO KARDEX SEP 2026.xlsx
KAREN CASTRO;ESTELA PERALES IBAÑEZ;F;MEDICO;PED;Las americas/ sevilla/pm.;TARIJA;70212549;;A;SEM 2 MAR PM;Do4225*;52;True;TAR KAREN CASTRO KARDEX SEP 2026.xlsx
KAREN CASTRO;EULALIO  TORREZ;;MEDICO;MGE;Centro de salud villa Busch/ am;TARIJA;78437654;;B;SEM 4 VIE PM;Do3104;238;True;TAR KAREN CASTRO KARDEX SEP 2026.xlsx
KAREN CASTRO;EVELIN ACOSTA VILTE;;MEDICO;MGE;Prosalud policonsulturio padilla/am.;TARIJA;77873784;;B;SEM 1 MAR PM;Do2436;325;False;TAR KAREN CASTRO KARDEX SEP 2026.xlsx
KAREN CASTRO;FATIMA ZENTENO;F;MEDICO;GOB;Prosalud policonsulturio padilla/am.;TARIJA;70653339;;C;SEM 4 LUN PM;Do2436*;349;True;TAR KAREN CASTRO KARDEX SEP 2026.xlsx
KAREN CASTRO;FERNANDO ARANCIBIA;M;MEDICO;MGE;Daniel campos/domingo paz/ pm;TARIJA;72977345;;B;SEM 2 LUN AM;;81;False;TAR KAREN CASTRO KARDEX SEP 2026.xlsx
KAREN CASTRO;FERNANDO  DURAN;M;MEDICO;PED;CIDIMEDIC/ la loma/ pm;TARIJA;78251858;;C;SEM 3 MIE AM;Do3173;243;True;TAR KAREN CASTRO KARDEX SEP 2026.xlsx
KAREN CASTRO;FERNANDO GALARZA ANZE;M;MEDICO;PED;medes/ hotel Granny/ pm;TARIJA;72986880;;A;SEM 4 MIE AM;Do1038;13;False;TAR KAREN CASTRO KARDEX SEP 2026.xlsx
KAREN CASTRO;FERNANDO LIZARRAGA;M;MEDICO;NEF;Yapur/ junin /pm;TARIJA;72955976;;B;SEM 4 MIE AM;;11;False;TAR KAREN CASTRO KARDEX SEP 2026.xlsx
KAREN CASTRO;FRANCISCO  CASTRO;M;MEDICO;OFT;PICASSO/ padilla/ pm.;TARIJA;76185578;;C;SEM 2 JUE PM;Do1265;98;False;TAR KAREN CASTRO KARDEX SEP 2026.xlsx
KAREN CASTRO;FRANKLIN  HUANAY;;MEDICO;END;HRSJD/JUNIN/am.;TARIJA;73971282;;B;SEM 2 MAR PM;Do1759;119;False;TAR KAREN CASTRO KARDEX SEP 2026.xlsx
KAREN CASTRO;FRANZ TANCARA;M;MEDICO;ONC;OBRERO/ POTOSI/ am.;TARIJA;67345295;;C;SEM 1 LUN PM;Do3582;261;True;TAR KAREN CASTRO KARDEX SEP 2026.xlsx
KAREN CASTRO;FREDDY  CARDOZO;;MEDICO;CAR;HRSJD/JUNIN/am.;TARIJA;71823678;;C;SEM 1 VIE PM;Do556;347;False;TAR KAREN CASTRO KARDEX SEP 2026.xlsx
KAREN CASTRO;FREDY   GRANADOS;;MEDICO;MGE;Policonsultorio 15 de abril/ am.;TARIJA;70219424;;C;SEM 2 VIE PM;Do556*;33;True;TAR KAREN CASTRO KARDEX SEP 2026.xlsx
KAREN CASTRO;GABRIELA  RIVERA WARA;F;MEDICO;GOB;COSSMIL/Av. Victor Paz/am.;TARIJA;78708258;;C;SEM 3 MAR AM;Do2642;172;False;TAR KAREN CASTRO KARDEX SEP 2026.xlsx
KAREN CASTRO;GABRIELA  VARGAS;F;MEDICO;ONC;HRSJD/ONCOLOGIA/ am.;TARIJA;72026935;;C;SEM 4 MA AM;Do1353;184;False;TAR KAREN CASTRO KARDEX SEP 2026.xlsx
KAREN CASTRO;GERMAN VALDEZ;;MEDICO;ODO;SOEC/corrado san Roque/ pm;TARIJA;74567890;;C;SEM 1 VIE AM;Do3446;274;True;TAR KAREN CASTRO KARDEX SEP 2026.xlsx
KAREN CASTRO;GINELDA  HUALLPA;;MEDICO;BIO;La loma al lado de cidimedic/pm.;TARIJA;72994999;;C;SEM 2 VIE AM;Do1693;253;False;TAR KAREN CASTRO KARDEX SEP 2026.xlsx
KAREN CASTRO;GISSEL TORREZ  LAZCANO;;MEDICO;NEC;Galenos/ juan XXIII/PM.;TARIJA;71125478;;C;SEM 2 MIE AM;Do4714;301;True;TAR KAREN CASTRO KARDEX SEP 2026.xlsx
KAREN CASTRO;GONZALO MEDINA;M;MEDICO;GOB;Señora lucia/ gral. Trigo/pm;TARIJA;77177744;;A;SEM 1 LUN AM;Do4889;73;True;TAR KAREN CASTRO KARDEX SEP 2026.xlsx
KAREN CASTRO;GRECIA  GALARZA RODRIGUEZ;;MEDICO;PED;Prosalud molino/am.;TARIJA;73453833;;B;SEM 2 LUN AM;Do1676;159;False;TAR KAREN CASTRO KARDEX SEP 2026.xlsx
KAREN CASTRO;GRISELDA  CRUZ;;MEDICO;MIN;Lourdes/CNS/Am.;TARIJA;72886429;;C;SEM 1 VIE AM;Do1676*;217;True;TAR KAREN CASTRO KARDEX SEP 2026.xlsx
KAREN CASTRO;HENRY   LUCANA;M;MEDICO;NEO;CIES/Bolivar santa cruz/ am.;TARIJA;;;B;SEM 2 VIE AM;Do3823;305;True;TAR KAREN CASTRO KARDEX SEP 2026.xlsx
KAREN CASTRO;HORACIO PARRAGA;M;MEDICO;MGE;Prosalud policonsulturio padilla/am.;TARIJA;67376811;;C;SEM 3 MIE PM;Do1716;68;True;TAR KAREN CASTRO KARDEX SEP 2026.xlsx
KAREN CASTRO;HORACIO VEGA VARAS;M;MEDICO;MIN;prosalud senac/ am.;TARIJA;74524077;;B;SEM 4 MIE PM;Do933;154;False;TAR KAREN CASTRO KARDEX SEP 2026.xlsx
KAREN CASTRO;IVAN FREDDY ALEMAN;M;MEDICO;MGE;Prosalud/ molino/am.;TARIJA;72955306;;B;SEM 4 MIE AM;Do4214*;262;True;TAR KAREN CASTRO KARDEX SEP 2026.xlsx
KAREN CASTRO;IVAN  PALALA;M;MEDICO;MGE;cordes/ juan misael saracho/ am;TARIJA;78239347;;B;SEM 3 MIE AM;Do4214;120;False;TAR KAREN CASTRO KARDEX SEP 2026.xlsx
KAREN CASTRO;JAMIE PATRICIA  VACA CARDOZO;;MEDICO;END;HRSJD/ Junin/ pm;TARIJA;78707936;;A;SEM 1 VIE PM;Do774;348;False;TAR KAREN CASTRO KARDEX SEP 2026.xlsx
KAREN CASTRO;JAVIER VARCA CORTEZ;M;MEDICO;MGE;ECO TARIJA/ Molino / am y pm;TARIJA;75111456;;C;SEM 2 VIE PM;Do10;16;True;TAR KAREN CASTRO KARDEX SEP 2026.xlsx
KAREN CASTRO;JHONNY  MARTINEZ  MALDONADO;;MEDICO;MGE;prosalud molino/am.;TARIJA;67380222;;B;SEM 4 JUE PM;Do4441;101;False;TAR KAREN CASTRO KARDEX SEP 2026.xlsx
KAREN CASTRO;JOAQUIN ARCE  LEMA;M;MEDICO;NEC;santisima trinidad/ alejandro c./pm;TARIJA;77212371;;C;SEM 2 MAR AM;Do4442;79;True;TAR KAREN CASTRO KARDEX SEP 2026.xlsx
KAREN CASTRO;JOAQUIN OLIVERA;M;MEDICO;CAR;GaleNOS/ juan XXIII/ am.;TARIJA;75115273;;C;SEM 3 VIE AM;Do4456;165;True;TAR KAREN CASTRO KARDEX SEP 2026.xlsx
KAREN CASTRO;JORGE MORALES ARLANDO;M;MEDICO;MGE;Centro de salud san Lorenzo/AM;TARIJA;71135674;;B;SEM 1 MAR AM;Do1327;287;False;TAR KAREN CASTRO KARDEX SEP 2026.xlsx
KAREN CASTRO;JOSE   ESTEBAN GARECA;M;MEDICO;GOB;Banca Estatal/ J.M Saracho/am;TARIJA;72978791;;B;SEM 3 LUN PM;Do2521;74;True;TAR KAREN CASTRO KARDEX SEP 2026.xlsx
KAREN CASTRO;JOSE LUIS  VILLARROEL;M;MEDICO;GOB;CNS/ Potosi/ am.$Cornelio Ruiz/ N. Campero/pm;TARIJA;70212528;;B;SEM 4 LUN PM;Do1438;160;False;TAR KAREN CASTRO KARDEX SEP 2026.xlsx
KAREN CASTRO;JOSE URZAGASTI;M;MEDICO;ODO;PICASSO/ padilla/ pm.;TARIJA;72981607;;C;SEM 3 MAR AM;Do909;39;False;TAR KAREN CASTRO KARDEX SEP 2026.xlsx
KAREN CASTRO;JUAN PABLO JAVIER GARNICA;M;MEDICO;TRA;COT/ Ballivian y madrid/ pm.;TARIJA;72991949;;A;SEM 4 MA AM;Do3198;126;True;TAR KAREN CASTRO KARDEX SEP 2026.xlsx
KAREN CASTRO;JUANA GORENA MARTINEZ;F;MEDICO;NAT;molino/ 15 de abril/ pm;TARIJA;74377119;;B;SEM 1 LUN PM;Do572;3;False;TAR KAREN CASTRO KARDEX SEP 2026.xlsx
KAREN CASTRO;KARLA ROMERO  LLANOS;F;MEDICO;GOB;YAPUR/ Virginio lema/ am.;TARIJA;71863227;;B;SEM 3 MIE AM;Do4799;77;True;TAR KAREN CASTRO KARDEX SEP 2026.xlsx
KAREN CASTRO;KATHIA ARROYO MOLLO;;MEDICO;OFT;continuacion Domingo paz/ pm;TARIJA;67997972;;B;SEM 4 MIE AM;Do846;163;True;TAR KAREN CASTRO KARDEX SEP 2026.xlsx
KAREN CASTRO;KATIA PRUDENCIO;;MEDICO;NEO;señora de lucia/ gral. Trigo/am.;TARIJA;72942583;;B;SEM 3 LUN AM;Do846*;220;False;TAR KAREN CASTRO KARDEX SEP 2026.xlsx
KAREN CASTRO;LEIDI SOLEDAD  CARDOZO BARRIGA;;MEDICO;BIO;Edificio Juan XXIII / pm;TARIJA;70218973;;C;SEM 2 VIE AM;Do4699;303;False;TAR KAREN CASTRO KARDEX SEP 2026.xlsx
KAREN CASTRO;LEYDA GONZALES;;MEDICO;GOB;señor de los milagros/ padilla/pm;TARIJA;77172860;;A;SEM 1 MIE AM;Do3779;83;True;TAR KAREN CASTRO KARDEX SEP 2026.xlsx
KAREN CASTRO;LILY  CHUQUIMIA  ZEGARRA;;MEDICO;MGE;prosalud/ molino/am.;TARIJA;72947632;;C;SEM 3 MIE PM;Do551;330;False;TAR KAREN CASTRO KARDEX SEP 2026.xlsx
KAREN CASTRO;LORENA REVOLLO;F;MEDICO;NEM;cordes / juan misael saracho/am.;TARIJA;72089953;;C;SEM 4 MIE PM;Do2556;108;False;TAR KAREN CASTRO KARDEX SEP 2026.xlsx
KAREN CASTRO;LOURDES  DIAZ;F;MEDICO;PED;Banca Estatal/ J.M Saracho/am;TARIJA;70564839;;C;SEM 3 LUN PM;Do2556*;249;True;TAR KAREN CASTRO KARDEX SEP 2026.xlsx
KAREN CASTRO;MAGALI FRIAS MALDONADO;;MEDICO;PED;colon/ edificio majluf/pm;TARIJA;70213058;;A;SEM 4 LUN PM;Do137;336;False;TAR KAREN CASTRO KARDEX SEP 2026.xlsx
KAREN CASTRO;MARCELA  SALINAS;F;MEDICO;MGE;COSSMIL/Av. Victor Paz/ am;TARIJA;78709091;;C;SEM 2 MAR AM;Do3715;23;True;TAR KAREN CASTRO KARDEX SEP 2026.xlsx
KAREN CASTRO;MARCELO AVENDAÑO;M;MEDICO;MIN;CIES/ Bolivar, Santa Cruz/am.;TARIJA;75121849;;B;SEM 4 VIE AM;Do3620;277;True;TAR KAREN CASTRO KARDEX SEP 2026.xlsx
KAREN CASTRO;MARCELO  GARZON TORREJON;M;MEDICO;MIN;prosalud senac/ am.;TARIJA;76189061;;B;SEM 3 VIE AM;Do1349;187;False;TAR KAREN CASTRO KARDEX SEP 2026.xlsx
KAREN CASTRO;MARCO ANTONIO FERNANDEZ;M;MEDICO;NEC;yapur/ Virginio lema/ pm.;TARIJA;79288800;;C;SEM 1 MAR AM;Do1647;192;False;TAR KAREN CASTRO KARDEX SEP 2026.xlsx
KAREN CASTRO;MARIA ESTER VALDIVIEZO;F;MEDICO;GAS;YAPUR/junin am;TARIJA;70213500;;C;SEM 2 VIE AM;Do1668;10;True;TAR KAREN CASTRO KARDEX SEP 2026.xlsx
KAREN CASTRO;MARIA FILOMENA CALLE AVERANGA;F;MEDICO;MGE;YAPUR/ Junin am;TARIJA;75155678;;B;SEM 1 VIE PM;Do492;95;False;TAR KAREN CASTRO KARDEX SEP 2026.xlsx
KAREN CASTRO;MARIA ISABEL  NAVAJAS;F;MEDICO;MIN;HRSJD/terapia intensiva/ pm.;TARIJA;70213959;;B;SEM 2 VIE PM;Do2112;209;False;TAR KAREN CASTRO KARDEX SEP 2026.xlsx
KAREN CASTRO;MARIA JESUS GARNICA;F;MEDICO;PED;prosalud/ molino/am.;TARIJA;69550011;;A;SEM 3 MIE PM;Do895;297;False;TAR KAREN CASTRO KARDEX SEP 2026.xlsx
KAREN CASTRO;MARIA   LUISA   ECHART;F;MEDICO;END;prosalud molino/ am;TARIJA;78706888;;A;SEM 1 VIE AM;Do1647*;281;True;TAR KAREN CASTRO KARDEX SEP 2026.xlsx
KAREN CASTRO;MARIANA FERNANDEZ;;MEDICO;GOB;Cies/ bolivar - santa cruz/ pm.;TARIJA;60261383;;B;SEM 3 LUN AM;Do1185;173;False;TAR KAREN CASTRO KARDEX SEP 2026.xlsx
KAREN CASTRO;MARIANELA MENA;F;MEDICO;DER;Colon Yvirginio lema VyM/pm;TARIJA;68683551;;A;SEM 4 LUN AM;Do1677;263;True;TAR KAREN CASTRO KARDEX SEP 2026.xlsx
KAREN CASTRO;MARIE  CURIE;;MEDICO;LAB;avaroa y delgadillo/ pm;TARIJA;72976920;;B;SEM 3 LUN PM;Do1985;71;True;TAR KAREN CASTRO KARDEX SEP 2026.xlsx
KAREN CASTRO;MARIEL TRUJILLO;;MEDICO;PED;Edificio Juan XXIII / pm;TARIJA;76238754;;C;SEM 1 LUN PM;Do1985*;157;False;TAR KAREN CASTRO KARDEX SEP 2026.xlsx
KAREN CASTRO;MARITZA RAMOS;;MEDICO;MGE;Policonsultorio 15 de abril/ am.;TARIJA;72993677;;A;SEM 2 LUN AM;Do1726;42;True;TAR KAREN CASTRO KARDEX SEP 2026.xlsx
KAREN CASTRO;MAURICIO PRUDENCIO;M;MEDICO;MGE;Prosalud/ molino/llamado;TARIJA;76443212;;B;SEM 4 LUN AM;;258;False;TAR KAREN CASTRO KARDEX SEP 2026.xlsx
KAREN CASTRO;MAYTE ADRIANA FLORES;;MEDICO;GOB;CIES/ Bolivar santa cruz/ pm;TARIJA;77871823;;B;SEM 1 MAR PM;Do1870;129;False;TAR KAREN CASTRO KARDEX SEP 2026.xlsx
KAREN CASTRO;MIGUEL MEGUILLARES;M;MEDICO;CIR;COSSMIL/Av. Victor Paz/ am;TARIJA;65810939;;C;SEM 4 VIE PM;Do1189;186;False;TAR KAREN CASTRO KARDEX SEP 2026.xlsx
KAREN CASTRO;MIGUEL  MOSTAJO;M;MEDICO;END;PICASSO/ padilla/ pm.;TARIJA;65810939;;A;SEM 3 VIE PM;Do2100;312;False;TAR KAREN CASTRO KARDEX SEP 2026.xlsx
KAREN CASTRO;MILDER  BENGOLEA;;MEDICO;GOB;cordes/ juan misael saracho/ am;TARIJA;72406439;;C;SEM 1 MAR AM;Do1542;276;True;TAR KAREN CASTRO KARDEX SEP 2026.xlsx
KAREN CASTRO;NATALY   ARCE  ROJAS;F;MEDICO;MGE;11 de noviembre campesino/pm;TARIJA;75111291;;C;SEM 4 VIE PM;Do3924;337;False;TAR KAREN CASTRO KARDEX SEP 2026.xlsx
KAREN CASTRO;NIVIA  GONZALES;;MEDICO;GOB;señor de los milagros/ padilla/am;TARIJA;73483731;;A;SEM 2 MAR AM;Do4808;24;True;TAR KAREN CASTRO KARDEX SEP 2026.xlsx
KAREN CASTRO;NOELIA    SANCHEZ;F;MEDICO;END;final 15 de abril/pm;TARIJA;69660011;;A;SEM 3 VIE AM;Do4966;76;True;TAR KAREN CASTRO KARDEX SEP 2026.xlsx
KAREN CASTRO;OLGA QUIROGA LEON;F;MEDICO;PED;junin y bolivar/ am;TARIJA;72990539;;B;SEM 4 VIE AM;Do1152;162;False;TAR KAREN CASTRO KARDEX SEP 2026.xlsx
KAREN CASTRO;OSCAR VARAS MAIRE;;MEDICO;GAS;Corrado/ Daniel Campos/am;TARIJA;77175555;;B;SEM 3 LUN AM;;116;False;TAR KAREN CASTRO KARDEX SEP 2026.xlsx
KAREN CASTRO;PABLO PALACIOS;M;MEDICO;MGE;caja petrolera/av.victor paz/ am;TARIJA;;;A;SEM 3 JUE AM;Do4831;85;True;TAR KAREN CASTRO KARDEX SEP 2026.xlsx
KAREN CASTRO;PAOLA HERRERA  TERAN;F;MEDICO;GOB;Alejandro del carpio y delgadillo/pm;TARIJA;75134353;;A;SEM 4 JUE AM;Do1627;171;True;TAR KAREN CASTRO KARDEX SEP 2026.xlsx
KAREN CASTRO;PATRICIA  GALARZA RODRIGUEZ;F;MEDICO;MIN;prosalud senac/ am.;TARIJA;68680186;;B;SEM 1 MIE AM;Do1384;226;False;TAR KAREN CASTRO KARDEX SEP 2026.xlsx
KAREN CASTRO;PATRICIA  IBARRA;F;MEDICO;MGE;policonsultorio 15 de abril/sucre am;TARIJA;72851085;;A;SEM 2 MIE AM;Do1904;177;True;TAR KAREN CASTRO KARDEX SEP 2026.xlsx
KAREN CASTRO;PAUL MONTERO;M;MEDICO;URO;Santisima trinidad/panosas/am;TARIJA;76199730;;B;SEM 4 MA AM;;207;False;TAR KAREN CASTRO KARDEX SEP 2026.xlsx
KAREN CASTRO;RAQUEL HERRERA;F;MEDICO;MGE;Campesino/ comercio/ am.;TARIJA;62397361;;C;SEM 3 MIE PM;Do1558;267;False;TAR KAREN CASTRO KARDEX SEP 2026.xlsx
KAREN CASTRO;RAUL MERCADO;M;MEDICO;GOB;Avaroa y junin/ am.;TARIJA;72989320;;B;SEM 4 MIE PM;Do2206;190;False;TAR KAREN CASTRO KARDEX SEP 2026.xlsx
KAREN CASTRO;RENAN ANTELO;;MEDICO;COP;Av. Integracion  623/pm;TARIJA;77172902;;C;SEM 3 JUE PM;Do2346;15;False;TAR KAREN CASTRO KARDEX SEP 2026.xlsx
KAREN CASTRO;RENAN SANCHEZ;;MEDICO;MGE;final 15 de abril/ av. Victor paz/pm;TARIJA;72998919;;A;SEM 4 JUE PM;Do765;100;False;TAR KAREN CASTRO KARDEX SEP 2026.xlsx
KAREN CASTRO;RENE TEJERINA;M;MEDICO;MGE;obrero/ potosi/ emerg./pm;TARIJA;;;C;SEM 1 JUE PM;Do320;29;False;TAR KAREN CASTRO KARDEX SEP 2026.xlsx
KAREN CASTRO;RICHAR ALTAMIRANO;;MEDICO;GAS;CNS/ Lourdes/ am.;TARIJA;74535302;;B;SEM 2 JUE PM;Do1304;114;False;TAR KAREN CASTRO KARDEX SEP 2026.xlsx
KAREN CASTRO;ROBERTO GUTIERREZ  HOYOS;M;MEDICO;GOB;prosalud molino/ am;TARIJA;71860029;;C;SEM 4 LUN PM;Do1956;342;False;TAR KAREN CASTRO KARDEX SEP 2026.xlsx
KAREN CASTRO;ROBERTO   MERIDA;M;MEDICO;MIN;colon y domingo Paz/ pm j y v;TARIJA;70215050;;A;SEM 3 LUN PM;Do2589;256;False;TAR KAREN CASTRO KARDEX SEP 2026.xlsx
KAREN CASTRO;ROBERTO PINO  LEMA;M;MEDICO;REU;Final domingo paz/ pm;TARIJA;72985999;;C;SEM 1 MAR PM;Do1345;26;False;TAR KAREN CASTRO KARDEX SEP 2026.xlsx
KAREN CASTRO;RODRIGO CASTELLANOS;M;MEDICO;DER;MEDISUR/ sucre / pm.;TARIJA;77177769;;B;SEM 2 MAR PM;Do1345*;112;False;TAR KAREN CASTRO KARDEX SEP 2026.xlsx
KAREN CASTRO;ROGER  JAIME  CHAVEZ;;MEDICO;URO;DMI/ FATIMA/ pm;TARIJA;68692363;;B;SEM 3 VIE PM;Do2957;254;False;TAR KAREN CASTRO KARDEX SEP 2026.xlsx
KAREN CASTRO;ROXANA UGARTE;;MEDICO;GOB;CIES/ campesino/ AM;TARIJA;72417767;;B;SEM 4 VIE PM;Do764;340;False;TAR KAREN CASTRO KARDEX SEP 2026.xlsx
KAREN CASTRO;SARAH  RODRIGUEZ ICHAZU;;MEDICO;END;Santisima trinidad/ alejandro c./am;TARIJA;70157609;;A;SEM 2 LUN AM;Do1206*;252;True;TAR KAREN CASTRO KARDEX SEP 2026.xlsx
KAREN CASTRO;SAUL  MIRANDA;M;MEDICO;MGE;Santisima trinidad/;TARIJA;72967597;;C;SEM 1 VIE PM;Do2030;339;True;TAR KAREN CASTRO KARDEX SEP 2026.xlsx
KAREN CASTRO;SILVIA  VALDEZ;F;MEDICO;ODO;SOEC/ SAN ROQUE/AM;TARIJA;72945725;;C;SEM 2 VIE PM;Do1364;229;False;TAR KAREN CASTRO KARDEX SEP 2026.xlsx
KAREN CASTRO;STEPHANIE  CAMACHO;;MEDICO;CAR;Prosalud molino/ Am;TARIJA;70377740;;A;SEM 1 LUN PM;Do4246;316;False;TAR KAREN CASTRO KARDEX SEP 2026.xlsx
KAREN CASTRO;SUSANA PRUDENCIO;F;MEDICO;REU;Señoa de lucia Gral. Trigo/ am;TARIJA;69679126;;A;SEM 2 LUN AM;Do1500;34;False;TAR KAREN CASTRO KARDEX SEP 2026.xlsx
KAREN CASTRO;VADU CARTAGENA;;MEDICO;GOB;COSSMIL/ Av. Victor Paz/pm;TARIJA;78254544;;C;SEM 4 MA PM;Do2814;223;True;TAR KAREN CASTRO KARDEX SEP 2026.xlsx
KAREN CASTRO;VICTOR  HUGO  AUZA;M;MEDICO;MGE;prosalud/ senac/ AM;TARIJA;72915052;;C;SEM 3 LUN AM;Do2814*;311;False;TAR KAREN CASTRO KARDEX SEP 2026.xlsx
KAREN CASTRO;VICTORIA CASTRO;F;MEDICO;MGE;Prosalud/ molino/ llamado;TARIJA;60235113;;B;SEM 1 LUN AM;;90;False;TAR KAREN CASTRO KARDEX SEP 2026.xlsx
KAREN CASTRO;WALTER MARCELO CALDERON;M;MEDICO;MGE;CIES Cochabamba santa cruz/am;TARIJA;75131456;;B;SEM 4 LUN AM;Do1344;240;False;TAR KAREN CASTRO KARDEX SEP 2026.xlsx
KAREN CASTRO;WILLY MARISCAL;M;MEDICO;MGE;Centro de salud san Lorenzo/AM;TARIJA;70228537;;C;SEM 2 MAR AM;Do440;327;False;TAR KAREN CASTRO KARDEX SEP 2026.xlsx
KAREN CASTRO;YOLANDA  GUTIERREZ;F;MEDICO;GOB;DOCSUR/ junin/ PM;TARIJA;73494860;;B;SEM 3 VIE AM;Do3407;62;True;TAR KAREN CASTRO KARDEX SEP 2026.xlsx
KAREN CASTRO;YUMA JULIO MERCADO;;MEDICO;GOB;Centro salud San Lorenzo/AM;TARIJA;77177571;;C;SEM 4 VIE AM;Do1844;148;False;TAR KAREN CASTRO KARDEX SEP 2026.xlsx
KAREN CASTRO;YUVINCA  CARDOZO;;MEDICO;DER;galenos/ juan XXIII/PM.;TARIJA;75695678;;C;SEM 1 MAR AM;Do3719;183;False;TAR KAREN CASTRO KARDEX SEP 2026.xlsx
KEILA ESPINOZA;ADRIANA SUAREZ;F;MEDICO;MGE;VILLAFATIMA/MAÑANA-(8-12:30PM);SANTA CRUZ;64504936;;C;SEM 2 JUE PM;Do3837;109;True;SCZ KEILA ESPINOZA KARDEX BELEN SEP 2026.xlsx
KEILA ESPINOZA;ALEJANDRO VILLAGOMEZ;M;MEDICO;CAR;INCOR/M-J(PASILLO 3);SANTA CRUZ;68847571;;B;SEM 1 JUE PM;Do180*;43;True;SCZ KEILA ESPINOZA KARDEX BELEN SEP 2026.xlsx
KEILA ESPINOZA;ALICIA CARMEN DEL PRADO ARCE;F;MEDICO;EME;FRANCES/MI-V(MAÑANA);SANTA CRUZ;72696987;;B;SEM 2 MIE AM;Do10;93;True;SCZ KEILA ESPINOZA KARDEX BELEN SEP 2026.xlsx
KEILA ESPINOZA;ALISON RIVERO HIGA;;MEDICO;MIN;INCOR/ PASILLO 2;SANTA CRUZ;77025425;;A;SEM 1 JUE AM;Do4924;32;True;SCZ KEILA ESPINOZA KARDEX BELEN SEP 2026.xlsx
KEILA ESPINOZA;DRA ALISON RIVERO HIGO;F;MEDICO;MIN;INCOR/JU-VI (8-12AM);SANTA CRUZ;77025425;;A;SEM 3 JUE AM;Do3719;171;False;SCZ KEILA ESPINOZA KARDEX BELEN SEP 2026.xlsx
KEILA ESPINOZA;DR. AMILCAR MARAÑON DAVILA;M;MEDICO;PED;HOSPITAL DE NINO/VIERNES UTI;SANTA CRUZ;76308355;;B;SEM 3 LUN PM;Do4887;137;True;SCZ KEILA ESPINOZA KARDEX BELEN SEP 2026.xlsx
KEILA ESPINOZA;DR. ANDRES TITO ANGELO;M;MEDICO;HEM;PETROLERA/CLINICA SANTA CRUZ(5-6PM);SANTA CRUZ;77062762;;A;SEM 4 LUN AM;;192;False;SCZ KEILA ESPINOZA KARDEX BELEN SEP 2026.xlsx
KEILA ESPINOZA;DRA. ANGELICA JUSTINIANO F.;F;MEDICO;MGE;VILLAFATIMA/MAÑANA-(8-1:30PM);SANTA CRUZ;65045472;;C;SEM 2 JUE PM;;;;SCZ KEILA ESPINOZA KARDEX BELEN SEP 2026.xlsx
KEILA ESPINOZA;DRA. ANGELICA VERA CUELLAR;F;MEDICO;CIR;FRANCES/MAÑANA-TARDE;SANTA CRUZ;;;A;SEM 2 MIE PM;Do1327;98;False;SCZ KEILA ESPINOZA KARDEX BELEN SEP 2026.xlsx
KEILA ESPINOZA;ANTONIO ARNEZ;M;MEDICO;PED;BANCA PRIVADA/ESPERAR AFUERA;SANTA CRUZ;77102715;;C;SEM 3 MIE PM;Do4246;162;False;SCZ KEILA ESPINOZA KARDEX BELEN SEP 2026.xlsx
KEILA ESPINOZA;ARIEL VELARDE ENRÍQUEZ;;MEDICO;MIN;FRANCES/CLINICA BRASIL/ALEJANDRA;SANTA CRUZ;67755475;;A;SEM 2 LUN PM;Do4225*;65;True;SCZ KEILA ESPINOZA KARDEX BELEN SEP 2026.xlsx
KEILA ESPINOZA;DR. ARMANDO TORRES M.;M;MEDICO;VAS;BC MEDICAL/HERNANDES VERA;SANTA CRUZ;76066761;;B;SEM 3 MIE AM;Do2589;152;False;SCZ KEILA ESPINOZA KARDEX BELEN SEP 2026.xlsx
KEILA ESPINOZA;BLANCA CORDOVA VEIZAGA;F;MEDICO;GIN;CIES RAMADA/L(PRIMER PISO 2PM);SANTA CRUZ;;;C;SEM 2 VIE PM;Do3715;117;True;SCZ KEILA ESPINOZA KARDEX BELEN SEP 2026.xlsx
KEILA ESPINOZA;BLANCA PALACIOS AVALOS;F;MEDICO;GIN;CIES RAMADA/L(2 PISO 2PM);SANTA CRUZ;;;C;SEM 2 VIE PM;Do1349;118;False;SCZ KEILA ESPINOZA KARDEX BELEN SEP 2026.xlsx
KEILA ESPINOZA;DR. BRITO LLANQUE CONDE;M;MEDICO;UTI;CAJA PETROLERA /V(TERAPIA DE NIÑOS)$PETROLERA/VIERNES EN TERAPIA DE NIÑOS;SANTA CRUZ;73664134;;B;SEM 1 MAR AM;Do835;17;False;SCZ KEILA ESPINOZA KARDEX BELEN SEP 2026.xlsx
KEILA ESPINOZA;DRA. CABOTH HOYOS BEJARANO;F;MEDICO;MIN;CLI. GRUMEDSO/C/4 (9:30-12AM);SANTA CRUZ;76062365;;B;SEM 4 MIE AM;;220;False;SCZ KEILA ESPINOZA KARDEX BELEN SEP 2026.xlsx
KEILA ESPINOZA;CARLOS A. JUSTIANO B.;M;MEDICO;MGE;CLINICA RAMIREZ/L-MI(MAÑANA-TARDE);SANTA CRUZ;72941210;;C;SEM 4 MAR AM;;210;False;SCZ KEILA ESPINOZA KARDEX BELEN SEP 2026.xlsx
KEILA ESPINOZA;DR. CARLOS AYQUIPA MONTESINO;M;MEDICO;GIN;CLINICA MADRID/TARDE 2DO PISO;SANTA CRUZ;77668410;;C;SEM 2 VIE PM;;;;SCZ KEILA ESPINOZA KARDEX BELEN SEP 2026.xlsx
KEILA ESPINOZA;DR. CARLOS HUGO SOTELO POMPEYAS;M;MEDICO;TRAU;NINO JESUS/PISO 1$NINO JESUS/L-MA-MI-V(5-6PM);SANTA CRUZ;70066060;;A;SEM 3 LUN AM;Do2100;133;False;SCZ KEILA ESPINOZA KARDEX BELEN SEP 2026.xlsx
KEILA ESPINOZA;CARMEN INGARD KISSLING RIBERA;F;MEDICO;GOB;FRANCES/MAÑANA;SANTA CRUZ;70863866;;A;SEM 2 LUN PM;Do3104;66;True;SCZ KEILA ESPINOZA KARDEX BELEN SEP 2026.xlsx
KEILA ESPINOZA;DRA. CAROL M. LEDEZMA SARAVID;F;MEDICO;GIN;CLINICA GESTAR/PISO 1 (8-11AM);SANTA CRUZ;70828254;;C;SEM 3 MAR AM;Do1152;141;False;SCZ KEILA ESPINOZA KARDEX BELEN SEP 2026.xlsx
KEILA ESPINOZA;DRA. CAROLA CHAVEZ F.;F;MEDICO;GIN;COSSMIL/MA(TARDE);SANTA CRUZ;76813580;;B;SEM 3 MIE PM;Do1206*;159;True;SCZ KEILA ESPINOZA KARDEX BELEN SEP 2026.xlsx
KEILA ESPINOZA;DRA. CAROLINA AÑEZ CABRERA;F;MEDICO;GIN;FAMILYCENTER/M-V (7AM-7PM);SANTA CRUZ;67190054;;A;SEM 2 VIE PM;Do137;116;False;SCZ KEILA ESPINOZA KARDEX BELEN SEP 2026.xlsx
KEILA ESPINOZA;CHRISTIAN CRUZ VILAR;;MEDICO;PED;INCOR/M-J(3-5PM);SANTA CRUZ;75063344;;C;SEM 1 JUE AM;Do1124;40;False;SCZ KEILA ESPINOZA KARDEX BELEN SEP 2026.xlsx
KEILA ESPINOZA;DRA. CLAUDIA ESCOBAR CLAROS;F;MEDICO;CIR;HOSPITAL BAJIO/JU(7AM-7PM );SANTA CRUZ;60920501;;B;SEM 4 MIE PM;;229;False;SCZ KEILA ESPINOZA KARDEX BELEN SEP 2026.xlsx
KEILA ESPINOZA;DRA CLAUDIA PATTY COSSIO;F;MEDICO;GIN;VILLAFATIMA/MAÑANA-(8-1:30PM)SANTA CRUZ;;60888634;;C;SEM 2 JUE PM;;;;SCZ KEILA ESPINOZA KARDEX BELEN SEP 2026.xlsx
KEILA ESPINOZA;CONSULTORIO MEDICO ECOAFETUS;;MEDICO;CTRO;ECOAFETUS/ LU-SAB (8-6PM);SANTA CRUZ;77818840;;C;SEM 2 JUE PM;Do1548;112;True;SCZ KEILA ESPINOZA KARDEX BELEN SEP 2026.xlsx
KEILA ESPINOZA;DR. DANIEL MOLINA COMBONI;M;MEDICO;NEF;INCOR/M-J (3:00-6:00PM);SANTA CRUZ;72130997;;A;SEM 3 JUE PM;;173;False;SCZ KEILA ESPINOZA KARDEX BELEN SEP 2026.xlsx
KEILA ESPINOZA;DANIELA CHUQUINIA;F;MEDICO;VAS;CALLE LAS PETAS ESQ CALLE 9 ENTRE AV PARAGUAY Y GUAPAYL-S (9AM-8PM);SANTA CRUZ;75564040;;C;SEM 4 MIE PM;;234;False;SCZ KEILA ESPINOZA KARDEX BELEN SEP 2026.xlsx
KEILA ESPINOZA;DR. DAVID GLOVER OLIVA;M;MEDICO;REU;AV IRALA 45551/MAÑANA-TARDE;SANTA CRUZ;70812738;;B;SEM 4 VIE AM;;243;False;SCZ KEILA ESPINOZA KARDEX BELEN SEP 2026.xlsx
KEILA ESPINOZA;DELIA CAROLA HUANCA;F;MEDICO;UTI;MONTERO/HOSPITAL DE MONTERO;SANTA CRUZ;72334036;;C;SEM 1 VIE AM;Do2646;52;True;SCZ KEILA ESPINOZA KARDEX BELEN SEP 2026.xlsx
KEILA ESPINOZA;DEREK QUINONEZ;;MEDICO;NEU;MONTERO/HOSPITAL DE MONTERO/ MA-J MAÑANA;SANTA CRUZ;78847410;;C;SEM 1 VIE AM;Do2436*;48;True;SCZ KEILA ESPINOZA KARDEX BELEN SEP 2026.xlsx
KEILA ESPINOZA;DIANA RIVERA;F;MEDICO;PED ALE;INCOR/M-J(3-5PM);SANTA CRUZ;78427842;;B;SEM 1 JUE AM;Do2993;41;True;SCZ KEILA ESPINOZA KARDEX BELEN SEP 2026.xlsx
KEILA ESPINOZA;DIEGO BARRIOS;M;MEDICO;EME;FRANCES/M(7:30-7:30PM);SANTA CRUZ;77817777;;C;SEM 2 MIE AM;Do1716;88;True;SCZ KEILA ESPINOZA KARDEX BELEN SEP 2026.xlsx
KEILA ESPINOZA;DR. DIEGO MONTENEGRO V.;M;MEDICO;ONC;CENTRO MEDICO UDIMEN/1 ANILLO L-S(7:30-5PM);SANTA CRUZ;71565612;;B;SEM 4 JUE PM;;237;False;SCZ KEILA ESPINOZA KARDEX BELEN SEP 2026.xlsx
KEILA ESPINOZA;DIEGO SORIA REYNAGA;M;MEDICO;PED;CLINICA MONTALVO  /L-J(9-12AM);SANTA CRUZ;77601954;;B;SEM 1 LUN AM;Do1895;1;False;SCZ KEILA ESPINOZA KARDEX BELEN SEP 2026.xlsx
KEILA ESPINOZA;DORIS MARIBEL TOTOLA;;MEDICO;PED;CAJA PETROLERA M(8-12:30)C/38;SANTA CRUZ;77002748;;C;SEM 1 MAR AM;Do2771;13;True;SCZ KEILA ESPINOZA KARDEX BELEN SEP 2026.xlsx
KEILA ESPINOZA;ELIANA ESPINOZA G.;F;MEDICO;GIN;CLINICA MELENDRES V(TARDE);SANTA CRUZ;75588039;;C;SEM 1 LUN PM;Do3848;9;True;SCZ KEILA ESPINOZA KARDEX BELEN SEP 2026.xlsx
KEILA ESPINOZA;ELIZABETH CANDIA;F;MEDICO;NEM;CAJA NACIONAL DE SALUD/6TO PISO U.PLEURA;SANTA CRUZ;79898616;;A;SEM 1 MAR PM;Do305;29;False;SCZ KEILA ESPINOZA KARDEX BELEN SEP 2026.xlsx
KEILA ESPINOZA;DRA. ELIZABETH CANDIA L;F;MEDICO;NEUM;H. OBRERO /PISO 6 NEUMOLOGIA UNIDAD DE PLEURA$JESUS OBRERO/ PISO 6 UNIDAD DE PLEURA;SANTA CRUZ;79898616;;A;SEM 3 LUN PM;Do4808;139;True;SCZ KEILA ESPINOZA KARDEX BELEN SEP 2026.xlsx
KEILA ESPINOZA;ELIZABETH FLORES VASQUEZ;F;MEDICO;GIN;CIES RAMADA/HNAS PADILLAS;SANTA CRUZ;65745254;;C;SEM 2 VIE PM;Do1647*;121;True;SCZ KEILA ESPINOZA KARDEX BELEN SEP 2026.xlsx
KEILA ESPINOZA;DR. EMILIANO MAIZARES CALATAYUD;M;MEDICO;CAR;NEURORED/C/5 (3-5PM);SANTA CRUZ;76323499;;B;SEM 4 LUN AM;;194;False;SCZ KEILA ESPINOZA KARDEX BELEN SEP 2026.xlsx
KEILA ESPINOZA;ENRIQUEZ RODRIGUEZ;;MEDICO;MGE;ALTO SAN PEDRO/C/3 (8-12:30AM);SANTA CRUZ;77047429;;C;SEM 3 VIE PM;;187;False;SCZ KEILA ESPINOZA KARDEX BELEN SEP 2026.xlsx
KEILA ESPINOZA;ERNESTO NATUSCH;M;MEDICO;CAR;INCOR/M-J(MAÑANA);SANTA CRUZ;72810688;;B;SEM 1 JUE AM;Do507;35;False;SCZ KEILA ESPINOZA KARDEX BELEN SEP 2026.xlsx
KEILA ESPINOZA;ERWIN JUSTINIANO;M;MEDICO;MIN;SAN JUAN DE DIOS/MAÑANA -TARDE;SANTA CRUZ;75592810;;C;SEM 3 VIE AM;;183;False;SCZ KEILA ESPINOZA KARDEX BELEN SEP 2026.xlsx
KEILA ESPINOZA;ESTEFY GUTIERREZ;;MEDICO;HEM;SAN JUAN DE  /M(10AM) C/10Y 14 HEMATOLOGIA;SANTA CRUZ;77911996;;A;SEM 1 MAR PM;Do3545;20;False;SCZ KEILA ESPINOZA KARDEX BELEN SEP 2026.xlsx
KEILA ESPINOZA;DRA. ESTEFY GUTIERREZ COLQUE;F;MEDICO;HEM;SAN JUAN DE DIOS/PLANTA ALTA C/10 -14(10AM);SANTA CRUZ;77911996;;A;SEM 3 LUN PM;Do1189;134;False;SCZ KEILA ESPINOZA KARDEX BELEN SEP 2026.xlsx
KEILA ESPINOZA;ESTIVEN MONTAÑO;;MEDICO;GIN;CLINICA RAMIREZ/L-MI-J-V(MAÑANA);SANTA CRUZ;72111788;;C;SEM 4 MAR AM;;208;False;SCZ KEILA ESPINOZA KARDEX BELEN SEP 2026.xlsx
KEILA ESPINOZA;DR. FABIO HURTADO;M;MEDICO;UTI;BC MEDICAL/CALLE SAPOCO N°40;SANTA CRUZ;79461624;;B;SEM 3 MIE AM;Do1956;153;False;SCZ KEILA ESPINOZA KARDEX BELEN SEP 2026.xlsx
KEILA ESPINOZA;FERMIN MAMANI T.;;MEDICO;NEU;NEURORED/C/2 (3-5PM);SANTA CRUZ;73981976;;C;SEM 4 LUN AM;;196;False;SCZ KEILA ESPINOZA KARDEX BELEN SEP 2026.xlsx
KEILA ESPINOZA;FERNANDO CAPOBIANCO;M;MEDICO;NEUM;SAN JUAN DE DIOS/L(8:30-10);SANTA CRUZ;70829480;;C;SEM 3 VIE AM;;185;False;SCZ KEILA ESPINOZA KARDEX BELEN SEP 2026.xlsx
KEILA ESPINOZA;FERNANDO MOSTAJO;M;MEDICO;MIN;CLINICA SAN ANTONIO/ ENTRE CALLE AYACUCHO Y ANGEL MARIANO CUELLAR;SANTA CRUZ;78036027;;B;SEM 1 VIE PM;Do104;59;False;SCZ KEILA ESPINOZA KARDEX BELEN SEP 2026.xlsx
KEILA ESPINOZA;DR. FRANCISCO DE BARROS B.DOS SANTOS;M;MEDICO;MGE;CLINICA MADRID/TARDE C/1;SANTA CRUZ;75674958;;C;SEM 2 VIE PM;Do492;123;False;SCZ KEILA ESPINOZA KARDEX BELEN SEP 2026.xlsx
KEILA ESPINOZA;DR. FREDDY Y. CARRION ORELLANA;M;MEDICO;HEM;CENTRO MEDICO NIÑO JESUS 2DO PISO C/206(9AM);SANTA CRUZ;70905463;;A;SEM 3 MIE PM;Do1364;161;False;SCZ KEILA ESPINOZA KARDEX BELEN SEP 2026.xlsx
KEILA ESPINOZA;FUNDACOR;;MEDICO;CLI;FUNDACOR/CALLE CARANDA N°3 2 ANILLO DIAGONAL A LA INCOR;SANTA CRUZ;33554747;;C;SEM 3 JUE PM;;177;False;SCZ KEILA ESPINOZA KARDEX BELEN SEP 2026.xlsx
KEILA ESPINOZA;GABRIELA PRADO;F;MEDICO;UTI;FRANCES/M-J(UTI);SANTA CRUZ;78455388;;A;SEM 2 MIE AM;Do1676;85;False;SCZ KEILA ESPINOZA KARDEX BELEN SEP 2026.xlsx
KEILA ESPINOZA;GABRIELA SANDOVAL;F;MEDICO;GIN;CM SANCHEZ/CALLE 5 AV MARISCAL SANTA CRUZ;SANTA CRUZ;78038699;;C;SEM 3 VIE PM;;189;False;SCZ KEILA ESPINOZA KARDEX BELEN SEP 2026.xlsx
KEILA ESPINOZA;DR. GARY MURILLO;M;MEDICO;MIN;NINO JESUS/PISO 1;SANTA CRUZ;;;C;SEM 3 LUN AM;Do1677;127;True;SCZ KEILA ESPINOZA KARDEX BELEN SEP 2026.xlsx
KEILA ESPINOZA;GERALDINE DELGADILLO;;MEDICO;CIR;CENTRO M.ALIVIAR/J(3-6PM);SANTA CRUZ;68912339;;C;SEM 1 JUE PM;Do814;45;True;SCZ KEILA ESPINOZA KARDEX BELEN SEP 2026.xlsx
KEILA ESPINOZA;DRA. GUADALUPE VARGAS A.;F;MEDICO;PED;CLINICA SAN SALVADOR /MAÑANA;;75661742;;C;SEM 3 MAR AM;;;;SCZ KEILA ESPINOZA KARDEX BELEN SEP 2026.xlsx
KEILA ESPINOZA;DR. GUALBERTO CAMPOS ROJAS;M;MEDICO;NEM;CLINICA NIÑO JESUS/ PISO 1$NINO JESUS/PISO 2;SANTA CRUZ;74649495;;A;SEM 1 MAR PM;Do972;28;True;SCZ KEILA ESPINOZA KARDEX BELEN SEP 2026.xlsx
KEILA ESPINOZA;DR. GUMMERT CASTRO;M;MEDICO;NEO;MATERNO INFANTIL/ LU(NEONATO TARDE);SANTA CRUZ;73298517;;B;SEM 3 LUN PM;Do4966;140;True;SCZ KEILA ESPINOZA KARDEX BELEN SEP 2026.xlsx
KEILA ESPINOZA;GUSTAVO IVAN VILLALPANDO;M;MEDICO;GAS;C/WALTER VEGA;SANTA CRUZ;;;C;SEM 4 MAR PM;;218;False;SCZ KEILA ESPINOZA KARDEX BELEN SEP 2026.xlsx
KEILA ESPINOZA;DR HAROLD RODAS P.;M;MEDICO;MGE;ELVIRA WUNDERLICH/TARDE (1:30-6P,);SANTA CRUZ;73648768;;C;SEM 3 MAR PM;;;;SCZ KEILA ESPINOZA KARDEX BELEN SEP 2026.xlsx
KEILA ESPINOZA;DR. HECTOR SALDARRIAGA CHAVEZ;M;MEDICO;MGE;CIMFA CENTRAL/PLANTA ALTA C/5;SANTA CRUZ;70869925;;B;SEM 4 LUN PM;;200;False;SCZ KEILA ESPINOZA KARDEX BELEN SEP 2026.xlsx
KEILA ESPINOZA;DRA. HELEN TAPIA QUINTASI;F;MEDICO;UTI;OBRERO/ALEJANDRA;SANTA CRUZ;0;;A;SEM 2 LUN AM;Do4539;63;False;SCZ KEILA ESPINOZA KARDEX BELEN SEP 2026.xlsx
KEILA ESPINOZA;DR. HENRY PANIAGUA NERY;M;MEDICO;ONC;NINO JESUS/PISO 2;SANTA CRUZ;77354010;;C;SEM 3 LUN AM;Do1870;131;False;SCZ KEILA ESPINOZA KARDEX BELEN SEP 2026.xlsx
KEILA ESPINOZA;DR. HERBERT SAUL ADORNO CUELLAR;M;MEDICO;ONC;H.MARTIN DOCKWEILER MAÑNA;SANTA CRUZ;60919034;;B;SEM 4 VIE AM;;242;False;SCZ KEILA ESPINOZA KARDEX BELEN SEP 2026.xlsx
KEILA ESPINOZA;DR. HUGO ITURRICHA KRAMER;M;MEDICO;PED;CLINICA URBARI C/15 L-S(9-12)$CLI. URBARI/PLANTA ALTA C/15 L-S(9-12AM);SANTA CRUZ;70834088;;B;SEM 1 LUN AM;Do2494*;4;True;SCZ KEILA ESPINOZA KARDEX BELEN SEP 2026.xlsx
KEILA ESPINOZA;DR. HUMBERTO FLORES;M;MEDICO;NEM;SAN JUAN DE DIOS/M(8-2PM)$SAN JUAN DE DIOS/(9-2PM);SANTA CRUZ;68819388;;B;SEM 1 MAR PM;Do1467*;22;True;SCZ KEILA ESPINOZA KARDEX BELEN SEP 2026.xlsx
KEILA ESPINOZA;DRA. IBIS A. MOSCOSO ARROYO;F;MEDICO;UTI;CLI. GRUMEDSO/ UTI;SANTA CRUZ;62109903;;B;SEM 4 MIE AM;;221;False;SCZ KEILA ESPINOZA KARDEX BELEN SEP 2026.xlsx
KEILA ESPINOZA;DRA. IVANY BURGOS A.;F;MEDICO;PED;NINO JESUS/AV LOS CUSIS PASAJE CURUPAU 4PM;SANTA CRUZ;67460121;;C;SEM 3 LUN AM;Do1985*;129;False;SCZ KEILA ESPINOZA KARDEX BELEN SEP 2026.xlsx
KEILA ESPINOZA;DRA. IVETTE ROCHA A.;F;MEDICO;NEM;DMI SAN JUAN /MAÑANA;SANTA CRUZ;70864323;;B;SEM 3 MIE AM;Do2957;156;False;SCZ KEILA ESPINOZA KARDEX BELEN SEP 2026.xlsx
KEILA ESPINOZA;JACQUELINE IBANEZ BURGOS;;MEDICO;CIR;CLINICA BETH MEDICAL;SANTA CRUZ;70793184;;C;SEM 2 MAR AM;Do3582;75;True;SCZ KEILA ESPINOZA KARDEX BELEN SEP 2026.xlsx
KEILA ESPINOZA;DRA. JAEL R. ZARATE F.;F;MEDICO;GIN;CM SANCHEZ/CALLE 5 AV MARISCAL SANTA CRUZ;SANTA CRUZ;78162828;;B;SEM 3 VIE PM;;188;False;SCZ KEILA ESPINOZA KARDEX BELEN SEP 2026.xlsx
KEILA ESPINOZA;JAIME CALDERON ANIBARRO;M;MEDICO;PED;CLINICA MONTALVO / PATIO;SANTA CRUZ;76002566;;A;SEM 1 LUN AM;Do1895*;2;True;SCZ KEILA ESPINOZA KARDEX BELEN SEP 2026.xlsx
KEILA ESPINOZA;DR JAIME RIVERA PORCEL;M;MEDICO;GIN;SAN MARTIN DE PORRES/MA-JUE(7AM-7PM);SANTA CRUZ;73172424;;C;SEM 2 JUE AM;Do3198;102;True;SCZ KEILA ESPINOZA KARDEX BELEN SEP 2026.xlsx
KEILA ESPINOZA;DR. JAIME SANCHEZ;M;MEDICO;MIN;FRANCES/MAÑANA -TARDE;SANTA CRUZ;;;A;SEM 2 MIE PM;Do838;97;False;SCZ KEILA ESPINOZA KARDEX BELEN SEP 2026.xlsx
KEILA ESPINOZA;DR. JAVIER ALEJANDRO PASTEN  VARGAS;M;MEDICO;UTI;INCOR/ M-J UTI MAÑANA;SANTA CRUZ;71631610;;A;SEM 4 JUE AM;;236;False;SCZ KEILA ESPINOZA KARDEX BELEN SEP 2026.xlsx
KEILA ESPINOZA;JAVIER E. HERRERA;M;MEDICO;HEM;FRANCES/MAÑANA-TARDE;SANTA CRUZ;75312845;;C;SEM 2 MIE AM;Do4214*;91;True;SCZ KEILA ESPINOZA KARDEX BELEN SEP 2026.xlsx
KEILA ESPINOZA;JAVIER LOPEZ V.;M;MEDICO;REU;SAN JUAN DE DIOS/L-V(1-5PM);SANTA CRUZ;76617706;;B;SEM 1 MAR PM;Do2316;25;False;SCZ KEILA ESPINOZA KARDEX BELEN SEP 2026.xlsx
KEILA ESPINOZA;DR. JAVIER PECA RODRIGUEZ;M;MEDICO;UTI;SAN JUAN DE DIOS/LU- EN UTI;SANTA CRUZ;71089225;;A;SEM 3 LUN AM;Do1185;126;False;SCZ KEILA ESPINOZA KARDEX BELEN SEP 2026.xlsx
KEILA ESPINOZA;DRA. JAZMIN R. MEJIA REYES;F;MEDICO;EME;FRANCES/JUEVES /CLINICA GALENICA/V7:30PMY 7:30AM SAB;SANTA CRUZ;67871074;;A;SEM 2 MIE PM;Do4442;95;True;SCZ KEILA ESPINOZA KARDEX BELEN SEP 2026.xlsx
KEILA ESPINOZA;DR JESUS A FLORES ARAUZ;M;MEDICO;MIN;CLINICA SAN SALVADOR/MAÑANA;SANTA CRUZ;64390256;;A;SEM 3 MAR AM;Do1558;146;False;SCZ KEILA ESPINOZA KARDEX BELEN SEP 2026.xlsx
KEILA ESPINOZA;JIMENA VILLARROEL;F;MEDICO;NEF;MONTERO/HOSPITAL DE MONTERO;SANTA CRUZ;77484831;;A;SEM 1 VIE AM;Do4153;51;True;SCZ KEILA ESPINOZA KARDEX BELEN SEP 2026.xlsx
KEILA ESPINOZA;JORGE BELMONTE GUZMAN;M;MEDICO;UTI;CLINICA MELENDRES L(9-12AM);SANTA CRUZ;70895284;;A;SEM 1 LUN PM;Do2413;7;True;SCZ KEILA ESPINOZA KARDEX BELEN SEP 2026.xlsx
KEILA ESPINOZA;JORGE LUIS AYREYU;M;MEDICO;MGE;CLINICA MELENDRES L(9-12AM) MIER(NOCHE);SANTA CRUZ;68091023;;C;SEM 1 LUN PM;Do2462;8;True;SCZ KEILA ESPINOZA KARDEX BELEN SEP 2026.xlsx
KEILA ESPINOZA;JORGE LUIS SANDOVAL HURTADO;M;MEDICO;MGE;CLI. GRUMEDSO/C/2 MAÑANA;SANTA CRUZ;76680032;;C;SEM 4 MIE AM;;222;False;SCZ KEILA ESPINOZA KARDEX BELEN SEP 2026.xlsx
KEILA ESPINOZA;DR. JORGE RONALD ARCE VARGAS;M;MEDICO;NEM;SAN JUAN DE DIOS/PLANTA ALTA C/8;SANTA CRUZ;67898030;;A;SEM 3 VIE AM;;180;False;SCZ KEILA ESPINOZA KARDEX BELEN SEP 2026.xlsx
KEILA ESPINOZA;JORGE VERASTEGUI V.;M;MEDICO;CIR;FRANCES/MAÑANA-TARDE;SANTA CRUZ;75035256;;B;SEM 2 MIE AM;Do3823;87;True;SCZ KEILA ESPINOZA KARDEX BELEN SEP 2026.xlsx
KEILA ESPINOZA;JOSE COPA;M;MEDICO;ONC;SAN JUAN DE DIOS/M(FUERA DE CIRUGIA);SANTA CRUZ;76609705;;B;SEM 1 MAR PM;Do1760;24;True;SCZ KEILA ESPINOZA KARDEX BELEN SEP 2026.xlsx
KEILA ESPINOZA;DR. JOSE H. AVENDAÑO C.;M;MEDICO;GAS;HOSPITAL DE NINO/VIERNES;SANTA CRUZ;77647471;;A;SEM 3 LUN PM;Do3924;138;False;SCZ KEILA ESPINOZA KARDEX BELEN SEP 2026.xlsx
KEILA ESPINOZA;JOSE L. MAMANI F.;M;MEDICO;CIR;FRANCES/MAÑANA -TARDE;SANTA CRUZ;78667012;;B;SEM 2 MIE AM;Do4889;84;True;SCZ KEILA ESPINOZA KARDEX BELEN SEP 2026.xlsx
KEILA ESPINOZA;DR. JOSE L. MONTAÑO A.;M;MEDICO;CIR;INCOR/M-J(5-6:00PM)$INCOR/M-J (5-6PM);SANTA CRUZ;76301565;;A;SEM 1 JUE PM;Do180;42;False;SCZ KEILA ESPINOZA KARDEX BELEN SEP 2026.xlsx
KEILA ESPINOZA;JOSE LUIS BARTOLOME;M;MEDICO;END;MONTERO/HOSPITAL DE MONTERO;SANTA CRUZ;78524298;;B;SEM 1 VIE AM;Do214;53;False;SCZ KEILA ESPINOZA KARDEX BELEN SEP 2026.xlsx
KEILA ESPINOZA;DR. JOSE LUIS FORONDA SOLIZ;M;MEDICO;NEF;INMED /ÑUFLO DE CHAVEZ N°136;SANTA CRUZ;70823380;;A;SEM 2 LUN AM;Do64;61;False;SCZ KEILA ESPINOZA KARDEX BELEN SEP 2026.xlsx
KEILA ESPINOZA;DR. JOSE MARTIN DAZA;M;MEDICO;NEUM;ALEJANDRA;SANTA CRUZ;0;;A;SEM 3 JUE AM;Do3407;169;True;SCZ KEILA ESPINOZA KARDEX BELEN SEP 2026.xlsx
KEILA ESPINOZA;JOSE VILLARROEL R.;M;MEDICO;GIN;CLI. URBARI/PLANTA ALTA C/8 L-V(9-12AM/4-7PM);SANTA CRUZ;78055521;;C;SEM 4 MAR PM;;214;False;SCZ KEILA ESPINOZA KARDEX BELEN SEP 2026.xlsx
KEILA ESPINOZA;JOSUE ROJAS ROMAN;;MEDICO;URO;FRANCES/C/8 (MIER-MAÑANA)CLIN.M.DOCKWEILER 5TO PISO C/507;SANTA CRUZ;71670105;;C;SEM 2 MIE AM;Do4214;90;False;SCZ KEILA ESPINOZA KARDEX BELEN SEP 2026.xlsx
KEILA ESPINOZA;DR. JUAN CARLOS GALARZA;M;MEDICO;UTI;OBRERO/ALEJANDRA;SANTA CRUZ;0;;A;SEM 2 LUN PM;Do3028;70;True;SCZ KEILA ESPINOZA KARDEX BELEN SEP 2026.xlsx
KEILA ESPINOZA;JUAN CARLOS ZABALA;M;MEDICO;MGE;VILLAFATIMA/MAÑANA-TARDE;SANTA CRUZ;76350257;;C;SEM 2 JUE PM;Do203;108;False;SCZ KEILA ESPINOZA KARDEX BELEN SEP 2026.xlsx
KEILA ESPINOZA;DR. JUAN GABRIEL PECA FLORES;M;MEDICO;UTI;CLINICA RAMIREZ/V( 12-8PM)$CLINICA RAMIREZ/MIE (12-8PM);SANTA CRUZ;76644833;;A;SEM 2 VIE AM;Do551;113;False;SCZ KEILA ESPINOZA KARDEX BELEN SEP 2026.xlsx
KEILA ESPINOZA;DR. JUAN PABLO ESPADA ORTUÑO;M;MEDICO;PED;CLI. URBARI/PLANTA ALTA C/15 L-V(3-6PM);SANTA CRUZ;;;B;SEM 4 MAR PM;;216;False;SCZ KEILA ESPINOZA KARDEX BELEN SEP 2026.xlsx
KEILA ESPINOZA;JUAN PABLO PERALTA;M;MEDICO;MIN;FRANCES/MAÑANA-TARDE;SANTA CRUZ;78518838;;A;SEM 2 MIE AM;Do1676*;86;True;SCZ KEILA ESPINOZA KARDEX BELEN SEP 2026.xlsx
KEILA ESPINOZA;KARINA SANCHEZ;F;MEDICO;PED;MONTERO/HOSPITAL DE MONTERO;SANTA CRUZ;67786970;;B;SEM 1 VIE AM;Do2436;47;False;SCZ KEILA ESPINOZA KARDEX BELEN SEP 2026.xlsx
KEILA ESPINOZA;KARLA SALAS PERALTA;F;MEDICO;PED;INCOR/L-J (8-12AM);SANTA CRUZ;78432445;;C;SEM 3 JUE AM;Do1344;167;False;SCZ KEILA ESPINOZA KARDEX BELEN SEP 2026.xlsx
KEILA ESPINOZA;DRA. KARLA VILLA CALDERON;F;MEDICO;UTI;COSSMIL/MA(8AM-8PM);SANTA CRUZ;71177579;;B;SEM 3 MIE PM;Do764;157;False;SCZ KEILA ESPINOZA KARDEX BELEN SEP 2026.xlsx
KEILA ESPINOZA;DR. KLEVER G. ARCOS MAYTA;M;MEDICO;UTI;HOSPITAL BAJIO/JU(7AM-7PM UCI);SANTA CRUZ;73287908;;B;SEM 4 MIE AM;;225;False;SCZ KEILA ESPINOZA KARDEX BELEN SEP 2026.xlsx
KEILA ESPINOZA;LEONARDO AVILA ESPINOZA;M;MEDICO;EME;INCOR/M-J(MAÑANA);SANTA CRUZ;78427002;;C;SEM 1 JUE AM;Do1987;36;False;SCZ KEILA ESPINOZA KARDEX BELEN SEP 2026.xlsx
KEILA ESPINOZA;LEONOR MEDINA;;MEDICO;CIR;HOSPITAL BAJIO/MI-J(7:30-7PM);SANTA CRUZ;71089196;;C;SEM 4 MIE AM;;226;False;SCZ KEILA ESPINOZA KARDEX BELEN SEP 2026.xlsx
KEILA ESPINOZA;LIBIA GUARDIA MONTALVAN;;MEDICO;GIN;INCOR/M-J(MAÑANA);SANTA CRUZ;77688280;;C;SEM 1 JUE AM;Do1289;33;False;SCZ KEILA ESPINOZA KARDEX BELEN SEP 2026.xlsx
KEILA ESPINOZA;LUCIA QUISPE MEDRANO;F;MEDICO;EME;CAJA PETROLERA / J(TODO EL DIA);SANTA CRUZ;77638556;;C;SEM 1 MAR PM;Do839;18;True;SCZ KEILA ESPINOZA KARDEX BELEN SEP 2026.xlsx
KEILA ESPINOZA;DR. LUIS BURGOS MERCADO;M;MEDICO;CIR;NINO JESUS/PISO 2 (8:30-11AM/14:30-18PM;SANTA CRUZ;72130918;;B;SEM 3 LUN AM;Do3;132;True;SCZ KEILA ESPINOZA KARDEX BELEN SEP 2026.xlsx
KEILA ESPINOZA;LUIS DIAZ DE OROPEZA;M;MEDICO;NEU;NEURORED/L-V(10-12PM/5-6:30PM);SANTA CRUZ;73480795;;C;SEM 4 LUN AM;;198;False;SCZ KEILA ESPINOZA KARDEX BELEN SEP 2026.xlsx
KEILA ESPINOZA;DR. LUIS FERNANDO FRANCO;M;MEDICO;MIN;INCOR/M-J (8-12AM/3-6PM);SANTA CRUZ;62133800;;B;SEM 3 JUE AM;Do2814*;166;False;SCZ KEILA ESPINOZA KARDEX BELEN SEP 2026.xlsx
KEILA ESPINOZA;DR. LUIS ZELAYA;M;MEDICO;END;NEURORED/YA NO TRABAJA;SANTA CRUZ;;;A;SEM 4 LUN AM;;197;False;SCZ KEILA ESPINOZA KARDEX BELEN SEP 2026.xlsx
KEILA ESPINOZA;LUZ ADDY JANCO;;MEDICO;GOB;FRANCES/MAÑANA;SANTA CRUZ;78009986;;C;SEM 2 LUN PM;Do2436;67;False;SCZ KEILA ESPINOZA KARDEX BELEN SEP 2026.xlsx
KEILA ESPINOZA;DRA. MABEL IVONE ROCHA SORIA;F;MEDICO;CIR;CENTRO M.ALIVIAR/J(3-6PM)$ALIVIAR/AL LLAMADO;SANTA CRUZ;71372473;;B;SEM 1 JUE PM;Do3227;46;True;SCZ KEILA ESPINOZA KARDEX BELEN SEP 2026.xlsx
KEILA ESPINOZA;MARCO DANIEL ROCA TABOADA;M;MEDICO;MIN;CLINICA MONTERO/ENTRE LAS CALLES MANFREDO CUELLAR Y ALCIDES PAZ;SANTA CRUZ;73695022;;B;SEM 1 VIE PM;Do679;57;False;SCZ KEILA ESPINOZA KARDEX BELEN SEP 2026.xlsx
KEILA ESPINOZA;MARIA CAROLA LOPEZ;F;MEDICO;MGE;VILLAFATIMA/MAÑANA-(8-1:30PM);SANTA CRUZ;78111241;;C;SEM 2 JUE PM;Do3779;111;True;SCZ KEILA ESPINOZA KARDEX BELEN SEP 2026.xlsx
KEILA ESPINOZA;MARIA FERNANDA MOLINA;F;MEDICO;PED;MATERNO INFATIL MOLINA/C/CURUYUQUI;SANTA CRUZ;70814159;;C;SEM 2 MAR AM;Do1759;74;False;SCZ KEILA ESPINOZA KARDEX BELEN SEP 2026.xlsx
KEILA ESPINOZA;MARIA JOSE CAMACHO;F;MEDICO;PED;CAJA CORDES/AV TTE.JUAN HUNMERTO RIVERO;SANTA CRUZ;33346167;;C;SEM 2 MAR PM;Do2642;78;False;SCZ KEILA ESPINOZA KARDEX BELEN SEP 2026.xlsx
KEILA ESPINOZA;MARIA VERONICA HOLGUIN;F;MEDICO;MIN;INCOR - MEDICINA INTERNA;SANTA CRUZ;76202918;;B;SEM 3 JUE AM;Do440;168;False;SCZ KEILA ESPINOZA KARDEX BELEN SEP 2026.xlsx
KEILA ESPINOZA;MARIBEL CHALLAPA;;MEDICO;EME;CAJA PETROLERA /MIER(8-8PM);SANTA CRUZ;77373131;;C;SEM 1 MAR PM;Do3657;19;True;SCZ KEILA ESPINOZA KARDEX BELEN SEP 2026.xlsx
KEILA ESPINOZA;DRA. MARTHA I. ZUNA ALCOBA;F;MEDICO;HEM;PETROLERA/SERVICIO DE ONCOHEMATOLOGIA (9:30);SANTA CRUZ;76068335;;A;SEM 4 LUN AM;;191;False;SCZ KEILA ESPINOZA KARDEX BELEN SEP 2026.xlsx
KEILA ESPINOZA;MAURICIO ANTELO PEÑARRIETA;M;MEDICO;GIN;CIES RAMADA/MAÑANA;SANTA CRUZ;75570300;;C;SEM 2 VIE PM;Do3620;119;True;SCZ KEILA ESPINOZA KARDEX BELEN SEP 2026.xlsx
KEILA ESPINOZA;MAURICIO JENSEN B.;M;MEDICO;GAS;INCOR/M-J(5-6:30PM);SANTA CRUZ;76332330;;A;SEM 1 JUE AM;Do380;37;False;SCZ KEILA ESPINOZA KARDEX BELEN SEP 2026.xlsx
KEILA ESPINOZA;DR. MAURICIO JUSTINIANO B.;M;MEDICO;MIN;HOSPITAL BAJIO/SABADOS (7AM-7PM);SANTA CRUZ;69181594;;B;SEM 4 MIE PM;;235;False;SCZ KEILA ESPINOZA KARDEX BELEN SEP 2026.xlsx
KEILA ESPINOZA;DR. MAURICIO N. OQUENDO OPORTO;M;MEDICO;NEU;FRANCES/MIER(NOCHE)SAB(DIA);SANTA CRUZ;73115710;;A;SEM 2 MIE PM;Do2521;99;True;SCZ KEILA ESPINOZA KARDEX BELEN SEP 2026.xlsx
KEILA ESPINOZA;MIGUEL A. AGUILERA CRUZ;M;MEDICO;EME;CAJA PETROLERA /L(8-8PM)J(8-2PM);SANTA CRUZ;76585181;;B;SEM 1 MAR AM;Do4906;16;True;SCZ KEILA ESPINOZA KARDEX BELEN SEP 2026.xlsx
KEILA ESPINOZA;MIGUEL BASCOPE;M;MEDICO;NEM;SAN JUAN DE DIOS/ PATIO;SANTA CRUZ;76354334;;B;SEM 1 MAR PM;Do1467;21;False;SCZ KEILA ESPINOZA KARDEX BELEN SEP 2026.xlsx
KEILA ESPINOZA;DR. MIGUEL MENDEZ GONZALES;M;MEDICO;MIN;SAN JUAN DE DIOS/ VIERNES;SANTA CRUZ;76008967;;B;SEM 3 VIE AM;;179;False;SCZ KEILA ESPINOZA KARDEX BELEN SEP 2026.xlsx
KEILA ESPINOZA;DR. MORENO;M;MEDICO;NEM;CAJA CORDES/AV TTE.JUAN HUNMERTO RIVERO;SANTA CRUZ;33346167;;C;SEM 2 MAR PM;Do1693;81;False;SCZ KEILA ESPINOZA KARDEX BELEN SEP 2026.xlsx
KEILA ESPINOZA;NADIR SALANES H.;;MEDICO;CIR;NUCLEAR/PISO 6 C/2 L-V(9AM-5PM);SANTA CRUZ;75661027;;C;SEM 3 MIE PM;Do5005;164;True;SCZ KEILA ESPINOZA KARDEX BELEN SEP 2026.xlsx
KEILA ESPINOZA;NATALIA MONTERO BURGOS;F;MEDICO;PED;HOSPITAL BAJIO/MI-J(7:30-7PM);SANTA CRUZ;70296755;;C;SEM 4 MIE AM;;223;False;SCZ KEILA ESPINOZA KARDEX BELEN SEP 2026.xlsx
KEILA ESPINOZA;NATANIEL RUFO;;MEDICO;UTI;CAJA PETROLERA /FUERA DE UTI;SANTA CRUZ;76628415;;C;SEM 1 MAR AM;Do968;15;False;SCZ KEILA ESPINOZA KARDEX BELEN SEP 2026.xlsx
KEILA ESPINOZA;DRA. NICOL MEDINA RIVERA;F;MEDICO;GIN;SAN MARTIN DE PORRES/L-MA-MI(7AM-7PM);SANTA CRUZ;0;;C;SEM 2 JUE AM;Do243;104;False;SCZ KEILA ESPINOZA KARDEX BELEN SEP 2026.xlsx
KEILA ESPINOZA;DRA NICOLA ADELE PONCE LINO;F;MEDICO;PED;INCOR/M-J(3-5PM)$INCOR/MI (3-5PM);SANTA CRUZ;74624110;;A;SEM 1 JUE AM;Do4288;39;True;SCZ KEILA ESPINOZA KARDEX BELEN SEP 2026.xlsx
KEILA ESPINOZA;NIRVANA ORELLANA;;MEDICO;MIN;SAN JUAN DE DIOS/PLANTA BAJA C/5;SANTA CRUZ;72174742;;C;SEM 3 VIE AM;;181;False;SCZ KEILA ESPINOZA KARDEX BELEN SEP 2026.xlsx
KEILA ESPINOZA;DR. NOE MEDRANO LUNA;M;MEDICO;NEF;CPS - INCOR/ M-J MAÑANA;SANTA CRUZ;76547534;;B;SEM 4 VIE AM;;241;False;SCZ KEILA ESPINOZA KARDEX BELEN SEP 2026.xlsx
KEILA ESPINOZA;ORIANA MELENDREZ FLORES;;MEDICO;NEUM;SAN JUAN DE DIOS/PLANTA ALTA C/6;SANTA CRUZ;67899170;;C;SEM 3 VIE AM;;182;False;SCZ KEILA ESPINOZA KARDEX BELEN SEP 2026.xlsx
KEILA ESPINOZA;PABLO ESPADA ORTUÑO;M;MEDICO;PED;CLINICA URBARI C/15 L-V(3-6);SANTA CRUZ;76623089;;B;SEM 1 LUN AM;Do4301;5;True;SCZ KEILA ESPINOZA KARDEX BELEN SEP 2026.xlsx
KEILA ESPINOZA;PAULA FLORES;F;MEDICO;PED;CAJA CORDES/AV TTE.JUAN HUNMERTO RIVERO;SANTA CRUZ;33346167;;C;SEM 2 MAR PM;Do1353;79;False;SCZ KEILA ESPINOZA KARDEX BELEN SEP 2026.xlsx
KEILA ESPINOZA;PEDRO CUELLAR;M;MEDICO;PED;FRANCES/L-V(7:30-1:30PM);SANTA CRUZ;73109553;;C;SEM 2 MIE AM;Do933;89;False;SCZ KEILA ESPINOZA KARDEX BELEN SEP 2026.xlsx
KEILA ESPINOZA;DRA. R. LILIANA HERRERA C.;F;MEDICO;MIN;FRANCES/MAÑANA-TARDE;SANTA CRUZ;79809315;;B;SEM 2 MIE PM;Do909;101;False;SCZ KEILA ESPINOZA KARDEX BELEN SEP 2026.xlsx
KEILA ESPINOZA;DR. RAFAEL MOLINA MERY;M;MEDICO;OFT;CLINICA DEL OJO MOLINA;SANTA CRUZ;;;B;SEM 4 LUN PM;;205;False;SCZ KEILA ESPINOZA KARDEX BELEN SEP 2026.xlsx
KEILA ESPINOZA;RAUL MITUMORI;M;MEDICO;GIN;CLINICA SAO PABLO/C/BUMBERQUE;SANTA CRUZ;78414641;;C;SEM 2 MAR AM;Do556;76;False;SCZ KEILA ESPINOZA KARDEX BELEN SEP 2026.xlsx
KEILA ESPINOZA;RAUL ROJAS ABAN;M;MEDICO;PED;BANCA PRIVADA/ESPERAR AFUERA;SANTA CRUZ;0;;C;SEM 3 MIE PM;Do1500;163;False;SCZ KEILA ESPINOZA KARDEX BELEN SEP 2026.xlsx
KEILA ESPINOZA;REMBERTO RIVEROS CADENA;;MEDICO;NEU;MONTERO/HOSPITAL DE MONTERO;SANTA CRUZ;70268200;;C;SEM 1 VIE AM;Do3028;49;True;SCZ KEILA ESPINOZA KARDEX BELEN SEP 2026.xlsx
KEILA ESPINOZA;RICHAR RAUL LLUSCO;;MEDICO;NEF;SAN JUAN DE DIOS/L-V(8-8PM)HEMODIALISIS;SANTA CRUZ;72677373;;A;SEM 1 MAR PM;Do1050;23;False;SCZ KEILA ESPINOZA KARDEX BELEN SEP 2026.xlsx
KEILA ESPINOZA;DR. RICHARD J. GUTIERREZ MAMANI;M;MEDICO;ONC;CAJA PETROLERA M(11-12:30)C/24;SANTA CRUZ;63461762;;A;SEM 1 MAR AM;Do4535;14;True;SCZ KEILA ESPINOZA KARDEX BELEN SEP 2026.xlsx
KEILA ESPINOZA;DR. ROBERTO C. VARGAS TOLEDO;M;MEDICO;NEUM;INCOR/MA-JU (10-12AM);SANTA CRUZ;68794949;;A;SEM 3 JUE AM;Do1844;170;False;SCZ KEILA ESPINOZA KARDEX BELEN SEP 2026.xlsx
KEILA ESPINOZA;DR. ROBERTO SALVADOR VARGAS MENDEZ;M;MEDICO;PED;CLINICA SAN SALVADOR /MAÑANA;;61588505;;C;SEM 3 MAR AM;;;;SCZ KEILA ESPINOZA KARDEX BELEN SEP 2026.xlsx
KEILA ESPINOZA;ROBERTO VARGAS TOLEDO;M;MEDICO;NEM;INCOR/M-J(10-12AM);SANTA CRUZ;68794949;;A;SEM 1 JUE AM;Do4608;34;True;SCZ KEILA ESPINOZA KARDEX BELEN SEP 2026.xlsx
KEILA ESPINOZA;RODRIGO BEJARANO CAMPOS;M;MEDICO;PED;ELVIRA WUNDERLICH/MAÑANA (7-1PM);SANTA CRUZ;79897310;;C;SEM 3 MAR PM;Do2206;147;False;SCZ KEILA ESPINOZA KARDEX BELEN SEP 2026.xlsx
KEILA ESPINOZA;RODRIGO ZABALA;M;MEDICO;MIN;CAJA CORDES/AV TTE.JUAN HUNMERTO RIVERO;SANTA CRUZ;33346167;;C;SEM 2 MAR PM;Do3446;80;True;SCZ KEILA ESPINOZA KARDEX BELEN SEP 2026.xlsx
KEILA ESPINOZA;DR. ROMER VILLCA JAVIER;M;MEDICO;CAR;CARDIOLIFE/V(3:30-6PM);SANTA CRUZ;74691067;;A;SEM 2 LUN PM;Do1271;71;False;SCZ KEILA ESPINOZA KARDEX BELEN SEP 2026.xlsx
KEILA ESPINOZA;DR. RONNY LOPEZ TOLABA;M;MEDICO;END;HOSPITAL BAJIO/MAÑANA;SANTA CRUZ;;;B;SEM 4 MIE PM;;231;False;SCZ KEILA ESPINOZA KARDEX BELEN SEP 2026.xlsx
KEILA ESPINOZA;DR. RONNY ZELADA RIVERO;M;MEDICO;GAS;OBRERO/ALEJANDRA;SANTA CRUZ;0;;A;SEM 2 LUN AM;Do1091;62;False;SCZ KEILA ESPINOZA KARDEX BELEN SEP 2026.xlsx
KEILA ESPINOZA;ROSMERY BARRIENTOS;;MEDICO;MGE;HERMANAS PADILLA/ SOLO AL LLAMADO;SANTA CRUZ;0;;C;SEM 3 MAR AM;Do1384;144;False;SCZ KEILA ESPINOZA KARDEX BELEN SEP 2026.xlsx
KEILA ESPINOZA;DRA. ROXANA E. COPA FERNANDEZ;F;MEDICO;PED;PLAN 3000/CLINICA VIRGEN MILAGROSA;SANTA CRUZ;71360350;;B;SEM 4 JUE PM;;239;False;SCZ KEILA ESPINOZA KARDEX BELEN SEP 2026.xlsx
KEILA ESPINOZA;DR. RUBEN CARITA L.;M;MEDICO;NEU;SAN ISIDRO/L-V TARDES;SANTA CRUZ;63410608;;B;SEM 4 JUE PM;;238;False;SCZ KEILA ESPINOZA KARDEX BELEN SEP 2026.xlsx
KEILA ESPINOZA;SANDRA ENCINAS;F;MEDICO;NEU;COSSMIL/MA(12-16PM);SANTA CRUZ;75612085;;C;SEM 3 MIE PM;Do1206;158;False;SCZ KEILA ESPINOZA KARDEX BELEN SEP 2026.xlsx
KEILA ESPINOZA;DRA. SANDRA SERRUDO HIGUERA;F;MEDICO;UTI;CLINICA RAMIREZ/SOLO EMERGENCIA$MARTIN DOCKWAILER /L(EMERGENCIA TODO EL DIA);SANTA CRUZ;78112599;;B;SEM 2 VIE AM;Do2556;114;False;SCZ KEILA ESPINOZA KARDEX BELEN SEP 2026.xlsx
KEILA ESPINOZA;SANDRA SUAREZ D.;F;MEDICO;PED;H.PAMPA DE LA ISLA/L(8-8PM)FOIANINI/M-MI(2PM);SANTA CRUZ;71011601;;B;SEM 1 JUE AM;Do3590;31;True;SCZ KEILA ESPINOZA KARDEX BELEN SEP 2026.xlsx
KEILA ESPINOZA;SANTIAGO RAMIREZ;M;MEDICO;CIR;CLINICA RAMIREZ/L-V( MAÑANA-TARDE);SANTA CRUZ;71317704;;C;SEM 4 MAR AM;;209;False;SCZ KEILA ESPINOZA KARDEX BELEN SEP 2026.xlsx
KEILA ESPINOZA;SAUL MENDOZA CRUZ;M;MEDICO;EME;CLI. GRUMEDSO/C/10 MAÑANA;SANTA CRUZ;77363645;;C;SEM 4 MIE AM;;219;False;SCZ KEILA ESPINOZA KARDEX BELEN SEP 2026.xlsx
KEILA ESPINOZA;SEBASTIAN RISSO;M;MEDICO;MIN;MONTERO/HOSPITAL DE MONTERO;SANTA CRUZ;72418891;;C;SEM 1 VIE AM;Do1774;50;False;SCZ KEILA ESPINOZA KARDEX BELEN SEP 2026.xlsx
KEILA ESPINOZA;DR. SERGIO A. NOGALES VALENCIA;M;MEDICO;URO;NINO JESUS/PISO 1;SANTA CRUZ;;;B;SEM 4 LUN PM;;201;False;SCZ KEILA ESPINOZA KARDEX BELEN SEP 2026.xlsx
KEILA ESPINOZA;SERGIO DELGADILLO;M;MEDICO;NEM;CAJA PETROLERA L-V (9-11AM);SANTA CRUZ;78698654;;C;SEM 1 MAR AM;Do1586;11;True;SCZ KEILA ESPINOZA KARDEX BELEN SEP 2026.xlsx
KEILA ESPINOZA;DRA SILVIA MARIELA ARANCIBIA LOPEZ;F;MEDICO;MIN;CEMEDINT/MA-MAÑANA/TARDE;SANTA CRUZ;70334068;;B;SEM 4 VIE AM;;244;False;SCZ KEILA ESPINOZA KARDEX BELEN SEP 2026.xlsx
KEILA ESPINOZA;DRA. TANIA LINO;F;MEDICO;MIN;COSSMIL/TARDE;SANTA CRUZ;0;;B;SEM 3 MIE PM;Do2030;160;True;SCZ KEILA ESPINOZA KARDEX BELEN SEP 2026.xlsx
KEILA ESPINOZA;DRA. TATIANA G. QUISPE FRANCO;F;MEDICO;GOB;CENTRO FATIMA/AV FATIMA$VILLAFATIMA/MAÑANA-(8-1:30PM);SANTA CRUZ;74091219;;A;SEM 2 LUN PM;Do3173;69;True;SCZ KEILA ESPINOZA KARDEX BELEN SEP 2026.xlsx
KEILA ESPINOZA;TITO ANDRES ANGELO;M;MEDICO;HEM;CAJA PETROLERA/C.MEDICO SANTA CRUZ (5-6PM);SANTA CRUZ;77062762;;A;SEM 1 MAR AM;Do2301;12;True;SCZ KEILA ESPINOZA KARDEX BELEN SEP 2026.xlsx
KEILA ESPINOZA;DR. TOLA FABIO;M;MEDICO;GIN;SAN MARTIN DE PORRES/J-V(7AM-7PM);SANTA CRUZ;0;;C;SEM 2 JUE AM;Do572;103;False;SCZ KEILA ESPINOZA KARDEX BELEN SEP 2026.xlsx
KEILA ESPINOZA;VERONICA CALATAYUD CADARIO;F;MEDICO;GIN;CLINICA URBARI C/20 L-M(9-12)JYV(5-7);SANTA CRUZ;76050064;;A;SEM 1 LUN AM;Do2494;3;False;SCZ KEILA ESPINOZA KARDEX BELEN SEP 2026.xlsx
KEILA ESPINOZA;DRA. VERONICA D. CALATAYUD CADARIO;F;MEDICO;GIN;CLI. URBARI/PLANTA ALTA C/20 L-MA-J(9.12AM)J-V(5-7PM);SANTA CRUZ;76050064;;A;SEM 4 MAR PM;;213;False;SCZ KEILA ESPINOZA KARDEX BELEN SEP 2026.xlsx
KEILA ESPINOZA;VERONICA MOLINA SAUCEDO;F;MEDICO;GIN;MATERNO INFATIL MOLINA/C/CURUYUQUIN°5BARRIO RAMAFA(3-6PM);SANTA CRUZ;70814096;;C;SEM 2 MAR AM;Do1265;73;False;SCZ KEILA ESPINOZA KARDEX BELEN SEP 2026.xlsx
KEILA ESPINOZA;DR. VICTOR H. BARRIENTOS D.;M;MEDICO;CAR;AV. IRALA N 354 (5-6:30PM);SANTA CRUZ;77392225;;B;SEM 4 LUN PM;;204;False;SCZ KEILA ESPINOZA KARDEX BELEN SEP 2026.xlsx
KEILA ESPINOZA;DR. VIDAL;M;MEDICO;CARD;SAN MARTIN DE PORRES/TARDES;SANTA CRUZ;0;;C;SEM 2 JUE AM;Do846*;107;False;SCZ KEILA ESPINOZA KARDEX BELEN SEP 2026.xlsx
KEILA ESPINOZA;DRA VIVIAN BANEGAS PEREZ;F;MEDICO;GIN;ALTO SAN PEDRO/MAÑANA (9-12AM);SANTA CRUZ;76662231;;A;SEM 3 VIE PM;;186;False;SCZ KEILA ESPINOZA KARDEX BELEN SEP 2026.xlsx
KEILA ESPINOZA;WENDY  ROJAS GARECA;F;MEDICO;ANE;ALIVIAR/ TARDE;SANTA CRUZ;76640007;;C;SEM 3 JUE PM;;175;False;SCZ KEILA ESPINOZA KARDEX BELEN SEP 2026.xlsx
KEILA ESPINOZA;DR. WILFREDO VIDAL SOTO;M;MEDICO;CARD;CLINICA GESTAR/PISO 1 (8-11AM);SANTA CRUZ;73152810;;C;SEM 3 MAR AM;Do4831;142;True;SCZ KEILA ESPINOZA KARDEX BELEN SEP 2026.xlsx
KEILA ESPINOZA;WILSON CHOQUE;M;MEDICO;END;CAJA CORDES/AV TTE.JUAN HUNMERTO RIVERO;SANTA CRUZ;33346167;;C;SEM 2 MAR PM;Do1693*;82;True;SCZ KEILA ESPINOZA KARDEX BELEN SEP 2026.xlsx
KEILA ESPINOZA;DRA YALILE L. JUSTINIANO R.;F;MEDICO;MGE;ELVIRA WUNDERLICH/TARDE (1:30-6PM);SANTA CRUZ;78439044;;C;SEM 3 MAR PM;Do1304;151;False;SCZ KEILA ESPINOZA KARDEX BELEN SEP 2026.xlsx
KEILA ESPINOZA;YAMILE ALVAREZ OLIVA;;MEDICO;PED;HOSPITAL BAJIO/JU(7AM-7PM);SANTA CRUZ;78108033;;C;SEM 4 MIE PM;;230;False;SCZ KEILA ESPINOZA KARDEX BELEN SEP 2026.xlsx
KEILA ESPINOZA;YARAG SALVATIERRA;;MEDICO;PED;FRANCES/MAÑANA-TARDE;SANTA CRUZ;69403594;;A;SEM 2 MIE AM;Do774;92;False;SCZ KEILA ESPINOZA KARDEX BELEN SEP 2026.xlsx
KEILA ESPINOZA;DR. YERCO MORALES CRUZ;M;MEDICO;CAR;INCOR/M-J(MAÑANA)$INCOR/JU MAÑANA;SANTA CRUZ;78069633;;B;SEM 1 JUE AM;Do384;38;True;SCZ KEILA ESPINOZA KARDEX BELEN SEP 2026.xlsx
KEILA ESPINOZA;YESICA COAJERA;;MEDICO;PED;INCOR/EMERGENCIA PEDIATRICA;SANTA CRUZ;78040677;;C;SEM 3 JUE PM;;178;False;SCZ KEILA ESPINOZA KARDEX BELEN SEP 2026.xlsx
KEILA ESPINOZA;YOHANY ANTELO MOLLINADO;;MEDICO;PED;FRANCES/MAÑANA -TARDE;SANTA CRUZ;75630579;;C;SEM 2 MIE PM;Do4441;94;False;SCZ KEILA ESPINOZA KARDEX BELEN SEP 2026.xlsx
MARAHI HERRERA;Adriana Caballero Ortuño;F;MEDICO;OFT;Vision 21/Calacoto C 20;La Paz;0;;C;SEM 2  MIE AM;;122;;LPZ MARAHI HERRERA KARDEX SEP 2026.xlsx
MARAHI HERRERA;Adriana R. Fernandez Tejerina;F;MEDICO;NEM;CPS / C. 8 de Obrajes;La Paz;;;C;SEM 3   JUE AM;Do2346;218;False;LPZ MARAHI HERRERA KARDEX SEP 2026.xlsx
MARAHI HERRERA;Alan Belzu;M;MEDICO;NEF PED;Cordes Av. Arce o edidf Priscila II;La Paz;;;B;SEM 4    LUN PM;Do1985*;253;False;LPZ MARAHI HERRERA KARDEX SEP 2026.xlsx
MARAHI HERRERA;Alan J. Argandoña Lopez;M;MEDICO;CAR;HMLP / Los Pinos C 25 -Aeturo Fortun Sanjinez;La Paz;72574681;;C;SEM 4    JUE AM;;280;False;LPZ MARAHI HERRERA KARDEX SEP 2026.xlsx
MARAHI HERRERA;Alba Delgado Torrez;F;MEDICO;LAB;ULTRLAB/ C 9 de Obrajes;La Paz;;;C;SEM 3   JUE AM;;215;False;LPZ MARAHI HERRERA KARDEX SEP 2026.xlsx
MARAHI HERRERA;Alberto Morales G;M;MEDICO;TRM  DEP;Torres mall /Av. 6 de Agosto Nº 2577 (A partir de las 16:00);La Paz;0;;C;SEM 2  VIE PM;;157;False;LPZ MARAHI HERRERA KARDEX SEP 2026.xlsx
MARAHI HERRERA;Alejandra;F;MEDICO;BIO;Clinica Alemana /Av.6 de Agosto 2821;La Paz;0;;C;SEM 1 JUE AM;Do3104;59;True;LPZ MARAHI HERRERA KARDEX SEP 2026.xlsx
MARAHI HERRERA;Alejandro Gabriel Beltran Uarquieta;M;MEDICO;MGE;Av. Montenegro, mezanine of 5;La Paz;76715551;;A;SEM 2  LUN AM;Do3852;93;True;LPZ MARAHI HERRERA KARDEX SEP 2026.xlsx
MARAHI HERRERA;Alejandro Murillo;M;MEDICO;NEU;SSU/av 6 de agiosto, seguro social universitario;La Paz;76200935;;B;SEM 3 JUE AM;;;False;LPZ MARAHI HERRERA KARDEX SEP 2026.xlsx
MARAHI HERRERA;Alfredo Pozzo;M;MEDICO;TRM;UNIMED o Clinica del Sur/Av. Arce 2630 (de 15:30 a 17:30);La Paz;70517110;;B;SEM 2 MIE PM;;;;LPZ MARAHI HERRERA KARDEX SEP 2026.xlsx
MARAHI HERRERA;Alvin Gomez Argandoña;;MEDICO;MGE;H. Metodista / Calle 12 de Obrajes Av. de Septiembre;La Paz;69780813;;C;SEM 1 MIE PM;;50;False;LPZ MARAHI HERRERA KARDEX SEP 2026.xlsx
MARAHI HERRERA;Amaya Aviles Moncada;;MEDICO;MGE;H. Metodista / Calle 12 de Obrajes Av. de Septiembre;La Paz;;;C;SEM 4    VIE AM;;294;False;LPZ MARAHI HERRERA KARDEX SEP 2026.xlsx
MARAHI HERRERA;Américo Guzman Casas;;MEDICO;URO;CIES / Calacoto Calle 9;La Paz;0;;C;SEM 1 LUN AM;Do3442;8;True;LPZ MARAHI HERRERA KARDEX SEP 2026.xlsx
MARAHI HERRERA;Amparo rejas sandy;;MEDICO;GAS;21 de calacoto Edif. Villa esperanza mezanine of 5;La Paz;60501185;;B;SEM 3   VIE AM;Do1895*;232;True;LPZ MARAHI HERRERA KARDEX SEP 2026.xlsx
MARAHI HERRERA;Ana C. Sotillo Antezana;F;MEDICO;MGE;CORDES / Calacoto, Claudio Aliaga 1271 Bloque F;La Paz;;;C;SEM 4    LUN PM;Do1668;246;True;LPZ MARAHI HERRERA KARDEX SEP 2026.xlsx
MARAHI HERRERA;Ana Luz Moscoso M.;F;MEDICO;NEO;Clinica Los Andes / Los Pinos Ave Jose Aguirre;La Paz;;;C;SEM 3   LUN PM;Do1265;175;False;LPZ MARAHI HERRERA KARDEX SEP 2026.xlsx
MARAHI HERRERA;Andrea Oropeza Torrico;F;MEDICO;MGE;CORDES / Av. Arce 2895, a una cuadra de Plaza Isabel La Católica;La Paz;;;C;SEM 4    MIE AM;Do243;270;False;LPZ MARAHI HERRERA KARDEX SEP 2026.xlsx
MARAHI HERRERA;Andrei Miranda M.;;MEDICO;NEM;UNIMED/Av. Arce 2630;La Paz;;;C;SEM 4    VIE PM;;299;;LPZ MARAHI HERRERA KARDEX SEP 2026.xlsx
MARAHI HERRERA;Andres Bellido Mendez;M;MEDICO;PED;Edif. iturri piso 1 solo miercoles en la mañana;La Paz;0;;B;SEM 1 MIE AM;Do2814*;60;False;LPZ MARAHI HERRERA KARDEX SEP 2026.xlsx
MARAHI HERRERA;Angel Moncada Mendieta;M;MEDICO;EME;HMLP / Los Pinos calle 25;La Paz;70377555;;C;SEM 1 JUE PM;;66;False;LPZ MARAHI HERRERA KARDEX SEP 2026.xlsx
MARAHI HERRERA;Antonio Muller Cazas;M;MEDICO;MGE;Med Assis / Hermanos Manchego # 2526;La Paz;0;;B;SEM 1 MIE AM;;44;False;LPZ MARAHI HERRERA KARDEX SEP 2026.xlsx
MARAHI HERRERA;Astrid Riveros Morén;;MEDICO;ONC PED;Caja Petrolera/obrajes;La Paz;;;B;SEM 3   VIE PM;Do4535;235;True;LPZ MARAHI HERRERA KARDEX SEP 2026.xlsx
MARAHI HERRERA;Benda I. Santander;;MEDICO;DER;CORDES/ Av. Arce (solo en las mañanas de 8:00 a 10:00) en su consultorio CES  en obrajes de 13:00-15:00 lun a mie;La paz;70634240;;B;SEM 3 LUN AM;Do1726;;True;LPZ MARAHI HERRERA KARDEX SEP 2026.xlsx
MARAHI HERRERA;C. Grace Ocampo Barba;;MEDICO;PED;Edif. Illimabni piso 2;La Paz;;;C;SEM 4    LUN AM;Do1500;241;False;LPZ MARAHI HERRERA KARDEX SEP 2026.xlsx
MARAHI HERRERA;Camila De la Vega Linares;;MEDICO;MGE;Clinica del Sur / C 7 de Obrajes;La Paz;;;C;SEM 3   JUE AM;Do2436;213;False;LPZ MARAHI HERRERA KARDEX SEP 2026.xlsx
MARAHI HERRERA;Carla G. Vasquez Rosso;F;MEDICO;MGE;H. Metodista / Calle 12 de Obrajes Av. de Septiembre;La Paz;;;C;SEM 4    JUE AM;;285;False;LPZ MARAHI HERRERA KARDEX SEP 2026.xlsx
MARAHI HERRERA;Carlos E. Astorga;M;MEDICO;MED HIP;CEHIMA / Av. Arce 2895;La Paz;0;;A;SEM 1 JUE AM;Do3899;56;True;LPZ MARAHI HERRERA KARDEX SEP 2026.xlsx
MARAHI HERRERA;Carlos Urioste Viera;M;MEDICO;TRA;CPS / Av. Arce Nº 2525;La Paz;0;;B;SEM 2  VIE PM;Do4887;154;True;LPZ MARAHI HERRERA KARDEX SEP 2026.xlsx
MARAHI HERRERA;Carolina Aguirre Sanchez;;MEDICO;MGE;Clinica Alemana / Av. 6 de Agosto #2821, Z. San Jorge;La Paz;0;;C;SEM 1 MAR PM;Do4225;31;False;LPZ MARAHI HERRERA KARDEX SEP 2026.xlsx
MARAHI HERRERA;Carolina Antezana P.;;MEDICO;DER;Dermacenter / Av. Arce 135 Edificio El Escorial Piso 2;La Paz;72200694;;C;SEM 1 MAR PM;Do2589;39;False;LPZ MARAHI HERRERA KARDEX SEP 2026.xlsx
MARAHI HERRERA;Cecilia Vasquez;F;MEDICO;GAS;Clinica Los Andes;La Paz;;;C;SEM 4    JUE PM;Do1038;290;False;LPZ MARAHI HERRERA KARDEX SEP 2026.xlsx
MARAHI HERRERA;Clara B. Burgoa Vasquez;;MEDICO;GOB;HMLP / Los Pinos calle 25;La Paz;0;;C;SEM 2  JUE AM;;137;False;LPZ MARAHI HERRERA KARDEX SEP 2026.xlsx
MARAHI HERRERA;Claudia Zuñagua;;MEDICO;GAS;CORDES / Av. Arce 2895, a una cuadra de Plaza Isabel La Católica;La Paz;0;;B;SEM 1 JUE AM;Do846;57;True;LPZ MARAHI HERRERA KARDEX SEP 2026.xlsx
MARAHI HERRERA;Daniel Aranibar De la Barra;M;MEDICO;OFT;Vision 21 / Calacoto C. 20;La Paz;0;;C;SEM 1 MAR AM;;26;;LPZ MARAHI HERRERA KARDEX SEP 2026.xlsx
MARAHI HERRERA;Daniel F. Santander Segovia;M;MEDICO;ONC;Medicina Nuclear y Radioterapia / C. Enrique Hertzog Z/ Achumani;La Paz;;;C;SEM 4    LUN AM;;240;False;LPZ MARAHI HERRERA KARDEX SEP 2026.xlsx
MARAHI HERRERA;Daniel Velásquez Gallardo;M;MEDICO;MGE;CIMAO / Obrajes C. 9;La Paz;0;;C;SEM 1 MIE PM;;49;;LPZ MARAHI HERRERA KARDEX SEP 2026.xlsx
MARAHI HERRERA;Daniela Bravo Gil;F;MEDICO;GOB MST;CPS / Av. Arce al lado de torres mall, 3 piso;La Paz;63043253;;B;SEM 1 MAR PM;Do1542*;19;False;LPZ MARAHI HERRERA KARDEX SEP 2026.xlsx
MARAHI HERRERA;Dante Vera Coronel;;MEDICO;MIN;HMLP / Los Pinos calle 25;La Paz;0;;C;SEM 2  JUE AM;;138;;LPZ MARAHI HERRERA KARDEX SEP 2026.xlsx
MARAHI HERRERA;David Chino Mendoza;M;MEDICO;CIR LAP;CORDES / Av. Arce 2895, a una cuadra de Plaza Isabel La Católica;La Paz;0;;B;SEM 2  VIE AM;Do4699;149;False;LPZ MARAHI HERRERA KARDEX SEP 2026.xlsx
MARAHI HERRERA;Daynor Chuquimia;;MEDICO;END;UNIMED/Av. Arce frente al multicine;La paz;77481312;;A;SEM 2 LUN PM;;;;LPZ MARAHI HERRERA KARDEX SEP 2026.xlsx
MARAHI HERRERA;Delka Abigail Sanchez Prieto;;MEDICO;PSI;San Juan de Dios / C. Chicani # 50 Z/ Irpavi II;La Paz;0;;C;SEM 1 VIE AM;;73;False;LPZ MARAHI HERRERA KARDEX SEP 2026.xlsx
MARAHI HERRERA;Denise Valdivia Montero;;MEDICO;DER;Edificio Plaza 15, Calle 15 8054;La Paz;67011220;;C;SEM 2 JUE PM;;;False;LPZ MARAHI HERRERA KARDEX SEP 2026.xlsx
MARAHI HERRERA;Denisse Aliaga Tellez;;MEDICO;OFT;21 de Calacoto, Torre Lidya, Piso 3, Consultorio 308, San Miguel.;La Paz;61128179;;C;SEM 2  LUN PM;Do2494;96;False;LPZ MARAHI HERRERA KARDEX SEP 2026.xlsx
MARAHI HERRERA;Denisse Requena Aramayo;;MEDICO;MIN;UNIMED/Av. Arce frente al multicine;La Paz;77269892;;B;SEM 3 MIE PM;;;;LPZ MARAHI HERRERA KARDEX SEP 2026.xlsx
MARAHI HERRERA;Derek Barragán Bauer;;MEDICO;END DIA;Diagnosur / Calacoto C. 15;La Paz;0;;C;SEM 1 MAR AM;Do1345;23;False;LPZ MARAHI HERRERA KARDEX SEP 2026.xlsx
MARAHI HERRERA;Diego A. Salinas Mattos;M;MEDICO;MGE;Clinica Rengel / Calacoto C. 13;La Paz;77480001;;C;SEM 1 MAR AM;Do4214*;21;True;LPZ MARAHI HERRERA KARDEX SEP 2026.xlsx
MARAHI HERRERA;Diego Murillo Sasamoto;M;MEDICO;CIR OFT;IPO / Calacoto C/9 Vitruvio;La Paz;;;C;SEM 3   MAR AM;Do1790;185;False;LPZ MARAHI HERRERA KARDEX SEP 2026.xlsx
MARAHI HERRERA;Diego Salas Montero;M;MEDICO;URO;Urocenter/ edif. Altamira Av. Aniceto Arce pasaje cordero PISO 1 (Solo desde las 17: 00);La Paz;;;B;SEM 3   JUE PM;;223;;LPZ MARAHI HERRERA KARDEX SEP 2026.xlsx
MARAHI HERRERA;Douglas Bravo;;MEDICO;CIR BAR;edif. Iturri piso 2 a partir de lasa 3 de la tarde;La Paz;79682929;;A;SEM 3   JUE PM;Do1344;221;False;LPZ MARAHI HERRERA KARDEX SEP 2026.xlsx
MARAHI HERRERA;Edil L. Escobar Mendoza;;MEDICO;NEU PED;CES C/ 6 de obrajes;La Paz;0;;C;SEM 2  JUE PM;Do2646;146;True;LPZ MARAHI HERRERA KARDEX SEP 2026.xlsx
MARAHI HERRERA;Eduardo Negrón Revollo;M;MEDICO;GOB;Medicentro Piso 2 Av. 6 de agosto;La Paz;;;C;SEM 4    MIE PM;;279;False;LPZ MARAHI HERRERA KARDEX SEP 2026.xlsx
MARAHI HERRERA;Eduardo Vargas Nava;M;MEDICO;MGE;Clínica Virgen de la Asunción - emergencia;La Paz;;;C;SEM 3   MIE AM;Do838;200;False;LPZ MARAHI HERRERA KARDEX SEP 2026.xlsx
MARAHI HERRERA;Edwin Antezana Fernández;;MEDICO;GOB;EMBRIOVID Clinica Los Andes Los Pinos;La Paz;0;;C;SEM 3   LUN AM;;168;False;LPZ MARAHI HERRERA KARDEX SEP 2026.xlsx
MARAHI HERRERA;Eillen Quinteros Valle;;MEDICO;PED;CPS / Av. Arce Nº 2525;La Paz;0;;B;SEM 2  VIE PM;Do3924;156;False;LPZ MARAHI HERRERA KARDEX SEP 2026.xlsx
MARAHI HERRERA;Elizabeth Sanjinez Polo;F;MEDICO;DER;Dermedica / Multicine Oficina 803 Piso 8;La Paz;;;C;SEM 3   MIE PM;;206;False;LPZ MARAHI HERRERA KARDEX SEP 2026.xlsx
MARAHI HERRERA;Elizabeth Silvia Huarachi Arias;F;MEDICO;GOB;Prosalud / Achumani C/ 10 M. Goya #15 (frente a la Plazuela Mundial);La Paz;;;B;SEM 2 LUN PM;;;False;LPZ MARAHI HERRERA KARDEX SEP 2026.xlsx
MARAHI HERRERA;Enrique Oropeza Oropeza;M;MEDICO;CAR;Mas Salud / Edif. HILDA, Av.6 de Agosto;La Paz;0;;C;SEM 2  MIE PM;;132;False;LPZ MARAHI HERRERA KARDEX SEP 2026.xlsx
MARAHI HERRERA;Erick Arzabe;M;MEDICO;CIR IMP;CIMAX/21 de Calacoto;La Paz;0;;C;SEM 1 LUN AM;Do1091;2;False;LPZ MARAHI HERRERA KARDEX SEP 2026.xlsx
MARAHI HERRERA;Erik Zegarra Rodriguez;M;MEDICO;MGE;Clínica Virgen de la Asunción - emergencia;La Paz;;;C;SEM 3   MIE AM;Do1327;202;False;LPZ MARAHI HERRERA KARDEX SEP 2026.xlsx
MARAHI HERRERA;Esmeralda Arias Flores;;MEDICO;MGE;Clinica Sagrada Familia / Achumani C/ 10;La Paz;;;C;SEM 4    LUN AM;Do4442;243;True;LPZ MARAHI HERRERA KARDEX SEP 2026.xlsx
MARAHI HERRERA;Evelyn J. Torres Pérez;;MEDICO;OFT;Vision 21 / Calacoto C. 21;La Paz;0;;C;SEM 1 LUN AM;;5;;LPZ MARAHI HERRERA KARDEX SEP 2026.xlsx
MARAHI HERRERA;Fatima Acho Velasquez;F;MEDICO;EME;HMLP / Los Pinos calle 25;La Paz;;;C;SEM 3   MAR PM;;189;False;LPZ MARAHI HERRERA KARDEX SEP 2026.xlsx
MARAHI HERRERA;Fernando A. Farfan Chavez;M;MEDICO;URO;SSU / Av 6 de agiosto, seguro social universitario;La Paz;76261519;;B;SEM 3 JUE AM;;;False;LPZ MARAHI HERRERA KARDEX SEP 2026.xlsx
MARAHI HERRERA;Fernando Bacarreza Bruno;M;MEDICO;TRA;CES C/ 6 de obrajes;La Paz;0;;C;SEM 2  JUE PM;Do214;147;False;LPZ MARAHI HERRERA KARDEX SEP 2026.xlsx
MARAHI HERRERA;Fernando H. Murillo L.;M;MEDICO;CIR OFT;IPO / Calacoto C/9 Vitruvio;La Paz;;;C;SEM 3   MAR AM;Do3590;183;True;LPZ MARAHI HERRERA KARDEX SEP 2026.xlsx
MARAHI HERRERA;Fernando Maceda Alvarez;M;MEDICO;CIR;CPS Obrajes C. 8 y costanerita;La Paz;;;C;SEM 4    JUE AM;Do320;286;False;LPZ MARAHI HERRERA KARDEX SEP 2026.xlsx
MARAHI HERRERA;Freddy Cgurata S.;;MEDICO;TRA;CORDES / Av. Arce 2895, a una cuadra de Plaza Isabel La Católica;La Paz;0;;C;SEM 2  MIE PM;Do3779;128;True;LPZ MARAHI HERRERA KARDEX SEP 2026.xlsx
MARAHI HERRERA;G. Alejandro Jordán Vasquez;M;MEDICO;GOB;Diagnosur / Calacoto C. 15;La Paz;0;;C;SEM 2  JUE AM;Do305;140;False;LPZ MARAHI HERRERA KARDEX SEP 2026.xlsx
MARAHI HERRERA;Gabriel Bothelo Barron;M;MEDICO;EST;Essential Medical Esthetic / S. Miguel C. Enrique Peñaranda Esp Claudio Aliaga #1250;La Paz;;;C;SEM 4    LUN PM;;250;False;LPZ MARAHI HERRERA KARDEX SEP 2026.xlsx
MARAHI HERRERA;Gabriel Pierola T.;M;MEDICO;CIR CAR;Caja Petrolera/obrajes;La Paz;;;B;SEM 3   VIE PM;Do835;233;False;LPZ MARAHI HERRERA KARDEX SEP 2026.xlsx
MARAHI HERRERA;Gabriel R. Ayala H.;M;MEDICO;DIR;Clinica rengel / Calacoto C. 13;La Paz;;;C;SEM 3   MAR PM;Do59;194;False;LPZ MARAHI HERRERA KARDEX SEP 2026.xlsx
MARAHI HERRERA;Gabriela Salazar Duran.;F;MEDICO;DER;Torre BigSur Calacoto;La Paz;;;C;SEM 3   VIE AM;;231;False;LPZ MARAHI HERRERA KARDEX SEP 2026.xlsx
MARAHI HERRERA;Gonzalo Bailey A.;M;MEDICO;MGE;Novaclinic / Las Retamas Nro.7, calle 25 B de Calacoto;La Paz;;;C;SEM 3   MAR AM;;186;False;LPZ MARAHI HERRERA KARDEX SEP 2026.xlsx
MARAHI HERRERA;Gonzalo Perez Alvarado;M;MEDICO;DER;CPS / Av. Arce 2525;La Paz;0;;C;SEM 2  MAR AM;Do3;104;True;LPZ MARAHI HERRERA KARDEX SEP 2026.xlsx
MARAHI HERRERA;Gonzalo Torrico Rodriguez;M;MEDICO;MED DOL;Ed. Priscila I;La Paz;0;;B;SEM 1 VIE PM;Do1206*;80;True;LPZ MARAHI HERRERA KARDEX SEP 2026.xlsx
MARAHI HERRERA;GROVER OCHOA MAMANI;;MEDICO;GAS;Prosalud / Achumani C/ 10 M. Goya #15 (frente a la Plazuela Mundial, SOLO MARTES DE 15:00 A 17:00);La Paz;;;B;SEM 2 MAR PM;;;False;LPZ MARAHI HERRERA KARDEX SEP 2026.xlsx
MARAHI HERRERA;Guillermo Cuentas Yañez;;MEDICO;TRA;Medicentro / Av. 6 de agosto # 2440 y Pedro Salazar;La Paz;;;C;SEM 3   LUN AM;;172;False;LPZ MARAHI HERRERA KARDEX SEP 2026.xlsx
MARAHI HERRERA;Guillermo manfred vargas paredes;;MEDICO;GOB;Prosalud / Achumani C/ 10 (martes y jueves de 10:30 - 12:30);La Paz;71534083;;B;SEM 1 LUN PM;;12;False;LPZ MARAHI HERRERA KARDEX SEP 2026.xlsx
MARAHI HERRERA;Hernán Alvarez Cordova;M;MEDICO;END;CPS / Obrajes C. 8;La Paz;;;C;SEM 4    VIE AM;;297;False;LPZ MARAHI HERRERA KARDEX SEP 2026.xlsx
MARAHI HERRERA;Hernan Narvaez Fernandez;M;MEDICO;MGE;H. Metodista / Calle 12 de Obrajes Av. de Septiembre;La Paz;60164525;;C;SEM 1 MIE PM;Do2993;;True;LPZ MARAHI HERRERA KARDEX SEP 2026.xlsx
MARAHI HERRERA;Hernesto Prado;;MEDICO;MGE;MULTISALUD/Av. 6 de Agosto Ed Cosmopolita;La Paz;72054757;;B;SEM 1 MAR PM;;33;False;LPZ MARAHI HERRERA KARDEX SEP 2026.xlsx
MARAHI HERRERA;Hugo A. Cuenca Magne;M;MEDICO;EME;HMLP / Los Pinos calle 25;La Paz;;;C;SEM 3   MAR PM;;190;False;LPZ MARAHI HERRERA KARDEX SEP 2026.xlsx
MARAHI HERRERA;Indira Veronica Siles Villasante;;MEDICO;GOB;Prosalud / Achumani C/ 10 M. Goya #15 (frente a la Plazuela Mundial, solo lunes de 09:00-10:00);La Paz;;;B;SEM 3   LUN AM;;228;False;LPZ MARAHI HERRERA KARDEX SEP 2026.xlsx
MARAHI HERRERA;Ingrid Fernadez;;MEDICO;PED;CPS / Av. Arce 2525;La Paz;0;;C;SEM 2  MAR AM;Do2100;102;False;LPZ MARAHI HERRERA KARDEX SEP 2026.xlsx
MARAHI HERRERA;Isabel Arauco Villarroel;F;MEDICO;MGE;CLINIMED /Av. 6 de agosto # 2440 y Pedro Salazar;La Paz;0;;C;SEM 1 JUE AM;;58;;LPZ MARAHI HERRERA KARDEX SEP 2026.xlsx
MARAHI HERRERA;Isabel Mercado Guzmán;F;MEDICO;MGE;CORDES / Av. Arce 2895, a una cuadra de Plaza Isabel La Católica;La Paz;;;C;SEM 4    MIE AM;Do1548;271;True;LPZ MARAHI HERRERA KARDEX SEP 2026.xlsx
MARAHI HERRERA;Isaias Azcui Lopez Videla;;MEDICO;MGE;H. Metodista /Calle 12 de Obrajes Av. de Septiembre;La Paz;;;C;SEM 3   MAR PM;Do180;192;False;LPZ MARAHI HERRERA KARDEX SEP 2026.xlsx
MARAHI HERRERA;J. Marcelo Guzman Mendez;M;MEDICO;CIR MAX;UNIMED / Av. Arce 2630;La Paz;77901436;;B;SEM 1 VIE PM;*;84;*;LPZ MARAHI HERRERA KARDEX SEP 2026.xlsx
MARAHI HERRERA;Jael Quispe Yujra;;MEDICO;MIN;CIES / Calacoto C. 9;La Paz;0;;C;SEM 2  MAR PM;Do972;118;False;LPZ MARAHI HERRERA KARDEX SEP 2026.xlsx
MARAHI HERRERA;Jaime E. Candia Avine;M;MEDICO;MGE;Clínica Virgen de la Asunción - emergencia;La Paz;76596525;;C;SEM 3   MIE AM;Do2521;201;True;LPZ MARAHI HERRERA KARDEX SEP 2026.xlsx
MARAHI HERRERA;Jaime la Hera;M;MEDICO;CIR PLA;Edif. Vitruvio calle 9 piso 5 (solo de 12:30 pm a 13:00);La Paz;0;;B;SEM 2  MIE PM;;133;False;LPZ MARAHI HERRERA KARDEX SEP 2026.xlsx
MARAHI HERRERA;Jaime Linares Acha;M;MEDICO;NEU;Edif. Plaza 15, calle 15 de calacoto;La Paz;;;B;SEM 2 JUE AM;Do3407;;True;LPZ MARAHI HERRERA KARDEX SEP 2026.xlsx
MARAHI HERRERA;Javier Losantos Quiroga;M;MEDICO;GOB;Caja de caminos / Av.6 de Agosto, calle Rosendo Gutiérrez;La Paz;0;;B;SEM 1 VIE AM;Do2301;61;True;LPZ MARAHI HERRERA KARDEX SEP 2026.xlsx
MARAHI HERRERA;Jesica Huanca Limachi;;MEDICO;MGE;Clínica Liendo - emergencia;La Paz;;;B;SEM 4    LUN PM;Do3173;251;True;LPZ MARAHI HERRERA KARDEX SEP 2026.xlsx
MARAHI HERRERA;Jhonatan Coarite Larico;;MEDICO;OFT;NOVAVISTA / Av. 6 de agosto;La Paz;;;B;SEM 3 JUE AM;;;False;LPZ MARAHI HERRERA KARDEX SEP 2026.xlsx
MARAHI HERRERA;Joaquin S. Peña Perez;M;MEDICO;MGE;Clinica Rengel / Sopocachi;La Paz;0;;C;SEM 2  LUN PM;Do10;95;True;LPZ MARAHI HERRERA KARDEX SEP 2026.xlsx
MARAHI HERRERA;Jorge E. Saldaña;M;MEDICO;END;Av. Arce 135 Edificio El Escorial Piso 2;La Paz;0;;C;SEM 1 MAR PM;;38;;LPZ MARAHI HERRERA KARDEX SEP 2026.xlsx
MARAHI HERRERA;Jorge La Fuente Mendez;M;MEDICO;GOB;Clinica Los Andes Los Pinos;La Paz;0;;C;SEM 3   LUN AM;Do556;165;False;LPZ MARAHI HERRERA KARDEX SEP 2026.xlsx
MARAHI HERRERA;Jorge Oblitas F;M;MEDICO;MIN;UNIMED / Av. Arce 2630;La Paz;0;;B;SEM 1 VIE PM;;79;;LPZ MARAHI HERRERA KARDEX SEP 2026.xlsx
MARAHI HERRERA;Jorge Ortíz Garcia;M;MEDICO;PED;CPS / C 8 de Obrajes;La Paz;;;C;SEM 3   JUE AM;Do1558;216;False;LPZ MARAHI HERRERA KARDEX SEP 2026.xlsx
MARAHI HERRERA;Jorge Terceros;M;MEDICO;MGE;Prosalud / Achumani C/ 10 M. Goya #15 (frente a la Plazuela Mundial);La Paz;;;C;SEM 4    JUE PM;;293;False;LPZ MARAHI HERRERA KARDEX SEP 2026.xlsx
MARAHI HERRERA;José L. Laura Tupa;M;MEDICO;MGE;San Juan de Dios / C. Chicani # 50 Z/ Irpavi II;La Paz;0;;C;SEM 1 VIE AM;;70;False;LPZ MARAHI HERRERA KARDEX SEP 2026.xlsx
MARAHI HERRERA;José Luis Rios Portugal;M;MEDICO;EME;Caja de caminos / Obrajes C. 4;La Paz;;;C;SEM 4    VIE AM;;296;False;LPZ MARAHI HERRERA KARDEX SEP 2026.xlsx
MARAHI HERRERA;Juan Pablo Mendieta Barrios;M;MEDICO;GOB;CIES / Calacoto C. 9;La Paz;77524810;;B;SEM 1 LUN AM;;9;;LPZ MARAHI HERRERA KARDEX SEP 2026.xlsx
MARAHI HERRERA;Juan reynaldo galvez claros;M;MEDICO;MGE;Prosalud / Achumani C/ 10 M. Goya #15 (frente a la Plazuela Mundial);La Paz;76746807;;C;SEM 1 LUN PM;;11;False;LPZ MARAHI HERRERA KARDEX SEP 2026.xlsx
MARAHI HERRERA;Jussara Bustillos Gonzáles;;MEDICO;MGE;Clinica Alemana - emergencia;La Paz;;;C;SEM 3   MIE AM;;198;;LPZ MARAHI HERRERA KARDEX SEP 2026.xlsx
MARAHI HERRERA;Karen Neyza Quiroga Ortiz;F;MEDICO;MGE;Cordes Av. Arce;La Paz;0;;C;SEM 2  MAR PM;Do492;112;False;LPZ MARAHI HERRERA KARDEX SEP 2026.xlsx
MARAHI HERRERA;Katerine Sanjines;;MEDICO;MGE;6 de agosto, centro VIDA, Edif. Vitruvio 6 de agosto 2 piso;La Paz;;;C;SEM 1 VIE PM;;;;LPZ MARAHI HERRERA KARDEX SEP 2026.xlsx
MARAHI HERRERA;Kennet Soliz Vásquez;;MEDICO;EME;HMLP / Los Pinos calle 25;La Paz;0;;B;SEM 2  JUE AM;;135;False;LPZ MARAHI HERRERA KARDEX SEP 2026.xlsx
MARAHI HERRERA;Kurt Paulsen;;MEDICO;PED;Edif. San patricio z/san jorge piso 1 (solo de 14:00 a 15:00);La Paz;0;;B;SEM 2  MIE PM;;134;False;LPZ MARAHI HERRERA KARDEX SEP 2026.xlsx
MARAHI HERRERA;L. Erick Gutierrez Aguilar;M;MEDICO;TRA;Prosalud / Achumani C/ 10 M. Goya #15;La Paz;0;;C;SEM 2  JUE PM;;143;;LPZ MARAHI HERRERA KARDEX SEP 2026.xlsx
MARAHI HERRERA;Laura P. Mamani Manzaneda;F;MEDICO;GOB;CPS / C 8 de Obrajes;La Paz;;;C;SEM 3   JUE AM;Do2206;217;False;LPZ MARAHI HERRERA KARDEX SEP 2026.xlsx
MARAHI HERRERA;Littzi Arce Cabrera;;MEDICO;GOB;cidimedic /Calle 12 de calacoto esq Sanchez Bustamante N 7978;La Paz;0;;C;SEM 1 MAR PM;Do1124;34;False;LPZ MARAHI HERRERA KARDEX SEP 2026.xlsx
MARAHI HERRERA;Litzy Aguilar;;MEDICO;EME;CIMAO/ C.9 de Obraje;La Paz;76287126;;C;SEM 3 MIE AM;Do64;;False;LPZ MARAHI HERRERA KARDEX SEP 2026.xlsx
MARAHI HERRERA;Luciano Gutierrez Paz;;MEDICO;GOB PER;6 de agosto, centro VIDA, Edif. Vitruvio 6 de agosto 2 piso;La Paz;77211626;;B;SEM 1 VIE PM;Do2494*;86;True;LPZ MARAHI HERRERA KARDEX SEP 2026.xlsx
MARAHI HERRERA;Luciano Gutierrez Perez;;MEDICO;GOB PER;6 de agosto, centro VIDA, Edif. Vitruvio 6 de agosto 2 piso;La Paz;0;;B;SEM 1 VIE PM;Do4301;85;True;LPZ MARAHI HERRERA KARDEX SEP 2026.xlsx
MARAHI HERRERA;Luis Alfonso Uría Soruco;M;MEDICO;URO;Edif. Plaza 15, calle 15 de calacoto;La Paz;;;B;SEM 2 JUE PM;Do1844;;False;LPZ MARAHI HERRERA KARDEX SEP 2026.xlsx
MARAHI HERRERA;Luis Candia López;M;MEDICO;URO;Multisalud o HMLP / Av. 6 de Agosto Ed Cosmopolita (en las mañanas hospital Los Pinos);La Paz;69842497;;B;SEM 2  MAR PM;;111;False;LPZ MARAHI HERRERA KARDEX SEP 2026.xlsx
MARAHI HERRERA;Luis Eduardo Camacho Zuñiga;M;MEDICO;CAR;Torres Mall cardiagnos piso 10;La Paz;0;;C;SEM 2  MIE PM;;130;False;LPZ MARAHI HERRERA KARDEX SEP 2026.xlsx
MARAHI HERRERA;Luis Edwin Rios Bravo;M;MEDICO;OTO;UNIMED / Av. Arce 2630;La Paz;72283027;;C;SEM 2  VIE PM;;161;;LPZ MARAHI HERRERA KARDEX SEP 2026.xlsx
MARAHI HERRERA;Luis Mateo Ibañez Rada;M;MEDICO;URO;Clinica del Sur / C 7 de Obrajes;La paz;76551110;;B;SEM 1 JUE AM;Do2436*;;True;LPZ MARAHI HERRERA KARDEX SEP 2026.xlsx
MARAHI HERRERA;Luis Pablo Lopez Rivero;M;MEDICO;GOB;Clinica Los Andes/ EMBRIOVID;La Paz;;;C;SEM 4  JUE PM;Do933;289;False;LPZ MARAHI HERRERA KARDEX SEP 2026.xlsx
MARAHI HERRERA;Luis Valda Flores (hijo);M;MEDICO;DER;Ed. Belisario Salinas # 350 entre 6 de Agosto y 20  de octubre (solo jueves a partir de las 16:00);La Paz;75918568;;B;SEM 1 MIE AM;Do1206;48;False;LPZ MARAHI HERRERA KARDEX SEP 2026.xlsx
MARAHI HERRERA;M. Heydi Monasterios T.;;MEDICO;DER;Medicentro Piso 2 Consultorio 207;La Paz;;;C;SEM 4    MAR PM;;266;False;LPZ MARAHI HERRERA KARDEX SEP 2026.xlsx
MARAHI HERRERA;M. Jorge Jimenez Torrez;M;MEDICO;NEC;Clinica Los Andes Los Pinos;La Paz;0;;C;SEM 3   LUN AM;Do556*;169;True;LPZ MARAHI HERRERA KARDEX SEP 2026.xlsx
MARAHI HERRERA;M. René Alvarez Arroyo;M;MEDICO;NEM PED;Mi DOC C/ 6 de obrajes;La Paz;0;;C;SEM 1 MIE PM;;52;False;LPZ MARAHI HERRERA KARDEX SEP 2026.xlsx
MARAHI HERRERA;M. Sandra Encinas M.;F;MEDICO;DER;UNIMED / Av. Arce 2630;La Paz;0;;C;SEM 2  VIE PM;;162;;LPZ MARAHI HERRERA KARDEX SEP 2026.xlsx
MARAHI HERRERA;Marcel Jemio;M;MEDICO;TRA;Diagnosur / Calacoto C. 15;La Paz;0;;C;SEM 2  MAR PM;Do1345*;115;False;LPZ MARAHI HERRERA KARDEX SEP 2026.xlsx
MARAHI HERRERA;Marcela Gonzales de Schmidt;F;MEDICO;GOB;CPS / Av. Arce 2525;La Paz;0;;C;SEM 2  MAR AM;Do1189;103;False;LPZ MARAHI HERRERA KARDEX SEP 2026.xlsx
MARAHI HERRERA;Marcelo Claure Medrano;M;MEDICO;TRA;HMLP / Los Pinos calle 25;La Paz;;;C;SEM 4    JUE AM;;281;False;LPZ MARAHI HERRERA KARDEX SEP 2026.xlsx
MARAHI HERRERA;Marcelo Murillo Sasamoto;M;MEDICO;CIR OFT;IPO / Calacoto C/9 Vitruvio;La Paz;;;C;SEM 3   MAR AM;Do380;184;False;LPZ MARAHI HERRERA KARDEX SEP 2026.xlsx
MARAHI HERRERA;Marcelo Navajas (director);M;MEDICO;NEU TRX;Clínica Virgen de la Asunción av 6 de agosto;La Paz;0;;B;SEM 2  LUN AM;Do909;87;False;LPZ MARAHI HERRERA KARDEX SEP 2026.xlsx
MARAHI HERRERA;Marcelo Zorilla Molina;M;MEDICO;CAR;Clinica Los Andes Los Pinos;La Paz;0;;C;SEM 3   LUN AM;Do3446;166;True;LPZ MARAHI HERRERA KARDEX SEP 2026.xlsx
MARAHI HERRERA;Marco A. Paredes Núñez;M;MEDICO;TRA;CORDES / Av. Arce 2895, a una cuadra de Plaza Isabel La Católica;La Paz;0;;C;SEM 2  VIE AM;Do551;148;False;LPZ MARAHI HERRERA KARDEX SEP 2026.xlsx
MARAHI HERRERA;Marcos Y. Saldaña;;MEDICO;NEF PED;Mi DOC C/ 6 de obrajes;La Paz;;;C;SEM 3   MAR PM;;197;False;LPZ MARAHI HERRERA KARDEX SEP 2026.xlsx
MARAHI HERRERA;Maria Carrasco Quiroz;F;MEDICO;MGE;CEM / Los Pinos C. 3;La Paz;0;;C;SEM 2  MAR PM;;114;False;LPZ MARAHI HERRERA KARDEX SEP 2026.xlsx
MARAHI HERRERA;Maria Teresa Recamo López;F;MEDICO;MGE;Multisalud / Calacoto C. 13 Av. Sanchez Bustamante 7977;La Paz;0;;C;SEM 1 LUN AM;;7;False;LPZ MARAHI HERRERA KARDEX SEP 2026.xlsx
MARAHI HERRERA;MARIA TERESA SALINAS CAMPANA;F;MEDICO;END;Prosalud / Achumani C/ 10 M. Goya #15 (frente a la Plazuela Mundial, Solo de 11:00 a 12:00);La Paz;;;B;SEM 3 VIE AM;;;False;LPZ MARAHI HERRERA KARDEX SEP 2026.xlsx
MARAHI HERRERA;Mariana Otero Valle;;MEDICO;EME;Caja de caminos / Obrajes C. 4;La Paz;;;C;SEM 4    VIE AM;;295;False;LPZ MARAHI HERRERA KARDEX SEP 2026.xlsx
MARAHI HERRERA;Mariel Alejandra Llanque Condori;;MEDICO;ONC;Caja Petrolera/obrajes;La Paz;;;C;SEM 3   VIE PM;Do3657;237;True;LPZ MARAHI HERRERA KARDEX SEP 2026.xlsx
MARAHI HERRERA;Mario L. Tejererina Valle;M;MEDICO;HEM;Caja Petrolera/obrajes;La Paz;;;C;SEM 3   VIE PM;Do1467;236;False;LPZ MARAHI HERRERA KARDEX SEP 2026.xlsx
MARAHI HERRERA;Mario patricio andrade;M;MEDICO;PED CAR;Edif. Altamira piso 2 mi doc;La Paz;;;C;SEM 3   JUE AM;Do2030;220;True;LPZ MARAHI HERRERA KARDEX SEP 2026.xlsx
MARAHI HERRERA;Marlene N. Velasco Ali;F;MEDICO;LAB;Prosalud / Achumani C/ 10 M. Goya #15 (frente a la Plazuela Mundial);La Paz;;;C;SEM 4    LUN AM;;242;False;LPZ MARAHI HERRERA KARDEX SEP 2026.xlsx
MARAHI HERRERA;Martha B. Tiniñi Heredia;;MEDICO;GOB;CPS / Av. Arce Nº 2525;La Paz;0;;B;SEM 2  VIE PM;Do1152;155;False;LPZ MARAHI HERRERA KARDEX SEP 2026.xlsx
MARAHI HERRERA;Martin Cabrera Tapia;M;MEDICO;PED;Av. Arce 135 Edificio El Escorial Piso 2;La Paz;64114360;;B;SEM 1 LUN PM;;13;;LPZ MARAHI HERRERA KARDEX SEP 2026.xlsx
MARAHI HERRERA;Mary Blanco Beltran;;MEDICO;MGE;Prosalud / Achumani C/ 10 M. Goya #15 (frente a la Plazuela Mundial);La Paz;;;B;SEM 3   VIE AM;;229;False;LPZ MARAHI HERRERA KARDEX SEP 2026.xlsx
MARAHI HERRERA;Mayra Mendoza;F;MEDICO;BIO;ONCOCLINIC / Obrajes Costanerita Entre C/ 5 y 6;La Paz;0;;C;SEM 1 JUE PM;;62;False;LPZ MARAHI HERRERA KARDEX SEP 2026.xlsx
MARAHI HERRERA;Miguel A. Alvarez Huaricallo;M;MEDICO;PSI;San Juan de Dios / C. Chicani # 50 Z/ Irpavi II;La Paz;70793184;;C;SEM 1 VIE AM;;75;False;LPZ MARAHI HERRERA KARDEX SEP 2026.xlsx
MARAHI HERRERA;Miguel Angel Chiri Lopez;M;MEDICO;CIR OFT;CPS / Obrajes C. 8;La Paz;;;C;SEM 4    VIE AM;;298;False;LPZ MARAHI HERRERA KARDEX SEP 2026.xlsx
MARAHI HERRERA;Miguel Villa-Gomez;M;MEDICO;GAS;Clinica Los Andes Los Pinos;La Paz;;;A;SEM 3   LUN PM;Do1693;173;False;LPZ MARAHI HERRERA KARDEX SEP 2026.xlsx
MARAHI HERRERA;Mildret M. Quisbert Luna;;MEDICO;PED;HMLP/ Zona Los Pinos calle 25 s/n, entre calles José Aguirre y Muñoz Reyes;La Paz;;;C;SEM 3   LUN PM;;179;;LPZ MARAHI HERRERA KARDEX SEP 2026.xlsx
MARAHI HERRERA;Monica E. Torquato M.;F;MEDICO;MGE;Centro Vida / Av. 6 de Agosto Torre Vitruvio;La Paz;0;;C;SEM 2  VIE PM;Do1774;158;False;LPZ MARAHI HERRERA KARDEX SEP 2026.xlsx
MARAHI HERRERA;Mónica Molina Monasterios;F;MEDICO;NEU;Av. Arce 2630;La Paz;;;C;SEM 4    VIE PM;Do3848;303;True;LPZ MARAHI HERRERA KARDEX SEP 2026.xlsx
MARAHI HERRERA;Mónica Tito Condori;F;MEDICO;PSI;San Juan de Dios / C. Chicani # 50 Z/ Irpavi II;La Paz;70793184;;C;SEM 1 VIE AM;;77;False;LPZ MARAHI HERRERA KARDEX SEP 2026.xlsx
MARAHI HERRERA;Nazarena Villarroel R.;;MEDICO;MGE;Clinica Alemana / Av. 6 de Agosto #2821, Z. San Jorge;La Paz;0;;C;SEM 1 MAR PM;Do4225*;32;True;LPZ MARAHI HERRERA KARDEX SEP 2026.xlsx
MARAHI HERRERA;Nicolas MitrU;M;MEDICO;GAS;Clinica Los Andes Los Pinos O edificio illimani PB solo martes y jueves por la tarde;La Paz;;;C;SEM 3   LUN PM;Do1676*;174;True;LPZ MARAHI HERRERA KARDEX SEP 2026.xlsx
MARAHI HERRERA;Nilo Elvys Plata Luna;;MEDICO;MGE;CORDES / Calacoto, Claudio Aliaga 1271 Bloque F;La Paz;0;;C;SEM 2  JUE AM;Do384;139;True;LPZ MARAHI HERRERA KARDEX SEP 2026.xlsx
MARAHI HERRERA;Noel arteaga choque;;MEDICO;REU;CORDES / Av. Arce 2895, a una cuadra de Plaza Isabel La Católica;La Paz;0;;B;SEM 1 LUN PM;;16;;LPZ MARAHI HERRERA KARDEX SEP 2026.xlsx
MARAHI HERRERA;Oliver M. Blanco L.;;MEDICO;NEF DIA;HMLP / Los Pinos calle 25;La Paz;;;C;SEM 3   MAR AM;;187;False;LPZ MARAHI HERRERA KARDEX SEP 2026.xlsx
MARAHI HERRERA;Orlando Ortuño Pasquier;M;MEDICO;REU;CPS / Av. Arce Nº 2525;La Paz;;;B;SEM 3   MIE PM;Do4831;208;True;LPZ MARAHI HERRERA KARDEX SEP 2026.xlsx
MARAHI HERRERA;Oscar cordero salazar;;MEDICO;MIN;Caja de caminos / Av arce  (solo hasta las 14:00);La Paz;;;B;SEM 4    MAR PM;Do1586;262;True;LPZ MARAHI HERRERA KARDEX SEP 2026.xlsx
MARAHI HERRERA;Oscar Oliden Gallegos;;MEDICO;CIR;CPS / Obrajes C. 8;La Paz;0;;C;SEM 2  MIE AM;;119;False;LPZ MARAHI HERRERA KARDEX SEP 2026.xlsx
MARAHI HERRERA;Osmar J. Vilela Reyes /;;MEDICO;EME;HMLP/ Zona Los Pinos calle 25 s/n, entre calles José Aguirre y Muñoz Reyes;La Paz;;;C;SEM 3   LUN PM;;181;;LPZ MARAHI HERRERA KARDEX SEP 2026.xlsx
MARAHI HERRERA;Pablo Espinoza Uzqueda;M;MEDICO;CIR OFT;Vision 21 / Calacoto C. 20;La Paz;70377555;;C;SEM 1 JUE PM;;64;;LPZ MARAHI HERRERA KARDEX SEP 2026.xlsx
MARAHI HERRERA;Pamela Guzmán;F;MEDICO;MGE;San Juan de Dios / C. Chicani # 50 Z/ Irpavi II;La Paz;0;;C;SEM 1 VIE AM;;71;False;LPZ MARAHI HERRERA KARDEX SEP 2026.xlsx
MARAHI HERRERA;Paola A. Flores Ayala;F;MEDICO;MGE;Tocapu / Av. 6 de Agosto N. 2378, casi esquina Belisario Salinas;La Paz;0;;C;SEM 1 MAR PM;;35;False;LPZ MARAHI HERRERA KARDEX SEP 2026.xlsx
MARAHI HERRERA;Paola A. Maldonado Salazar;F;MEDICO;GOB;CORDES / Av. Arce 2895, a una cuadra de Plaza Isabel La Católica;La Paz;72569893;;B;SEM 2  VIE AM;Do2556;150;False;LPZ MARAHI HERRERA KARDEX SEP 2026.xlsx
MARAHI HERRERA;Paola Lizarazu Chacón;F;MEDICO;PSI;San Juan de Dios / C. Chicani # 50 Z/ Irpavi II;La Paz;0;;C;SEM 1 VIE AM;;74;False;LPZ MARAHI HERRERA KARDEX SEP 2026.xlsx
MARAHI HERRERA;Paola Mendoza;F;MEDICO;DER;edif. Vitruvio 9 de calacoto piso 7;La Paz;;;C;SEM 4  MAR AM;;259;;LPZ MARAHI HERRERA KARDEX SEP 2026.xlsx
MARAHI HERRERA;Paola Senzano M.;F;MEDICO;COLO;Caja Petrolera/obrajes;La Paz;75273656;;A;SEM 4 MAR AM;;;;LPZ MARAHI HERRERA KARDEX SEP 2026.xlsx
MARAHI HERRERA;Patricia Ramos Moitterry;F;MEDICO;MGE;CORDES / Av. Arce 2895, a una cuadra de Plaza Isabel La Católica;La Paz;;;C;SEM 4    MIE AM;Do2556*;268;True;LPZ MARAHI HERRERA KARDEX SEP 2026.xlsx
MARAHI HERRERA;Priscila Castedo;;MEDICO;MGE;6 de agosto, centro VIDA, Edif. Vitruvio 6 de agosto 2 piso;La Paz;63231765;;C;SEM 1 VIE PM;Do207;;False;LPZ MARAHI HERRERA KARDEX SEP 2026.xlsx
MARAHI HERRERA;R. Ramiro Mayorga U.;;MEDICO;MIN;SSU / Av. 6 de agiosto, seguro social universitario;La Paz;;;C;SEM 3 JUE AM;;;False;LPZ MARAHI HERRERA KARDEX SEP 2026.xlsx
MARAHI HERRERA;Ricardo Balderas;M;MEDICO;MGE;Prosalud / Achumani C/ 10 M. Goya #15 (frente a la Plazuela Mundial);La Paz;77156564;;B;SEM 3   VIE AM;;227;False;LPZ MARAHI HERRERA KARDEX SEP 2026.xlsx
MARAHI HERRERA;Ricardo Lores Saavedra;M;MEDICO;DIR;Caja de caminos / Obrajes C. 4;La Paz;;;C;SEM 3   MAR PM;;191;False;LPZ MARAHI HERRERA KARDEX SEP 2026.xlsx
MARAHI HERRERA;Robert Arequipa Oropeza;;MEDICO;CIR URO;CORDES / Av. Arce 2895, a una cuadra de Plaza Isabel La Católica;La Paz;0;;C;SEM 2  VIE AM;Do137;151;False;LPZ MARAHI HERRERA KARDEX SEP 2026.xlsx
MARAHI HERRERA;Roberto Gutierrez Plata;M;MEDICO;OTO;Torres mall piso 7;La Paz;0;;B;SEM 2  JUE PM;;142;False;LPZ MARAHI HERRERA KARDEX SEP 2026.xlsx
MARAHI HERRERA;Rocio Helguero Lahore;F;MEDICO;PED NEO;Clinica Los Andes Los Pinos;La Paz;;;B;SEM 3 LUN AM;Do1676;;False;LPZ MARAHI HERRERA KARDEX SEP 2026.xlsx
MARAHI HERRERA;Rodolfo Jimenez M.;;MEDICO;PED;Av. Arce 135 Edificio El Escorial Piso 2;La Paz;72003094;;B;SEM 1 LUN PM;;14;;LPZ MARAHI HERRERA KARDEX SEP 2026.xlsx
MARAHI HERRERA;Rodrigo M. Canva;M;MEDICO;CIR;HMLP / Los Pinos calle 25;La Paz;75918568;;C;SEM 1 JUE PM;;67;False;LPZ MARAHI HERRERA KARDEX SEP 2026.xlsx
MARAHI HERRERA;Rodrigo Medinaceli Molina;M;MEDICO;MGE;CEMES - emergencia;La Paz;;;C;SEM 3   MIE PM;Do814;205;True;LPZ MARAHI HERRERA KARDEX SEP 2026.xlsx
MARAHI HERRERA;Rodrigo Orozco;M;MEDICO;URO;CIES / Calacoto C. 9;La Paz;76976555;;C;SEM 2  MAR PM;;117;;LPZ MARAHI HERRERA KARDEX SEP 2026.xlsx
MARAHI HERRERA;Rodrigo Peña Orozco;M;MEDICO;TRA PED;Cordes Av. Arce;La Paz;;;C;SEM 4    LUN PM;Do895;252;False;LPZ MARAHI HERRERA KARDEX SEP 2026.xlsx
MARAHI HERRERA;Rodrigo Valencia M.;M;MEDICO;EME;CIMAO / C 9 de Obrajes;La Paz;;;C;SEM 3   JUE AM;Do679;214;False;LPZ MARAHI HERRERA KARDEX SEP 2026.xlsx
MARAHI HERRERA;Roger cordero;;MEDICO;COLE;calle 11 calacoto;La Paz;;;B;SEM 4    MAR AM;Do4288;254;False;LPZ MARAHI HERRERA KARDEX SEP 2026.xlsx
MARAHI HERRERA;Romina Fusi Ortiz;F;MEDICO;MGE;Clinica Sagrada Familia / Achumani C/ 10;La Paz;0;;C;SEM 2  JUE PM;Do4456;144;True;LPZ MARAHI HERRERA KARDEX SEP 2026.xlsx
MARAHI HERRERA;Rosario Soriano B.;;MEDICO;GOB;UNIMED / Av. Arce 2630;La Paz;;;C;SEM 4    VIE PM;;304;;LPZ MARAHI HERRERA KARDEX SEP 2026.xlsx
MARAHI HERRERA;Rossio Medina Barnomier;;MEDICO;ONC;Centro Oncologico / Calacoto C. 10;La Paz;0;;C;SEM 1 LUN AM;Do2436*;4;True;LPZ MARAHI HERRERA KARDEX SEP 2026.xlsx
MARAHI HERRERA;Rubén Villca Navia;M;MEDICO;URO;Mas Salud / Edif. HILDA, Av.6 de Agosto;La Paz;0;;C;SEM 2  MIE PM;;131;False;LPZ MARAHI HERRERA KARDEX SEP 2026.xlsx
MARAHI HERRERA;Rusvel Nina Luque;;MEDICO;MGE;San Juan de Dios / C. Chicani # 50 Z/ Irpavi II;La Paz;0;;C;SEM 1 VIE AM;;72;False;LPZ MARAHI HERRERA KARDEX SEP 2026.xlsx
MARAHI HERRERA;Ruth Lesly Agreda M.;;MEDICO;MGE;CPS / Av. Arce Nº 2525;La Paz;;;C;SEM 3   MIE PM;Do1384;210;False;LPZ MARAHI HERRERA KARDEX SEP 2026.xlsx
MARAHI HERRERA;Sandra Siacar Bacarreza;F;MEDICO;END PED;Mi DOC C/ 6 de obrajes;La Paz;0;;C;SEM 1 MIE PM;;51;False;LPZ MARAHI HERRERA KARDEX SEP 2026.xlsx
MARAHI HERRERA;Sandro Sokel Saavedra;;MEDICO;ANE;CPS / Obrajes C. 8;La Paz;0;;C;SEM 2  MIE AM;;120;;LPZ MARAHI HERRERA KARDEX SEP 2026.xlsx
MARAHI HERRERA;Sergio Rojas Khek;M;MEDICO;OTO;Diagnosur / Calacoto C. 15;La Paz;;;C;SEM 3   MAR AM;Do2957;182;False;LPZ MARAHI HERRERA KARDEX SEP 2026.xlsx
MARAHI HERRERA;Stephani Davila Ruiz;;MEDICO;GOB;CORDES / Av. Arce 2895, a una cuadra de Plaza Isabel La Católica;La Paz;0;;B;SEM 1 MIE AM;Do3715;41;True;LPZ MARAHI HERRERA KARDEX SEP 2026.xlsx
MARAHI HERRERA;Sthefania Loayza;;MEDICO;GOB;Edif. Fernando V piso 1 ginmed;La Paz;;;B;SEM 3   JUE PM;Do4246;225;False;LPZ MARAHI HERRERA KARDEX SEP 2026.xlsx
MARAHI HERRERA;Tanya Strasburger;;MEDICO;NEO;Clinica Los Andes Los Pinos;La Paz;;;B;SEM 3   LUN PM;Do4714;176;True;LPZ MARAHI HERRERA KARDEX SEP 2026.xlsx
MARAHI HERRERA;Tatiana C. Magne León;;MEDICO;OTO;CORDES / Av. Arce 2895, a una cuadra de Plaza Isabel La Católica;La Paz;0;;C;SEM 1 MIE AM;Do3620;42;True;LPZ MARAHI HERRERA KARDEX SEP 2026.xlsx
MARAHI HERRERA;Teresa Llano Gandarillas;F;MEDICO;OTO;CORDES / Av. Arce 2895, a una cuadra de Plaza Isabel La Católica;La Paz;0;;C;SEM 2  VIE AM;Do1647;152;False;LPZ MARAHI HERRERA KARDEX SEP 2026.xlsx
MARAHI HERRERA;Teresa Mendoza;F;MEDICO;BIO;Clinica Los Andes Los Pinos;La Paz;0;;B;SEM 3   LUN AM;Do4889;167;True;LPZ MARAHI HERRERA KARDEX SEP 2026.xlsx
MARAHI HERRERA;Valenna Chavez Davila;;MEDICO;ODO;HMLP / Los Pinos calle 25;La Paz;0;;C;SEM 2  JUE AM;;136;False;LPZ MARAHI HERRERA KARDEX SEP 2026.xlsx
MARAHI HERRERA;Victor H. Velasco A. / Consultorio particular;M;MEDICO;INF PED;Ef. San Patricio of. 108;La Paz;;;C;SEM 3   MIE PM;;212;False;LPZ MARAHI HERRERA KARDEX SEP 2026.xlsx
MARAHI HERRERA;Victor H. Yanique M.;M;MEDICO;MIN;HMLP / Los Pinos calle 25;La Paz;70377555;;C;SEM 1 JUE PM;;65;False;LPZ MARAHI HERRERA KARDEX SEP 2026.xlsx
MARAHI HERRERA;Victor Huallpa Quino;M;MEDICO;GOB;HMLP / Los Pinos calle 25;La Paz;;;C;SEM 3   MAR AM;;188;False;LPZ MARAHI HERRERA KARDEX SEP 2026.xlsx
MARAHI HERRERA;Vilma G. Choque López;;MEDICO;CIR OFT;Centro Oftamologico / Calacoto  C. 21;La Paz;75918568;;C;SEM 1 JUE PM;Do2436;69;False;LPZ MARAHI HERRERA KARDEX SEP 2026.xlsx
MARAHI HERRERA;Viviana Apaza M.;;MEDICO;DER;CORDES / Av. Arce 2895, a una cuadra de Plaza Isabel La Católica;La Paz;;;B;SEM 4    MIE AM;Do1647*;269;True;LPZ MARAHI HERRERA KARDEX SEP 2026.xlsx
MARAHI HERRERA;Wendy Gisbert Sanchez;F;MEDICO;OTO;CPS Av. Arce;La Paz;0;;C;SEM 3   LUN AM;Do765;171;False;LPZ MARAHI HERRERA KARDEX SEP 2026.xlsx
MARAHI HERRERA;Wendy M. Michel Yupanqui;F;MEDICO;GOB;CPS / Obrajes C. 8;La Paz;;;C;SEM 3   MAR PM;;195;False;LPZ MARAHI HERRERA KARDEX SEP 2026.xlsx
MARAHI HERRERA;Wilfredo Suntura Yujra;;MEDICO;NEC;Caja Petrolera/obrajes;La Paz;;;B;SEM 3   VIE PM;Do1760;234;True;LPZ MARAHI HERRERA KARDEX SEP 2026.xlsx
MARAHI HERRERA;Willy Cabrera rodriguez;M;MEDICO;GIN;Edif. San patricio 1 piso solo en las tardes o cordes en la tarde viernes;La Paz;;;B;SEM 3   JUE PM;Do3719;224;False;LPZ MARAHI HERRERA KARDEX SEP 2026.xlsx
MARAHI HERRERA;Wilson X. Loza Pary;M;MEDICO;URO;Cordes Av. Arce;La Paz;;;C;SEM 4    MAR PM;Do1185;260;False;LPZ MARAHI HERRERA KARDEX SEP 2026.xlsx
MARAHI HERRERA;Ximena Lorena C.;F;MEDICO;MGE;Tocapu / Av. 6 de Agosto N. 2378, casi esquina Belisario Salinas;La Paz;0;;C;SEM 1 MAR PM;;36;False;LPZ MARAHI HERRERA KARDEX SEP 2026.xlsx
MARAHI HERRERA;Ximena Outzumi;F;MEDICO;GER;CPS / Av. Arce Nº 2525;La Paz;;;B;SEM 3   MIE PM;Do1904;209;True;LPZ MARAHI HERRERA KARDEX SEP 2026.xlsx
MARAHI HERRERA;Yamil Lozano H.;;MEDICO;GOB;Torres mall Av. 6 de Agosto Nº 2577 piso 5;La Paz;0;;C;SEM 1 MIE PM;;55;False;LPZ MARAHI HERRERA KARDEX SEP 2026.xlsx
MARAHI HERRERA;Yulisa guerrero;;MEDICO;MGE;Clínica Liendo - emergencia;La Paz;0;;C;SEM 2  MAR PM;;113;;LPZ MARAHI HERRERA KARDEX SEP 2026.xlsx
OCTAVIA CRUZ;ABDON REYNALES;;MEDICO;REU;POLICLINICO SUCRE;SUCRE;;;C;SEM 4 LUN PM;;236;False;CHU OCTAVIA CRUZ KARDEX SEP 2026.xlsx
OCTAVIA CRUZ;ADRIANA APARICIO;F;MEDICO;PED;OLAÑETA ENTRE LOA Y DESTACAMENTO 111;SUCRE;67643201;;C;SEM 3 LUN PM;Do1500;163;False;CHU OCTAVIA CRUZ KARDEX SEP 2026.xlsx
OCTAVIA CRUZ;ALAIN GUTIERREZ;;MEDICO;GAS;GASTROSUR;SUCRE;70312942;;C;SEM 3 JUE PM;;205;False;CHU OCTAVIA CRUZ KARDEX SEP 2026.xlsx
OCTAVIA CRUZ;ALAN BUKOVIC;M;MEDICO;GAS;GBJ CONSULTORIOS;SUCRE;;;C;SEM 3 MIE AM;;183;False;CHU OCTAVIA CRUZ KARDEX SEP 2026.xlsx
OCTAVIA CRUZ;ALAVARO SERRANO;;MEDICO;CIR;UYUNI 34;SUCRE;75772900;;C;SEM 4 JUE PM;;283;;CHU OCTAVIA CRUZ KARDEX SEP 2026.xlsx
OCTAVIA CRUZ;ALBERTO QUIROGA;M;MEDICO;CIR;HOSPITAL JAIME MENDOZA;SUCRE;77118517;;C;SEM 2 MAR AM;Do774;92;False;CHU OCTAVIA CRUZ KARDEX SEP 2026.xlsx
OCTAVIA CRUZ;ALCIDES SERRUDO;;MEDICO;NEU;HOSPITAL JAIME MENDOZA;SUCRE;77901436;;C;SEM 2 LUN PM;Do4889;84;True;CHU OCTAVIA CRUZ KARDEX SEP 2026.xlsx
OCTAVIA CRUZ;ALDO CONDORI;M;MEDICO;PED;HOSP DEL NIÑO;SUCRE;73416973;;A;SEM 3 VIE AM;;214;False;CHU OCTAVIA CRUZ KARDEX SEP 2026.xlsx
OCTAVIA CRUZ;ALEJANDRA SIÑANI;F;MEDICO;GIN;GRAU 429 ENTRE PADILLA Y ORURO;SUCRE;78687863;;A;SEM 1 LUN PM;Do4535;14;True;CHU OCTAVIA CRUZ KARDEX SEP 2026.xlsx
OCTAVIA CRUZ;ALEJANDRA TORRES;F;MEDICO;PED;HOSPITAL IPTK CAMARGO ESQ ARCE;SUCRE;76126439;;C;SEM 4 MAR AM;;243;False;CHU OCTAVIA CRUZ KARDEX SEP 2026.xlsx
OCTAVIA CRUZ;ALEJANDRO BARRON;M;MEDICO;URO;CRISTO DE LAS AMERICAS, AV JAPON;SUCRE;75779112;;B;SEM 2 LUN PM;Do3823;87;True;CHU OCTAVIA CRUZ KARDEX SEP 2026.xlsx
OCTAVIA CRUZ;ALICIA CAMARGO  COLQUE;F;MEDICO;UTI;HOSP  DE LA MUJER;SUCRE;71159504;;C;SEM 2 MIE AM;Do2556;114;False;CHU OCTAVIA CRUZ KARDEX SEP 2026.xlsx
OCTAVIA CRUZ;ANA MARIA ANDRADE;F;MEDICO;NUTRI;HOSPITAL IPTK CAMARGO ESQ ARCE;SUCRE;72338202;;C;SEM 1 LUN PM;Do2301;12;True;CHU OCTAVIA CRUZ KARDEX SEP 2026.xlsx
OCTAVIA CRUZ;ANA MARIA  MORENO;F;MEDICO;PED;HOSP DEL NIÑO;SUCRE;76129128;;C;SEM 3 VIE AM;;215;False;CHU OCTAVIA CRUZ KARDEX SEP 2026.xlsx
OCTAVIA CRUZ;ANDRES T. BEJARANO CAYO;M;MEDICO;GAS;GBJ CONSULTORIOS;SUCRE;71896661;;B;SEM 4 JUE PM;;285;;CHU OCTAVIA CRUZ KARDEX SEP 2026.xlsx
OCTAVIA CRUZ;ARANTXA BARRANCOS;;MEDICO;END;HOSP CHUQUISACA;SUCRE;73421492;;C;SEM 3 VIE AM;;220;False;CHU OCTAVIA CRUZ KARDEX SEP 2026.xlsx
OCTAVIA CRUZ;ARMANDO APAZA;M;MEDICO;CIR;GBJ CONSULTORIOS;SUCRE;63744590;;A;SEM 2 JUE AM;Do492;123;False;CHU OCTAVIA CRUZ KARDEX SEP 2026.xlsx
OCTAVIA CRUZ;AYDEE GARECA GUTIERREZ;;MEDICO;GIN;CIMES;SUCRE;72960204;;B;;;;;CHU OCTAVIA CRUZ KARDEX SEP 2026.xlsx
OCTAVIA CRUZ;BARTOLOME MAMANI;;MEDICO;MIN;DESTACAMENTO 111 ESQ. AYACUCHO;SUCRE;73436619;;C;SEM 2 MIE PM;Do1668;122;True;CHU OCTAVIA CRUZ KARDEX SEP 2026.xlsx
OCTAVIA CRUZ;BLADIMIR RIVAMONTAN;;MEDICO;GAS;GBJ CONSULTORIOS;SUCRE;75918568;;B;SEM 1 JUE AM;Do2436;47;False;CHU OCTAVIA CRUZ KARDEX SEP 2026.xlsx
OCTAVIA CRUZ;BORIS VELASQUEZ;;MEDICO;MAX;COLOMBIA 5 FRENTE A LA FACULTAD DE DERECHO;SUCRE;72888279;;A;SEM 1 JUE PM;Do2168;58;False;CHU OCTAVIA CRUZ KARDEX SEP 2026.xlsx
OCTAVIA CRUZ;CARLA FLORES;F;MEDICO;DER;MULTICENTRO CESPEDES;SUCRE;77120664;;C;SEM 3 LUN AM;Do1345*;155;False;CHU OCTAVIA CRUZ KARDEX SEP 2026.xlsx
OCTAVIA CRUZ;CARLA JIMENEZ;F;MEDICO;GIN;POLICLINICO SUCRE;SUCRE;67600745;;B;SEM 3 JUE PM;;207;False;CHU OCTAVIA CRUZ KARDEX SEP 2026.xlsx
OCTAVIA CRUZ;CARLA ORTEGA;F;MEDICO;DER;MEDISOL CALLE COLOMBIA;SUCRE;67600890;;C;SEM 1 JUE PM;Do104;59;False;CHU OCTAVIA CRUZ KARDEX SEP 2026.xlsx
OCTAVIA CRUZ;CARLOS COSSIO;M;MEDICO;PED;CIES AV. VENEZUELA ESQ PILINCO;SUCRE;64710065;;B;SEM 1 MAR PM;Do972;28;False;CHU OCTAVIA CRUZ KARDEX SEP 2026.xlsx
OCTAVIA CRUZ;CARLOS VALDIVIA;M;MEDICO;GEN;CIES AV. VENEZUELA ESQ PILINCO;SUCRE;75765740;;B;SEM 2 LUN AM;Do2642;78;False;CHU OCTAVIA CRUZ KARDEX SEP 2026.xlsx
OCTAVIA CRUZ;CARMEN BENITEZ;F;MEDICO;PED;CIES AV. VENEZUELA ESQ PILINCO;SUCRE;72964353;;B;SEM 2 LUN PM;Do4214*;91;True;CHU OCTAVIA CRUZ KARDEX SEP 2026.xlsx
OCTAVIA CRUZ;CARMEN GUERRA;F;MEDICO;GIN;G. MENDIZABAL 200 ESQ AV DEL MAESTRO;SUCRE;68646986;;C;SEM 1 JUE PM;Do679;57;False;CHU OCTAVIA CRUZ KARDEX SEP 2026.xlsx
OCTAVIA CRUZ;CARMEN QUINTANILLA;F;MEDICO;DER;HOSPITAL SANTA BARBARA;SUCRE;72379250;;C;SEM 1 MIE PM;Do2993;41;True;CHU OCTAVIA CRUZ KARDEX SEP 2026.xlsx
OCTAVIA CRUZ;CARMEN SAAVEDRA;F;MEDICO;INF;HOSP CHUQUISACA;SUCRE;76416868;;B;SEM 3 VIE PM;;223;False;CHU OCTAVIA CRUZ KARDEX SEP 2026.xlsx
OCTAVIA CRUZ;CECILIA SANCHEZ;F;MEDICO;GIN;HOSPITAL IPTK CAMARGO ESQ ARCE;SUCRE;70318430;;C;SEM 1 LUN PM;Do2771;13;True;CHU OCTAVIA CRUZ KARDEX SEP 2026.xlsx
OCTAVIA CRUZ;CESAR BARRIGA VILLALBA;M;MEDICO;CIR;GBJ CONSULTORIOS;SUCRE;74428979;;B;SEM 3 JUE AM;;200;False;CHU OCTAVIA CRUZ KARDEX SEP 2026.xlsx
OCTAVIA CRUZ;CIMAR ORTUSTE;;MEDICO;CIR PLAS;DESTACAMENTO 111 ESQ AYACUCHO;SUCRE;72877743;;C;SEM 1 MAR AM;Do1050;23;False;CHU OCTAVIA CRUZ KARDEX SEP 2026.xlsx
OCTAVIA CRUZ;CINTHIA CHOQUE;;MEDICO;GAS;HOPS CHUQUISACA;SUCRE;68641179;;C;SEM 3 VIE AM;;212;False;CHU OCTAVIA CRUZ KARDEX SEP 2026.xlsx
OCTAVIA CRUZ;CLAUDIA ARCIENEGA;;MEDICO;END;MEDISOL CALLE COLOMBIA;SUCRE;72884994;;C;SEM 1 JUE PM;Do64;61;False;CHU OCTAVIA CRUZ KARDEX SEP 2026.xlsx
OCTAVIA CRUZ;CLAUDIA LEYTON;;MEDICO;PED;POLICLINICO SUCRE;SUCRE;78673148;;C;SEM 3 LUN PM;Do2814;165;True;CHU OCTAVIA CRUZ KARDEX SEP 2026.xlsx
OCTAVIA CRUZ;CRISTEL PADILLA;;MEDICO;NEUR;PSICOPEDAGOGICO AV JAPON #1;SUCRE;60314069;;C;SEM 1 JUE AM;Do1774;50;False;CHU OCTAVIA CRUZ KARDEX SEP 2026.xlsx
OCTAVIA CRUZ;DANIEL ALDAYUZ;M;MEDICO;MIN;HOSPITAL SANTA BARBARA;SUCRE;72897278;;B;SEM 4 JUE PM;*;281;*;CHU OCTAVIA CRUZ KARDEX SEP 2026.xlsx
OCTAVIA CRUZ;DANIEL KUKOK B.;M;MEDICO;ODON;LA PAZ ENTRE LOA Y JUNIN;SUCRE;75797079;;C;SEM 3 JUE PM;;210;False;CHU OCTAVIA CRUZ KARDEX SEP 2026.xlsx
OCTAVIA CRUZ;DANIEL VASCO;M;MEDICO;MIN;CAJA PETROLERA ESQ COBIJA;SUCRE;70330171;;C;SEM 1 JUE PM;Do3442;56;True;CHU OCTAVIA CRUZ KARDEX SEP 2026.xlsx
OCTAVIA CRUZ;DANIELA GOMEZ;F;MEDICO;DIAB;HOSPITAL IPTK CAMARGO ESQ ARCE;SUCRE;69414072;;B;SEM 4 MAR AM;;241;False;CHU OCTAVIA CRUZ KARDEX SEP 2026.xlsx
OCTAVIA CRUZ;DENIS ZARATE;M;MEDICO;NEU;HOSPITAL SANTA BARBARA;SUCRE;67635035;;C;SEM 2 LUN PM;Do1676;85;False;CHU OCTAVIA CRUZ KARDEX SEP 2026.xlsx
OCTAVIA CRUZ;DIEGO PARAVICINI;M;MEDICO;URO;HOSPITAL SANTA BARBARA;SUCRE;78694812;;C;SEM 1 MIE AM;Do4608;34;True;CHU OCTAVIA CRUZ KARDEX SEP 2026.xlsx
OCTAVIA CRUZ;DONALD DORADO;;MEDICO;GAS;OLAÑETA ESQ PASTOR SAINZ;SUCRE;70950540;;C;SEM 4 MAR PM;;253;False;CHU OCTAVIA CRUZ KARDEX SEP 2026.xlsx
OCTAVIA CRUZ;EBERTH CONTRERAS;;MEDICO;CIR;HOSPITAL IPTK CAMARGO ESQ ARCE;SUCRE;73429636;;B;SEM 1 MAR PM;Do2316;25;False;CHU OCTAVIA CRUZ KARDEX SEP 2026.xlsx
OCTAVIA CRUZ;EDWIN SUBIRANA;;MEDICO;GIN;HOSPITAL DE LA MUJER;SUCRE;no proporciono;;C;SEM 2 MAR AM;Do1327;98;False;CHU OCTAVIA CRUZ KARDEX SEP 2026.xlsx
OCTAVIA CRUZ;EFRAIN RAMOS NINA;;MEDICO;CIR;ICO ARENALES ESQ. RENE MORENO;SUCRE;77901436;;B;SEM 2 LUN AM;Do4714;83;True;CHU OCTAVIA CRUZ KARDEX SEP 2026.xlsx
OCTAVIA CRUZ;ELMER YUCRA;M;MEDICO;END;EDIF CAPITAL DESTACAMENTO 111 ENTRE AYACUCHO Y OLAÑETA;SUCRE;70339312;;B;SEM 3 MIE PM;;189;False;CHU OCTAVIA CRUZ KARDEX SEP 2026.xlsx
OCTAVIA CRUZ;ELVER MARTINEZ;;MEDICO;TRAU;RENE MORENO ESQ  OLAÑETA;SUCRE;67642915;;B;SEM 2 MAR PM;Do243;104;False;CHU OCTAVIA CRUZ KARDEX SEP 2026.xlsx
OCTAVIA CRUZ;ENRIQUE DIAZ;M;MEDICO;MIN;EDIF LUCIA, PRIMER PISO;SUCRE;76100118;;C;SEM 1 LUN AM;Do1895*;2;True;CHU OCTAVIA CRUZ KARDEX SEP 2026.xlsx
OCTAVIA CRUZ;ERNESTO CABRERA;M;MEDICO;MIN;CAMARGO #421 ENTRE ESPAÑA Y BOLIVAR;SUCRE;70326838;;B;SEM 1 JUE PM;Do1091;62;False;CHU OCTAVIA CRUZ KARDEX SEP 2026.xlsx
OCTAVIA CRUZ;FABIOLA CACERES;F;MEDICO;DER;LOA ESQ AYACUCHO;SUCRE;75771009;;C;SEM 2 MIE PM;Do1647*;121;True;CHU OCTAVIA CRUZ KARDEX SEP 2026.xlsx
OCTAVIA CRUZ;FABIOLA PORCEL;F;MEDICO;GIN;CRISTO DE LAS AMERICAS, AV JAPON;SUCRE;75764889;;B;SEM 3 JUE AM;;196;False;CHU OCTAVIA CRUZ KARDEX SEP 2026.xlsx
OCTAVIA CRUZ;FERNANDO AYLLON;M;MEDICO;PED;LA PAZ ENTRE LOA Y JUNIN;SUCRE;75462225;;B;SEM 3 JUE PM;;209;False;CHU OCTAVIA CRUZ KARDEX SEP 2026.xlsx
OCTAVIA CRUZ;FERNANDO CARRANZA;M;MEDICO;GIN;HOSPITAL DE LA MUJER;SUCRE;no proporciono;;C;SEM 2 MAR PM;Do1438;100;False;CHU OCTAVIA CRUZ KARDEX SEP 2026.xlsx
OCTAVIA CRUZ;FERNANDO RUIZ;M;MEDICO;PED;EDIFICIO CHARCAS;SUCRE;77876152;;B;SEM 1 VIE PM;Do1759;74;False;CHU OCTAVIA CRUZ KARDEX SEP 2026.xlsx
OCTAVIA CRUZ;FRANCO ZARATE;M;MEDICO;M.GEN;LA PAZ  ESQ. J.PEREZ;SUCRE;72425025;;C;SEM 1 MIE PM;Do3227;46;True;CHU OCTAVIA CRUZ KARDEX SEP 2026.xlsx
OCTAVIA CRUZ;FRANZ PARDO;M;MEDICO;CIR;CIES AV. VENEZUELA ESQ PILINCO;SUCRE;70311205;;B;SEM 2 LUN AM;Do3446;80;True;CHU OCTAVIA CRUZ KARDEX SEP 2026.xlsx
OCTAVIA CRUZ;GABRIELA ANDRADE;F;MEDICO;CIR.PL;HOSPITAL SANTA BARBARA;SUCRE;75761400;;C;SEM 4 MIE AM;;259;False;CHU OCTAVIA CRUZ KARDEX SEP 2026.xlsx
OCTAVIA CRUZ;GARY HUGO CORNEJO;;MEDICO;CIR;GBJ CONSULTORIOS;SUCRE;72427158;;C;SEM 1 MAR AM;Do839;18;True;CHU OCTAVIA CRUZ KARDEX SEP 2026.xlsx
OCTAVIA CRUZ;GASTON NAVARRO;;MEDICO;URO;UROSALUD JUNIN 569;SUCRE;71161182;;B;SEM 1 MIE PM;Do3899;44;True;CHU OCTAVIA CRUZ KARDEX SEP 2026.xlsx
OCTAVIA CRUZ;GILDA ESTRADA;F;MEDICO;MIN;HOSPITAL IPTK CAMARGO ESQ ARCE;SUCRE;75790533;;C;SEM 1 VIE PM;Do3028;70;True;CHU OCTAVIA CRUZ KARDEX SEP 2026.xlsx
OCTAVIA CRUZ;GLADYS ZARATE;F;MEDICO;DER;TARAPACA  ESQ CALVO;SUCRE;73405459;;C;SEM 2 LUN PM;Do4214;90;False;CHU OCTAVIA CRUZ KARDEX SEP 2026.xlsx
OCTAVIA CRUZ;GONZALO VIRREIRA;M;MEDICO;GIN;HOSPITAL DE LA MUJER;SUCRE;77111211;;C;SEM 2 MAR AM;Do4456;96;True;CHU OCTAVIA CRUZ KARDEX SEP 2026.xlsx
OCTAVIA CRUZ;GRACIELA SALINAS;F;MEDICO;GAS;EDIF CAPITAL EDIF CAPITAL DESTACAMENTO 111 ENTRE AYACUCHO Y OLAÑETA;SUCRE;73430603;;C;SEM 4 LUN PM;;239;False;CHU OCTAVIA CRUZ KARDEX SEP 2026.xlsx
OCTAVIA CRUZ;GRETA MONTERO;;MEDICO;GIN;HOSPITAL IPTK CAMARGO ESQ ARCE;SUCRE;74429802;;B;SEM 1 MIE PM;Do180*;43;True;CHU OCTAVIA CRUZ KARDEX SEP 2026.xlsx
OCTAVIA CRUZ;GRISELDA ALVAREZ;;MEDICO;PED;CRISTO DE LAS AMERICAS, AV JAPON;SUCRE;;;C;SEM 4 LUN AM;;228;False;CHU OCTAVIA CRUZ KARDEX SEP 2026.xlsx
OCTAVIA CRUZ;GROVER QUICHU;;MEDICO;GIN;HOSP LUIS ESPINAL;SUCRE;67612997;;C;SEM 4 VIE AM;;289;;CHU OCTAVIA CRUZ KARDEX SEP 2026.xlsx
OCTAVIA CRUZ;GUIDO ZARATE;M;MEDICO;CAR;TARAPACA ESQ CALVO;SUCRE;71163799;;C;SEM 2 LUN PM;Do933;89;False;CHU OCTAVIA CRUZ KARDEX SEP 2026.xlsx
OCTAVIA CRUZ;GUILLERMO VILLCA;;MEDICO;MIN;CAJA BANCARIA ESTATAL DE SALUD;SUCRE;72896846;;C;SEM 3 JUE AM;;197;False;CHU OCTAVIA CRUZ KARDEX SEP 2026.xlsx
OCTAVIA CRUZ;HAYDEE MIRANDA;;MEDICO;PED;CRISTO DE LAS AMERICAS AV JAPON;SUCRE;60454036;;C;SEM 4 VIE PM;;297;;CHU OCTAVIA CRUZ KARDEX SEP 2026.xlsx
OCTAVIA CRUZ;HUGO LEYTON RIVERA;M;MEDICO;HEM;INTEGRAMEDIC, CALLE UYUNI 165;SUCRE;69670769;;C;SEM 3 LUN PM;Do2814*;166;False;CHU OCTAVIA CRUZ KARDEX SEP 2026.xlsx
OCTAVIA CRUZ;IGNACIO ARCIENEGA;M;MEDICO;HEM;HOSPITAL SANTA BARBARA;SUCRE;69675724;;C;SEM 1 LUN PM;Do1586;11;True;CHU OCTAVIA CRUZ KARDEX SEP 2026.xlsx
OCTAVIA CRUZ;IGOR SOBRINHO;M;MEDICO;CIR;INSTITUCION LLAMADA WHATSAPP;SUCRE;78334025;;B;;;;;CHU OCTAVIA CRUZ KARDEX SEP 2026.xlsx
OCTAVIA CRUZ;ILSEN TORRES;;MEDICO;END;HOSPITAL JAIME MENDOZA;SUCRE;68635605;;B;SEM 2 JUE PM;Do3;132;True;CHU OCTAVIA CRUZ KARDEX SEP 2026.xlsx
OCTAVIA CRUZ;IRAN MONTA MENDOZA;;MEDICO;NEF;HSB HOSPITAL SANTA BARBARA;SUCRE;63362324;;C;SEM 1 MIE AM;Do380;37;False;CHU OCTAVIA CRUZ KARDEX SEP 2026.xlsx
OCTAVIA CRUZ;IRENE RAMIREZ;;MEDICO;GIN;CLINICA CAMINO REAL;SUCRE;73439294;;B;SEM 2 VIE PM;Do2589;152;False;CHU OCTAVIA CRUZ KARDEX SEP 2026.xlsx
OCTAVIA CRUZ;ISABEL HUAYGUA;F;MEDICO;GIN;ICO ARENALES ESQ. RENE MORENO;SUCRE;73402251;;B;SEM 1 MIE AM;Do3590;31;True;CHU OCTAVIA CRUZ KARDEX SEP 2026.xlsx
OCTAVIA CRUZ;ISRAEL YUCRA;;MEDICO;CAR;HOSPITAL IPTK CAMARGO ESQ ARCE;SUCRE;74157603;;C;SEM 1 LUN AM;Do4301;5;True;CHU OCTAVIA CRUZ KARDEX SEP 2026.xlsx
OCTAVIA CRUZ;JAIME LEDEZMA;M;MEDICO;URO;ESTUDIANTES ENTRE JUNIN Y ARCE;SUCRE;75760977;;C;SEM 1 MIE PM;Do814;45;True;CHU OCTAVIA CRUZ KARDEX SEP 2026.xlsx
OCTAVIA CRUZ;JAMIL JADUE;;MEDICO;URO;J.PEREZ ENTRE LA PAZ Y COLON;SUCRE;;;B;SEM 4 MAR AM;;246;False;CHU OCTAVIA CRUZ KARDEX SEP 2026.xlsx
OCTAVIA CRUZ;JEAN CARLA RAMIREZ;;MEDICO;GAS;GBJ CONSULTORIOS;SUCRE;75918568;;A;SEM 1 JUE AM;Do2436*;48;True;CHU OCTAVIA CRUZ KARDEX SEP 2026.xlsx
OCTAVIA CRUZ;JENNY MONTELLANO;F;MEDICO;PED;HOSPITAL DE LA MUJER;SUCRE;72887048;;C;SEM 2 JUE AM;Do1677;127;True;CHU OCTAVIA CRUZ KARDEX SEP 2026.xlsx
OCTAVIA CRUZ;JHANET ROJAS;;MEDICO;ONC;CUPERTINO PLANTA BAJA;SUCRE;72884482;;C;SEM 1 LUN PM;Do4906;16;True;CHU OCTAVIA CRUZ KARDEX SEP 2026.xlsx
OCTAVIA CRUZ;JHOEL VARGAS;;MEDICO;GENE;HOSPITAL DE LA MUJER;SUCRE;73045168;;B;SEM 2 MAR PM;Do2521;99;True;CHU OCTAVIA CRUZ KARDEX SEP 2026.xlsx
OCTAVIA CRUZ;JHONNY LEON JULIAN;;MEDICO;M.GEN;CRISTO DE LAS AMERICAS, AV JAPON;SUCRE;68655842;;B;SEM 4 MAR PM;;255;False;CHU OCTAVIA CRUZ KARDEX SEP 2026.xlsx
OCTAVIA CRUZ;JHOSELINE PORTANDA;;MEDICO;GAS;GBJ CONSULTORIOS;SUCRE;75918568;;C;SEM 1 VIE AM;Do3173;69;True;CHU OCTAVIA CRUZ KARDEX SEP 2026.xlsx
OCTAVIA CRUZ;JIMENA LESCANO;F;MEDICO;GIN;SERCAMEDIC PASTOR SAINZ 305;SUCRE;72860349;;B;SEM 3 MIE PM;;191;False;CHU OCTAVIA CRUZ KARDEX SEP 2026.xlsx
OCTAVIA CRUZ;JIMMY VARGAS;;MEDICO;GAS;DESTACAMENTO 111 ESQ AYACUCTO;SUCRE;72899219;;C;SEM 4 MIE AM;;261;False;CHU OCTAVIA CRUZ KARDEX SEP 2026.xlsx
OCTAVIA CRUZ;JOHNNY COILA FERNANDEZ;;MEDICO;GER;HOSPITAL SANTA BARBARA;SUCRE;77116585;;C;SEM 1 MIE AM;Do1289;33;False;CHU OCTAVIA CRUZ KARDEX SEP 2026.xlsx
OCTAVIA CRUZ;JORGE BARRERA;M;MEDICO;CIR;SERCAMEDIC PASTOR SAINZ 305;SUCRE;72867819;;C;SEM 1 JUE AM;Do4153;51;True;CHU OCTAVIA CRUZ KARDEX SEP 2026.xlsx
OCTAVIA CRUZ;JORGE PRUDENCIO;M;MEDICO;CIR;HOSPITAL JAIME MENDOZA;SUCRE;72851876;;B;SEM 3 JUE PM;;204;False;CHU OCTAVIA CRUZ KARDEX SEP 2026.xlsx
OCTAVIA CRUZ;JORGE SILES E.;M;MEDICO;EMER;CLINICA ANGELES;SUCRE;76477500;;C;SEM 2 MIE AM;Do203;108;False;CHU OCTAVIA CRUZ KARDEX SEP 2026.xlsx
OCTAVIA CRUZ;JOSE LUIS CHAVARRIA;M;MEDICO;PED;PADILLA ENTRE GRAU Y DALENCE;SUCRE;71162079;;B;SEM 1 LUN AM;Do2413;7;True;CHU OCTAVIA CRUZ KARDEX SEP 2026.xlsx
OCTAVIA CRUZ;JOSE REYNALDO QUINTANILLA;M;MEDICO;GER;AV. MARCELO QUIROGA SANTA CRUZ, ROTONDA ROTARY;SUCRE;76126105;;C;SEM 3 MAR AM;;173;False;CHU OCTAVIA CRUZ KARDEX SEP 2026.xlsx
OCTAVIA CRUZ;JOSE ROSSO GUTIERREZ;M;MEDICO;GIN;HOSPITAL DE LA MUJER;SUCRE;70331628;;C;SEM 2 MAR AM;Do4442;95;True;CHU OCTAVIA CRUZ KARDEX SEP 2026.xlsx
OCTAVIA CRUZ;JUAN C. BERRIOS ESPINDOLA;M;MEDICO;MIN;JUNIN 1150;SUCRE;69586669;;C;SEM 3 JUE PM;;208;False;CHU OCTAVIA CRUZ KARDEX SEP 2026.xlsx
OCTAVIA CRUZ;JUAN MANUEL POZO;M;MEDICO;MIN;HOSPITAL SANTA BARBARA;SUCRE;73473705;;C;SEM 1 LUN PM;Do3852;10;True;CHU OCTAVIA CRUZ KARDEX SEP 2026.xlsx
OCTAVIA CRUZ;JUAN PABLO ESCALIER;M;MEDICO;NEU;EDIF ARCANGEL SEGUNDO PISO;SUCRE;73400276;;B;SEM 2 MAR PM;Do4799;105;True;CHU OCTAVIA CRUZ KARDEX SEP 2026.xlsx
OCTAVIA CRUZ;JUAN PABLO MAMANI;M;MEDICO;GIN;CIES AV. VENEZUELA ESQ PILINCO;SUCRE;67616502;;B;SEM 1 VIE PM;Do1265;73;False;CHU OCTAVIA CRUZ KARDEX SEP 2026.xlsx
OCTAVIA CRUZ;JUDITH RAMIREZ;F;MEDICO;GER;HOSPITAL SANTA BARBARA;SUCRE;73448001;;C;SEM 3 LUN AM;Do764;157;False;CHU OCTAVIA CRUZ KARDEX SEP 2026.xlsx
OCTAVIA CRUZ;JULIA MORA;;MEDICO;PED;CENTINELA ARENALES ENTRE LOA Y DESTACAMENTO 111;SUCRE;72867482;;C;SEM 3 MIE AM;;181;False;CHU OCTAVIA CRUZ KARDEX SEP 2026.xlsx
OCTAVIA CRUZ;JULIO MARTINEZ ARROYO;M;MEDICO;UTI;CLINICA LOS ANGELES AV. CHUQUISACA;SUCRE;67605188;;A;SEM 1 JUE AM;Do3028;49;True;CHU OCTAVIA CRUZ KARDEX SEP 2026.xlsx
OCTAVIA CRUZ;KAREN ARCE;F;MEDICO;DER;MEDISUR DESTACAMENTO 111 ESQ ARENALES;SUCRE;75435217;;C;SEM 4 LUN PM;;238;False;CHU OCTAVIA CRUZ KARDEX SEP 2026.xlsx
OCTAVIA CRUZ;KARINA ESTEVEZ;F;MEDICO;GIN;EL VILLAR ESQ COLON;SUCRE;63747834;;A;SEM 2 JUE PM;Do1726;130;True;CHU OCTAVIA CRUZ KARDEX SEP 2026.xlsx
OCTAVIA CRUZ;KARINA GUMIEL;F;MEDICO;PED;CIES AV. VENEZUELA ESQ PILINCO;SUCRE;70793184;;C;SEM 2 LUN AM;Do556*;77;True;CHU OCTAVIA CRUZ KARDEX SEP 2026.xlsx
OCTAVIA CRUZ;KARINA VEDIA LENIS;F;MEDICO;ESTE;SERCAMEDIC PASTOR SAINZ 305;SUCRE;73423937;;C;SEM 2 VIE AM;Do1904;145;True;CHU OCTAVIA CRUZ KARDEX SEP 2026.xlsx
OCTAVIA CRUZ;KARLA RAMOS;F;MEDICO;GEN;CIES AV. VENEZUELA ESQ PILINCO;SUCRE;75730316;;B;SEM 4 MAR AM;;244;False;CHU OCTAVIA CRUZ KARDEX SEP 2026.xlsx
OCTAVIA CRUZ;KATERINE YAÑEZ;;MEDICO;GAS;GBJ CONSULTORIOS;SUCRE;79312949;;C;SEM 3 MIE AM;;185;False;CHU OCTAVIA CRUZ KARDEX SEP 2026.xlsx
OCTAVIA CRUZ;KAWSAY PUJYUJ;;MEDICO;LAB;EMILIO HOCHMAN 240;SUCRE;63756875;;C;SEM 2 VIE PM;Do1558;146;False;CHU OCTAVIA CRUZ KARDEX SEP 2026.xlsx
OCTAVIA CRUZ;KEVIN ALMAZAN;M;MEDICO;UTI;HJM MEDICINA INTERNA;SUCRE;72995968;;B;SEM 1 JUE AM;Do214;53;False;CHU OCTAVIA CRUZ KARDEX SEP 2026.xlsx
OCTAVIA CRUZ;LEIDY TEJERINA;;MEDICO;END;CAJA PETROLERA ESQ COBIJA;SUCRE;72896005;;C;SEM 1 JUE PM;Do1608;55;True;CHU OCTAVIA CRUZ KARDEX SEP 2026.xlsx
OCTAVIA CRUZ;LESLY QUIROGA;;MEDICO;PED;C.S. JUANA AZURDUY;SUCRE;69744112;;B;SEM 4 JUE AM;;275;False;CHU OCTAVIA CRUZ KARDEX SEP 2026.xlsx
OCTAVIA CRUZ;LETICIA HUMEREZ;F;MEDICO;POD;PILINCO ESQ AV VENEZUELA;SUCRE;74284846;;C;SEM 2 VIE AM;Do1384;144;False;CHU OCTAVIA CRUZ KARDEX SEP 2026.xlsx
OCTAVIA CRUZ;LILIAN TORRES;F;MEDICO;GIN;CENTINELA ARENALES ENTRE LOA Y DESTACAMENTO 111;SUCRE;72880491;;C;SEM 2 VIE AM;Do1152;141;False;CHU OCTAVIA CRUZ KARDEX SEP 2026.xlsx
OCTAVIA CRUZ;LILIANA ALAVI;F;MEDICO;PED;HOSPITAL JAIME MENDOZA;SUCRE;74453373;;C;SEM 4 MIE PM;;265;False;CHU OCTAVIA CRUZ KARDEX SEP 2026.xlsx
OCTAVIA CRUZ;LITZI ANDRADE;;MEDICO;ONC;CUPERTINO PLANTA BAJA;SUCRE;78682222;;C;SEM 1 LUN PM;Do3848;9;True;CHU OCTAVIA CRUZ KARDEX SEP 2026.xlsx
OCTAVIA CRUZ;LORENA MEDINA;F;MEDICO;CIR;ICO ARENALES ESQ. RENE MORENO;SUCRE;77110991;;C;SEM 4 MIE AM;;257;False;CHU OCTAVIA CRUZ KARDEX SEP 2026.xlsx
OCTAVIA CRUZ;LUCIANA ARANDIA;F;MEDICO;DER;PSICOPEDAGOGICO AV JAPON #1;SUCRE;75799681;;B;SEM 1 MAR AM;Do3545;20;False;CHU OCTAVIA CRUZ KARDEX SEP 2026.xlsx
OCTAVIA CRUZ;LUCY GABRIELA BERMUDEZ;;MEDICO;GIN;COLON 526;SUCRE;77112204;;A;SEM 4 VIE PM;;294;;CHU OCTAVIA CRUZ KARDEX SEP 2026.xlsx
OCTAVIA CRUZ;LUIS FERNANDO CARO APARICIO;M;MEDICO;CIR;MULTIMEDICAL;SUCRE;63494457;;C;SEM 4 VIE PM;;299;;CHU OCTAVIA CRUZ KARDEX SEP 2026.xlsx
OCTAVIA CRUZ;M. FERNANDA SIÑANI;F;MEDICO;PED;PADILLA ENTRE GRAU Y DALENCE;SUCRE;73466815;;A;;;;;CHU OCTAVIA CRUZ KARDEX SEP 2026.xlsx
OCTAVIA CRUZ;MARCELO RIOS;M;MEDICO;PED;HOSP DEL NIÑO;SUCRE;70313225;;C;SEM 3 VIE AM;;216;False;CHU OCTAVIA CRUZ KARDEX SEP 2026.xlsx
OCTAVIA CRUZ;MARIA GISEL  AVENDAÑO;F;MEDICO;GIN;HOSPITAL IPTK CAMARGO ESQ ARCE;SUCRE;74426574;;A;SEM 4 MIE PM;;269;False;CHU OCTAVIA CRUZ KARDEX SEP 2026.xlsx
OCTAVIA CRUZ;MARIA LUCY REYNOLDS;F;MEDICO;PED;CENTINELA ARENALES ENTRE LOA Y DESTACAMENTO 111;SUCRE;67621393;;C;SEM 2 VIE AM;Do1627;143;True;CHU OCTAVIA CRUZ KARDEX SEP 2026.xlsx
OCTAVIA CRUZ;MARIA RENE  OROPEZA;F;MEDICO;DER;CENTINELA ARENALES ENTRE LOA Y DESTACAMENTO 111;SUCRE;76120268;;C;SEM 2 VIE AM;Do4831;142;True;CHU OCTAVIA CRUZ KARDEX SEP 2026.xlsx
OCTAVIA CRUZ;MARIA VICTORIA CABEZAS;F;MEDICO;GAS;HOSP CHUQUISACA;SUCRE;72881108;;A;SEM 3 VIE PM;;225;False;CHU OCTAVIA CRUZ KARDEX SEP 2026.xlsx
OCTAVIA CRUZ;MARIANELA CHOQUE;F;MEDICO;GAS;HOSP CRISTO DE LAS AMERICAS AV JAPON;SUCRE;77480001;;B;SEM 1 MAR AM;Do1467*;22;True;CHU OCTAVIA CRUZ KARDEX SEP 2026.xlsx
OCTAVIA CRUZ;MARIBEL MOLLO;;MEDICO;CAR;GBJ CONSULTORIOS;SUCRE;72381287;;C;SEM 1 MAR AM;Do835;17;False;CHU OCTAVIA CRUZ KARDEX SEP 2026.xlsx
OCTAVIA CRUZ;MARIBEL SERRUDO;;MEDICO;MIN;HOSPITAL DE LA MUJER;SUCRE;72896407;;C;SEM 2 MAR AM;Do4441;94;False;CHU OCTAVIA CRUZ KARDEX SEP 2026.xlsx
OCTAVIA CRUZ;MARIEL POVEDA;;MEDICO;NUTRI;CIES AV. VENEZUELA ESQ PILINCO;SUCRE;75999001;;C;SEM 1 MAR PM;Do59;27;False;CHU OCTAVIA CRUZ KARDEX SEP 2026.xlsx
OCTAVIA CRUZ;MARIELA ARANCIBIA;F;MEDICO;PSI;HOSPITAL IPTK CAMARGO ESQ ARCE;SUCRE;73412122;;C;SEM 1 MIE PM;Do180;42;False;CHU OCTAVIA CRUZ KARDEX SEP 2026.xlsx
OCTAVIA CRUZ;MARIELA CORONADO;F;MEDICO;REU;HOSP DEL NIÑO;SUCRE;73411024;;C;SEM 3 VIE AM;;218;False;CHU OCTAVIA CRUZ KARDEX SEP 2026.xlsx
OCTAVIA CRUZ;MARILUZ HERRERA;;MEDICO;MIN;GBJ CONSULTORIOS;SUCRE;73473485;;B;SEM 2 JUE AM;Do895;125;False;CHU OCTAVIA CRUZ KARDEX SEP 2026.xlsx
OCTAVIA CRUZ;MARILYN MARZANA;;MEDICO;PED;CAJA SALUD BANCA PRIVADA;SUCRE;75456307;;C;SEM 4 LUN PM;;235;False;CHU OCTAVIA CRUZ KARDEX SEP 2026.xlsx
OCTAVIA CRUZ;MARINA CHIPANA;;MEDICO;MIN;CRISTO DE LAS AMERICAS, AV JAPON;SUCRE;76124597;;A;SEM 4 MAR PM;;249;False;CHU OCTAVIA CRUZ KARDEX SEP 2026.xlsx
OCTAVIA CRUZ;MARLENE CHOQUE;F;MEDICO;GIN;CLINICA ANGELES;SUCRE;72424212;;C;SEM 2 MIE AM;Do3837;109;True;CHU OCTAVIA CRUZ KARDEX SEP 2026.xlsx
OCTAVIA CRUZ;MARLENE CONDORI SOTO;F;MEDICO;GIN;COLON ESQ PASTOR SAINZ;SUCRE;74424404;;B;SEM 3 MIE AM;;187;False;CHU OCTAVIA CRUZ KARDEX SEP 2026.xlsx
OCTAVIA CRUZ;MARLENY RAMIREZ;;MEDICO;GIN;BIOMED, LEMOINE #13;SUCRE;71933753;;A;SEM 3 MAR AM;;172;False;CHU OCTAVIA CRUZ KARDEX SEP 2026.xlsx
OCTAVIA CRUZ;MARYLIN PARRA MARTINEZ;;MEDICO;REU;HOSPITAL JAIME MENDOZA;SUCRE;69669539;;B;SEM 2 JUE PM;Do2100;133;False;CHU OCTAVIA CRUZ KARDEX SEP 2026.xlsx
OCTAVIA CRUZ;MAURICIO CAMPERO;M;MEDICO;CIR;CIES AV. VENEZUELA ESQ PILINCO;SUCRE;68665686;;B;SEM 4 VIE PM;;296;;CHU OCTAVIA CRUZ KARDEX SEP 2026.xlsx
OCTAVIA CRUZ;MAURICIO ESPADA;M;MEDICO;CAR;INTEGRAMEDIC UYUNI 165;SUCRE;76117791;;B;SEM 4 JUE PM;;279;False;CHU OCTAVIA CRUZ KARDEX SEP 2026.xlsx
OCTAVIA CRUZ;MELISSA TARDIO;;MEDICO;PED;SERCAMEDIC PASTOR SAINZ 305;SUCRE;73461687;;C;SEM 3 MAR AM;;176;False;CHU OCTAVIA CRUZ KARDEX SEP 2026.xlsx
OCTAVIA CRUZ;MELVA HUARITA;;MEDICO;POD;SERCAMEDIC PASTOR SAINZ 305;SUCRE;63734914;;A;SEM 3 MIE PM;;192;False;CHU OCTAVIA CRUZ KARDEX SEP 2026.xlsx
OCTAVIA CRUZ;MELVIN TABOADA;;MEDICO;URO;CIES AV. VENEZUELA ESQ PILINCO;SUCRE;75796079;;C;SEM 2 LUN AM;Do1353;79;False;CHU OCTAVIA CRUZ KARDEX SEP 2026.xlsx
OCTAVIA CRUZ;MERCEDES BALDIVIEZO;;MEDICO;MAX;RICARDO BACHERER 50 PLAZUELA DE LAS HEROINAS;SUCRE;75446020;;C;SEM 2 VIE PM;Do320;150;False;CHU OCTAVIA CRUZ KARDEX SEP 2026.xlsx
OCTAVIA CRUZ;MIGUEL HERRERA;M;MEDICO;NER;URRIOLAGOITIA ESQ AYACUCHO;SUCRE;;;B;;;;;CHU OCTAVIA CRUZ KARDEX SEP 2026.xlsx
OCTAVIA CRUZ;MIGUEL PEREZ;M;MEDICO;GIN;C.S. JUANA AZURDUY;SUCRE;70329614;;C;SEM 4 JUE AM;;274;False;CHU OCTAVIA CRUZ KARDEX SEP 2026.xlsx
OCTAVIA CRUZ;MIRIAM FLORES BOBARIN;;MEDICO;ONC;CUPERTINO PLANTA BAJA;SUCRE;76162852;;A;SEM 1 LUN AM;Do1895;1;False;CHU OCTAVIA CRUZ KARDEX SEP 2026.xlsx
OCTAVIA CRUZ;MIRKO CABRERA;;MEDICO;GAS;GASTROSUR CALLE UYUNI #165;SUCRE;72873693;;B;SEM 2 JUE AM;Do1985;128;True;CHU OCTAVIA CRUZ KARDEX SEP 2026.xlsx
OCTAVIA CRUZ;MOISES LOAYZA;;MEDICO;CIR;CRISTO DE LAS AMERICAS, AV JAPON;SUCRE;70470257;;B;SEM 4 MAR PM;;248;False;CHU OCTAVIA CRUZ KARDEX SEP 2026.xlsx
OCTAVIA CRUZ;MONICA DELGADILLO;F;MEDICO;PED;HOSP UNIVERSITARIO;SUCRE;73462399;;B;SEM 3 VIE AM;;213;False;CHU OCTAVIA CRUZ KARDEX SEP 2026.xlsx
OCTAVIA CRUZ;MONICA PRUDENCIO;F;MEDICO;CIR;EL VILLAR ESQ COLON;SUCRE;72886422;;C;SEM 4 MAR PM;;252;False;CHU OCTAVIA CRUZ KARDEX SEP 2026.xlsx
OCTAVIA CRUZ;NATALIA LLUEN;F;MEDICO;CAR;CARDIONIÑOS, URRIOLAGOITIA ESQ OLAÑETA;SUCRE;73477001;;B;SEM 3 MIE PM;;193;False;CHU OCTAVIA CRUZ KARDEX SEP 2026.xlsx
OCTAVIA CRUZ;NELSON PANOZO;M;MEDICO;MAXILO;RICARDO BARECHER 50, PLAZUELA DE LAS HEROINAS;SUCRE;79977245;;C;SEM 2 VIE PM;Do1956;153;False;CHU OCTAVIA CRUZ KARDEX SEP 2026.xlsx
OCTAVIA CRUZ;NOEMI PINTO S.;;MEDICO;GAS;GBJ;SUCRE;67948905;;C;;;;;CHU OCTAVIA CRUZ KARDEX SEP 2026.xlsx
OCTAVIA CRUZ;NOHELIA PRIETO;;MEDICO;DER;HOSPITAL IPTK CAMARGO ESQ ARCE;SUCRE;75786464;;B;SEM 1 MAR PM;Do305;29;False;CHU OCTAVIA CRUZ KARDEX SEP 2026.xlsx
OCTAVIA CRUZ;NORMA SAAVEDRA;F;MEDICO;DER;HOSPITAL IPTK CAMARGO ESQ ARCE;SUCRE;71177785;;C;SEM 1 VIE PM;Do1271;71;False;CHU OCTAVIA CRUZ KARDEX SEP 2026.xlsx
OCTAVIA CRUZ;ODED SAIQUE IGNACIO;;MEDICO;ODON;OSTRIA GUTIÉRREZ;SUCRE;70793184;;C;SEM 1 VIE PM;Do556;76;False;CHU OCTAVIA CRUZ KARDEX SEP 2026.xlsx
OCTAVIA CRUZ;OLGA GUZMAN;F;MEDICO;GEN;CRISTO DE LAS AMERICAS AV JAPON;SUCRE;72892794;;B;SEM 2 MIE AM;Do551;113;False;CHU OCTAVIA CRUZ KARDEX SEP 2026.xlsx
OCTAVIA CRUZ;ORLANDO ESPADA;M;MEDICO;GER;HSB CONSULTORIOS;SUCRE;73401214;;C;SEM 2 MIE AM;Do3779;111;True;CHU OCTAVIA CRUZ KARDEX SEP 2026.xlsx
OCTAVIA CRUZ;OSCAR LORA SIÑANI;;MEDICO;GIN;MEDISUR DESTACAMENTO 111 ESQ ARENALES;SUCRE;73422832;;B;SEM 4 LUN PM;;237;False;CHU OCTAVIA CRUZ KARDEX SEP 2026.xlsx
OCTAVIA CRUZ;OSHIN RODRIGUEZ;;MEDICO;END;POLICLINICO SUCRE;SUCRE;63736622;;C;SEM 2 VIE AM;Do4966;140;True;CHU OCTAVIA CRUZ KARDEX SEP 2026.xlsx
OCTAVIA CRUZ;PABLO BERDECIO;M;MEDICO;URO;MEDISOL CALLE COLOMBIA;SUCRE;77120548;;C;SEM 1 JUE PM;Do4299;60;True;CHU OCTAVIA CRUZ KARDEX SEP 2026.xlsx
OCTAVIA CRUZ;PABLO CESAR YAMPA VARGAS;M;MEDICO;CIR;GBJ CONSULTORIOS;SUCRE;72884425;;B;SEM 3 JUE AM;;201;False;CHU OCTAVIA CRUZ KARDEX SEP 2026.xlsx
OCTAVIA CRUZ;PABLO MARTINEZ;M;MEDICO;CIR;HOSPITAL SANTA BARBARA;SUCRE;71164707;;C;SEM 2 LUN PM;Do1676*;86;True;CHU OCTAVIA CRUZ KARDEX SEP 2026.xlsx
OCTAVIA CRUZ;PAMELA SAAVEDRA;F;MEDICO;GIN;CENTRO MEDICO RENACER;SUCRE;68634911;;C;SEM 2 JUE PM;Do1542*;136;False;CHU OCTAVIA CRUZ KARDEX SEP 2026.xlsx
OCTAVIA CRUZ;PAOLA BAREA;F;MEDICO;GIN;CENTINELA ARENALES ENTRE LOA Y DESTACAMENTO 111;SUCRE;69681536;;B;SEM 1 MIE AM;Do1987;36;False;CHU OCTAVIA CRUZ KARDEX SEP 2026.xlsx
OCTAVIA CRUZ;PAOLA FUERTES;F;MEDICO;ONC;ICO ARENALES ESQ. RENE MORENO;SUCRE;71021728;;B;SEM 3 LUN AM;Do2957;156;False;CHU OCTAVIA CRUZ KARDEX SEP 2026.xlsx
OCTAVIA CRUZ;PAOLA REYES FARFAN;F;MEDICO;GIN;EDIF CAPITAL DESTACAMENTO 111 ENTRE AYACUCHO Y OLAÑETA;SUCRE;75781018;;C;SEM 2 MIE PM;Do1647;120;False;CHU OCTAVIA CRUZ KARDEX SEP 2026.xlsx
OCTAVIA CRUZ;PAOLA SOSA TORRES;F;MEDICO;GIN;SSUE COLON ESQ RENE MORENO;SUCRE;72871769;;C;SEM 4 VIE AM;;291;;CHU OCTAVIA CRUZ KARDEX SEP 2026.xlsx
OCTAVIA CRUZ;PATRICIA CACERES;F;MEDICO;ODO;HOSPITAL IPTK CAMARGO ESQ ARCE;SUCRE;75442069;;C;SEM 1 LUN AM;Do207;6;False;CHU OCTAVIA CRUZ KARDEX SEP 2026.xlsx
OCTAVIA CRUZ;PATRICIA LOAYZA;F;MEDICO;ONC;EDIF CAPITAL DESTACAMENTO 111 ENTRE AYACUCHO Y OLAÑETA;SUCRE;73422686;;C;SEM 2 MAR PM;Do846;106;True;CHU OCTAVIA CRUZ KARDEX SEP 2026.xlsx
OCTAVIA CRUZ;RAQUEL FERNANDEZ;F;MEDICO;ALER;EDIF CAPITAL DESTACAMENTO 111 ENTRE AYACUCHO Y OLAÑETA;SUCRE;69683542;;C;SEM 3 LUN PM;Do2030;160;True;CHU OCTAVIA CRUZ KARDEX SEP 2026.xlsx
OCTAVIA CRUZ;RAUL MARTINEZ;M;MEDICO;GEN;HOSPITAL IPTK CAMARGO ESQ ARCE;SUCRE;72888959;;C;SEM 1 LUN AM;Do2494*;4;True;CHU OCTAVIA CRUZ KARDEX SEP 2026.xlsx
OCTAVIA CRUZ;RAUL TACA;M;MEDICO;GIN;HOSPITAL DE LA MUJER;SUCRE;73415082;;C;SEM 2 MAR PM;Do909;101;False;CHU OCTAVIA CRUZ KARDEX SEP 2026.xlsx
OCTAVIA CRUZ;REMY E. VELASQUEZ TORREZ;;MEDICO;ESTE;FINAL COLON ESQ. UYUNI;SUCRE;67876302;;C;SEM 1 MAR PM;Do1790;30;False;CHU OCTAVIA CRUZ KARDEX SEP 2026.xlsx
OCTAVIA CRUZ;REYNA LOPEZ;;MEDICO;GIN;TARAPACA ESQ RAVELO;SUCRE;74432047;;C;SEM 2 MIE PM;Do1349;118;False;CHU OCTAVIA CRUZ KARDEX SEP 2026.xlsx
OCTAVIA CRUZ;RICARDO LEDEZMA;M;MEDICO;URO;CIES AV. VENEZUELA ESQ PILINCO;SUCRE;68638427;;B;SEM 1 LUN PM;Do968;15;False;CHU OCTAVIA CRUZ KARDEX SEP 2026.xlsx
OCTAVIA CRUZ;RICARDO POVEDA;M;MEDICO;CIR;HOSPITAL JAIME MENDOZA;SUCRE;71162625;;C;SEM 2 JUE PM;Do1870;131;False;CHU OCTAVIA CRUZ KARDEX SEP 2026.xlsx
OCTAVIA CRUZ;RODRIGO BOZO MONTELLANO;M;MEDICO;GAS;GBJ CONSULTORIOS;SUCRE;77480001;;B;SEM 1 MAR AM;Do1467;21;False;CHU OCTAVIA CRUZ KARDEX SEP 2026.xlsx
OCTAVIA CRUZ;RODRIGO SOLIZ;M;MEDICO;GEN;HOSPITAL IPTK CAMARGO ESQ ARCE;SUCRE;75918568;;B;SEM 1 VIE AM;Do2436;67;False;CHU OCTAVIA CRUZ KARDEX SEP 2026.xlsx
OCTAVIA CRUZ;ROGER CORRALES;;MEDICO;ONC;HOSPITAL JAIME MENDOZA;SUCRE;73448079;;C;SEM 2 MIE PM;Do2556*;115;True;CHU OCTAVIA CRUZ KARDEX SEP 2026.xlsx
OCTAVIA CRUZ;ROXANA AGUILAR;;MEDICO;DER;HOSPITAL IPTK CAMARGO ESQ ARCE;SUCRE;73465741;;B;SEM 4 MAR AM;;242;False;CHU OCTAVIA CRUZ KARDEX SEP 2026.xlsx
OCTAVIA CRUZ;ROXANA TORRES;;MEDICO;MIN;NEUMOMED EL VILLAR;SUCRE;76297802;;A;SEM 1 JUE AM;Do2646;52;True;CHU OCTAVIA CRUZ KARDEX SEP 2026.xlsx
OCTAVIA CRUZ;RUDY LOMAR;;MEDICO;MIN;CLINICA ANGELES;SUCRE;70793184;;C;SEM 1 VIE PM;Do3582;75;True;CHU OCTAVIA CRUZ KARDEX SEP 2026.xlsx
OCTAVIA CRUZ;SABELIO CORONADO;;MEDICO;GIN;CENTINELA ARENALES ENTRE LOA Y DESTACAMENTO 111;SUCRE;73445967;;C;SEM 3 MIE AM;;182;False;CHU OCTAVIA CRUZ KARDEX SEP 2026.xlsx
OCTAVIA CRUZ;SANDRA GARCIA;F;MEDICO;GER;HSB CONSULTORIOS;SUCRE;73437234;;C;SEM 2 MIE AM;Do1548;112;True;CHU OCTAVIA CRUZ KARDEX SEP 2026.xlsx
OCTAVIA CRUZ;SANDRA VARGAS;F;MEDICO;ESTE;FINAL COLON ESQ UYUNI;SUCRE;78671893;;C;SEM 2 JUE AM;Do1185;126;False;CHU OCTAVIA CRUZ KARDEX SEP 2026.xlsx
OCTAVIA CRUZ;SARAIT SEGARRA;;MEDICO;M.GEN;C.M. PETROLERO;SUCRE;71156167;;C;SEM 3 LUN AM;Do1206;158;False;CHU OCTAVIA CRUZ KARDEX SEP 2026.xlsx
OCTAVIA CRUZ;SERGIO PABLO SOLIZ;M;MEDICO;GIN;AV. VENEZUELA;SUCRE;78731704;;A;SEM 3 MAR AM;Do3407;169;True;CHU OCTAVIA CRUZ KARDEX SEP 2026.xlsx
OCTAVIA CRUZ;SHARISSE LANDIVAR;;MEDICO;GIN;CIES AV. VENEZUELA ESQ PILINCO;SUCRE;72876656;;C;SEM 1 MAR PM;Do345;26;False;CHU OCTAVIA CRUZ KARDEX SEP 2026.xlsx
OCTAVIA CRUZ;SILVIA DE LA CRUZ;F;MEDICO;PED;CAJA CORDES SUB SUELO;SUCRE;70377555;;C;SEM 1 VIE AM;Do4225;64;False;CHU OCTAVIA CRUZ KARDEX SEP 2026.xlsx
OCTAVIA CRUZ;SILVIA RAMIREZ;F;MEDICO;PED;HOSPITAL IPTK CAMARGO ESQ ARCE;SUCRE;79304896;;C;SEM 2 JUE PM;Do1542;135;True;CHU OCTAVIA CRUZ KARDEX SEP 2026.xlsx
OCTAVIA CRUZ;SILVIA SAAVEDRA;F;MEDICO;PED;CAJA DE SALUD BANCA PRIVADA;SUCRE;77110226;;C;SEM 1 VIE PM;Do1038;72;False;CHU OCTAVIA CRUZ KARDEX SEP 2026.xlsx
OCTAVIA CRUZ;SONIA PEÑARANDA;F;MEDICO;PED;CLINICA CAMINO REAL;SUCRE;78686835;;C;SEM 2 VIE PM;Do1304;151;False;CHU OCTAVIA CRUZ KARDEX SEP 2026.xlsx
OCTAVIA CRUZ;SUSANA V. CHOQUE MAMANI;F;MEDICO;CIR;GBJ CONSULTORIOS;SUCRE;79593909;;B;SEM 1 MAR AM;Do3657;19;True;CHU OCTAVIA CRUZ KARDEX SEP 2026.xlsx
OCTAVIA CRUZ;TANIA CASANOVA;;MEDICO;GIN;CAJA PETROLERA;SUCRE;73466450;;C;SEM 3 MAR AM;Do3719;171;False;CHU OCTAVIA CRUZ KARDEX SEP 2026.xlsx
OCTAVIA CRUZ;TATIANA MINA;;MEDICO;GIN;ICO ARENALES ESQ. RENE MORENO;SUCRE;77110466;;B;SEM 1 MIE AM;Do4924;32;True;CHU OCTAVIA CRUZ KARDEX SEP 2026.xlsx
OCTAVIA CRUZ;VALERIA BELTRAN;F;MEDICO;GAS;GBJ CONSULTORIOS;SUCRE;75721959;;B;SEM 3 MIE AM;;186;False;CHU OCTAVIA CRUZ KARDEX SEP 2026.xlsx
OCTAVIA CRUZ;VERONICA GONZALES;F;MEDICO;GIN;URRIOLAGOITIA ESQ AYACUCHO;SUCRE;76116645;;C;SEM 3 MIE PM;;194;False;CHU OCTAVIA CRUZ KARDEX SEP 2026.xlsx
OCTAVIA CRUZ;VERONICA GUTIERREZ;F;MEDICO;PED;URRIOLAGOITIA ENTRE OLAÑETA Y AYACUCHO;SUCRE;71155106;;A;SEM 3 LUN PM;Do5005;164;True;CHU OCTAVIA CRUZ KARDEX SEP 2026.xlsx
OCTAVIA CRUZ;VERONICA MARTINEZ;F;MEDICO;MIN;PSICOPEDAGOGICO AV JAPON #1;SUCRE;64203856;;B;SEM 2 MAR AM;Do838;97;False;CHU OCTAVIA CRUZ KARDEX SEP 2026.xlsx
OCTAVIA CRUZ;VERONICA SANABRIA;F;MEDICO;REU;HOSPITAL SANTA BARBARA;SUCRE;72871696;;C;SEM 1 MIE PM;Do1124;40;False;CHU OCTAVIA CRUZ KARDEX SEP 2026.xlsx
OCTAVIA CRUZ;VERUSKA AVILES;;MEDICO;MIN;GBJ CONSULTORIOS;SUCRE;72886664;;B;SEM 2 MAR PM;Do3198;102;True;CHU OCTAVIA CRUZ KARDEX SEP 2026.xlsx
OCTAVIA CRUZ;VICTOR LOPEZ;M;MEDICO;CAR;CAJA BANCARIA ESTATAL DE SALUD;SUCRE;68615073;;A;SEM 3 MAR AM;;175;False;CHU OCTAVIA CRUZ KARDEX SEP 2026.xlsx
OCTAVIA CRUZ;VINKA NEMER;;MEDICO;EMB;EMBRIOVID GUILLERMO LOAYZA ESQ 29 DE SEPTIEMBRE;SUCRE;77128777;;A;SEM 4 MIE PM;;266;False;CHU OCTAVIA CRUZ KARDEX SEP 2026.xlsx
OCTAVIA CRUZ;WALTER BARRENECHEA;M;MEDICO;UTI;HOSPITAL SANTA BARBARA;SUCRE;69696315;;B;SEM 3 LUN AM;Do1345;154;False;CHU OCTAVIA CRUZ KARDEX SEP 2026.xlsx
OCTAVIA CRUZ;WILBERT SAAVEDRA;;MEDICO;GER;HOGAR LA MERCED CALLE AUDIENCIA ENTRE BOLIVAR Y AVAROA;SUCRE;76976555;;C;SEM 2 MIE PM;Do137;116;False;CHU OCTAVIA CRUZ KARDEX SEP 2026.xlsx
OCTAVIA CRUZ;WILFREDO AJHUACHO;;MEDICO;GIN;HOSPITAL IPTK CAMARGO ESQ ARCE;SUCRE;70377555;;B;SEM 1 VIE AM;Do3104;66;True;CHU OCTAVIA CRUZ KARDEX SEP 2026.xlsx
OCTAVIA CRUZ;WILFREDO CAMPOS;;MEDICO;CIR;ICO ARENALES ESQ. RENE MORENO;SUCRE;70320118;;C;SEM 4 MIE AM;;258;False;CHU OCTAVIA CRUZ KARDEX SEP 2026.xlsx
OCTAVIA CRUZ;WILSON GALEAN;M;MEDICO;CAR;BUSTILLOS ENTRE COLON Y LA PAZ;SUCRE;63352938;;B;SEM 3 MAR AM;;178;False;CHU OCTAVIA CRUZ KARDEX SEP 2026.xlsx
OCTAVIA CRUZ;XIMENA APARICIO;F;MEDICO;CIR;GBJ CONSULTORIOS;SUCRE;75918568;;C;SEM 1 VIE AM;Do2436*;68;True;CHU OCTAVIA CRUZ KARDEX SEP 2026.xlsx
OCTAVIA CRUZ;YANET LIJERON;;MEDICO;GAS;GBJ CONSULTORIOS;SUCRE;72899232;;B;SEM 3 MIE AM;;184;False;CHU OCTAVIA CRUZ KARDEX SEP 2026.xlsx
OCTAVIA CRUZ;YESSI CHOQUE;;MEDICO;GAS;GBJ CONSULTORIOS;SUCRE;75797745;;B;SEM 2 JUE AM;Do2112;124;False;CHU OCTAVIA CRUZ KARDEX SEP 2026.xlsx
OCTAVIA CRUZ;YOVANA CONDORI;;MEDICO;MIN;CAJA CORDES SUB SUELO;SUCRE;63739044;;C;SEM 4 LUN PM;;234;False;CHU OCTAVIA CRUZ KARDEX SEP 2026.xlsx
OCTAVIA CRUZ;YUVITZA ZARATE;;MEDICO;DER;CIMES, CALLE NATANIEL AGUIRRE 659;SUCRE;71161198;;C;SEM 2 JUE PM;Do1189;134;False;CHU OCTAVIA CRUZ KARDEX SEP 2026.xlsx
OCTAVIA CRUZ;ZULEMA VELASQUEZ;F;MEDICO;GIN;HOSPITAL JAIME MENDOZA;SUCRE;72898720;;C;SEM 3 JUE AM;;198;False;CHU OCTAVIA CRUZ KARDEX SEP 2026.xlsx
PAULO;DR. ABEL ROJAS ZARATE;M;MEDICO;UROLOGIA;0;CBBA;0;;;;Do1870;;True;DATA.KARDEX.xlsx
PAULO;DRA. AGLAYA ANGULO GONZALES;F;MEDICO;GIN;0;CBBA;0;;;;Do814;;True;DATA.KARDEX.xlsx
PAULO;DRA. AGLAYA ANGULO GONZALES1;F;MEDICO;GIN;0;CBBA;0;;;;Do3227;;True;DATA.KARDEX.xlsx
PAULO;DR. ALAN ROLY ZAPATA CAERO;M;MEDICO;GERIATRIA;0;CBBA;0;;;;Do10;;True;DATA.KARDEX.xlsx
PAULO;DR. ALAN RORY ZAPATA CAERO;M;MEDICO;GERIATRIA;0;CBBA;0;;;;Do4441;;False;DATA.KARDEX.xlsx
PAULO;DR. ALAN RORY ZAPATA CAERO2;M;MEDICO;GERIATRIA;0;CBBA;0;;;;Do4442;;True;DATA.KARDEX.xlsx
PAULO;DR. ALAN ZAPATA;M;MEDICO;GERIATRIA;0;CBBA;0;;;;Do4456;;True;DATA.KARDEX.xlsx
PAULO;DRA ANA ANGULO;F;MEDICO;0;0;CBBA;0;;;;Do3028;;True;DATA.KARDEX.xlsx
PAULO;DRA. ANA GABRIELA ANGULO GONZALES;F;MEDICO;ENDOCRINOLOGIA;0;CBBA;75918568;;;;Do2436*;;True;DATA.KARDEX.xlsx
PAULO;DRA ANA GONZALES;F;MEDICO;MED FAMILIAR;0;CBBA;0;;;;Do4906;;True;DATA.KARDEX.xlsx
PAULO;DRA ANA GONZALES PECHO;F;MEDICO;MED FAMILIAR;0;CBBA;0;;;;Do3657;;True;DATA.KARDEX.xlsx
PAULO;DRA. ANA M. GONZALES PECHO;F;MEDICO;MED FAMILIAR;0;CBBA;0;;;;Do835;;False;DATA.KARDEX.xlsx
PAULO;DRA. ANA MARIA CARDOZO MONTECINOS;F;MEDICO;MED INTERNA;0;CBBA;0;;;;Do2556*;;True;DATA.KARDEX.xlsx
PAULO;DRA. ANA MARIA GIL RIVERO;F;MEDICO;CIR PLAS;0;CBBA;0;;;;Do838;;False;DATA.KARDEX.xlsx
PAULO;DRA. ANA MARIA GONZALES;F;MEDICO;MED FAMILIAR;0;CBBA;0;;;;Do839;;True;DATA.KARDEX.xlsx
PAULO;DRA. ANDREA GONZALES VARGAS;F;MEDICO;MED INTERNA;0;CBBA;0;;;;Do846;;True;DATA.KARDEX.xlsx
PAULO;DRA. ANDREA NATALIA GONZALES VARGAS;F;MEDICO;MED INTERNA;0;CBBA;0;;;;Do846*;;False;DATA.KARDEX.xlsx
PAULO;DRA ANDREA NATHALIA GONZALES;F;MEDICO;MED INTERNA;0;CBBA;0;;;;Do4799;;True;DATA.KARDEX.xlsx
PAULO;DRA ANGELICA MELANY BLANCO CACERES;F;MEDICO;ENDOCRINOLOGIA;0;CBBA;0;;;;Do1790;;False;DATA.KARDEX.xlsx
PAULO;DRA. ARIANA BALDERRAMA;F;MEDICO;0;0;CBBA;0;;;;Do4301;;True;DATA.KARDEX.xlsx
PAULO;DR. ARIEL DAZA HERBAS;M;MEDICO;GERIATRIA;0;CBBA;75999001;;;;Do59;;False;DATA.KARDEX.xlsx
PAULO;DR. AUGUSTO MERCADO CESPEDES;M;MEDICO;GASTROENTEROLOGIA;0;CBBA;0;;;;Do4299;;True;DATA.KARDEX.xlsx
PAULO;DRA BLANCO;F;MEDICO;0;0;CBBA;0;;;;Do3590;;True;DATA.KARDEX.xlsx
PAULO;DR. CARLOS GONZALO VILLARROEL ANGULO;M;MEDICO;MED INTERNA;0;CBBA;0;;;;Do104;;False;DATA.KARDEX.xlsx
PAULO;DRA. CAROLA CACERES PEREDO;F;MEDICO;0;0;CBBA;0;;;;Do895;;False;DATA.KARDEX.xlsx
PAULO;DRA. CECILIA MONTAÑO UGARTE;F;MEDICO;GIN;0;CBBA;0;;;;Do909;;False;DATA.KARDEX.xlsx
PAULO;DRA. CECILIA PACHECO TEJERINA;F;MEDICO;MEG;0;CBBA;0;;;;Do4246;;False;DATA.KARDEX.xlsx
PAULO;DRA. CINTHIA ORTUÑO CRESPO;F;MEDICO;ALERGOLOGIA;0;CBBA;0;;;;Do1500;;False;DATA.KARDEX.xlsx
PAULO;DRA. CLAUDIA  TERAN;F;MEDICO;PEDIATRA;0;CBBA;0;;;;Do1716;;True;DATA.KARDEX.xlsx
PAULO;DRA. CLAUDIA TERAN ANTEZANA;F;MEDICO;PEDIATRA;0;CBBA;0;;;;Do933;;False;DATA.KARDEX.xlsx
PAULO;DR. CRISTIAN RENGEL RETAMOSO;M;MEDICO;ENDOCRINOLOGIA;TIQUIPAYA;CBBA;76976555;;;;Do137;;False;DATA.KARDEX.xlsx
PAULO;DR. CRISTIAN RENGEL RETAMOZO;M;MEDICO;ENDOCRINOLOGIA;TIQUIPAYA;CBBA;76976555;;;;Do3715;;True;DATA.KARDEX.xlsx
PAULO;DR CRISTOPHER SCHAA GONZALES;M;MEDICO;ORTOMOLECULAR;0;CBBA;0;;;;Do4288;;False;DATA.KARDEX.xlsx
PAULO;DR. DIEGO F. LEON LOPEZ;M;MEDICO;NEUROCIRUGIA;0;CBBA;0;;;;Do180;;False;DATA.KARDEX.xlsx
PAULO;DR. DIEGO FERNANDO LEON LOPEZ;M;MEDICO;NEUROCIRUGIA;0;CBBA;0;;;;Do180*;;True;DATA.KARDEX.xlsx
PAULO;DR. DIEGO LEON;M;MEDICO;NEUROCIRUGIA;0;CBBA;0;;;;Do3899;;True;DATA.KARDEX.xlsx
PAULO;DRA, ANA MARIA CARDOZO M.;F;MEDICO;MED INTERNA;0;CBBA;0;;;;Do2556;;False;DATA.KARDEX.xlsx
PAULO;DRA. DURAN;;MEDICO;0;0;CBBA;0;;;;Do3848;;True;DATA.KARDEX.xlsx
PAULO;DR EDWIN REVOLLO;M;MEDICO;MEG;0;CBBA;0;;;;Do3837;;True;DATA.KARDEX.xlsx
PAULO;DR. EDWIN V. REVOLLO;M;MEDICO;TRAUMATOLOGIA;0;CBBA;0;;;;Do203;;False;DATA.KARDEX.xlsx
PAULO;DR EFRAIN OLSZEWER;M;MEDICO;0;0;CBBA;0;;;;Do2642;;False;DATA.KARDEX.xlsx
PAULO;DRA ELIANE OLIVEIRA;F;MEDICO;GIN;0;CBBA;0;;;;Do1586;;True;DATA.KARDEX.xlsx
PAULO;DRA ELIANE S. OLIVEIRA;F;MEDICO;GIN;0;CBBA;0;;;;Do2771;;True;DATA.KARDEX.xlsx
PAULO;DRA ELIENE OLIVEIRA;F;MEDICO;GIN;0;CBBA;0;;;;Do4535;;True;DATA.KARDEX.xlsx
PAULO;DRA. ELIENE S. OLIVEIRA;F;MEDICO;GIN;0;CBBA;0;;;;Do2301;;True;DATA.KARDEX.xlsx
PAULO;DRA. ELIENE SILVA DE OLIVEIRA;F;MEDICO;GIN;0;CBBA;0;;;;Do968;;False;DATA.KARDEX.xlsx
PAULO;DRA. ELIZABETH MUCKLED MOISES;F;MEDICO;GASTROENTEROLOGIA;0;CBBA;0;;;;Do972;;False;DATA.KARDEX.xlsx
PAULO;DR EMANUEL DURAN;M;MEDICO;0;0;CBBA;0;;;;Do2413;;True;DATA.KARDEX.xlsx
PAULO;DR. EMMANUEL DURAN;M;MEDICO;0;0;CBBA;0;;;;Do2462;;True;DATA.KARDEX.xlsx
PAULO;DR. EMMANUEL DURAN A.;M;MEDICO;0;0;CBBA;0;;;;Do207;;False;DATA.KARDEX.xlsx
PAULO;DR. ERIC JUVENAL VILLAGRA SILES;M;MEDICO;OTORRINOLARINGOLOGIA;0;CBBA;0;;;;Do214;;False;DATA.KARDEX.xlsx
PAULO;DR ERIC VILLAGRA S.;M;MEDICO;OTORRINOLARINGOLOGIA;0;CBBA;0;;;;Do2646;;True;DATA.KARDEX.xlsx
PAULO;DR ERICK VILLAGRA;M;MEDICO;OTORRINOLARINGOLOGIA;0;CBBA;0;;;;Do4153;;True;DATA.KARDEX.xlsx
PAULO;DR. ERIK VILLAGRA;M;MEDICO;OTORRINOLARINGOLOGIA;0;CBBA;0;;;;Do1515;;True;DATA.KARDEX.xlsx
PAULO;DRA FABIOLA VILLAZON ANTEZANA;F;MEDICO;CIRUGIA;0;CBBA;0;;;;Do1760;;True;DATA.KARDEX.xlsx
PAULO;DRA. FANNY XIOMARA TRIGO GUZMAN;F;MEDICO;DER;0;CBBA;77480001;;;;Do1467*;;True;DATA.KARDEX.xlsx
PAULO;DRA. FERNANDA ROCHA ANAYA F.;F;MEDICO;0;0;CBBA;0;;;;Do2589;;False;DATA.KARDEX.xlsx
PAULO;DR. FERNANDO LEON LOPEZ;M;MEDICO;0;0;CBBA;0;;;;Do2993;;True;DATA.KARDEX.xlsx
PAULO;DR. FERNANDO RENJEL CLAROS;M;MEDICO;NEFROLOGIA;0;CBBA;0;;;;Do243;;False;DATA.KARDEX.xlsx
PAULO;DRA. FLAVIA CISLAGHI;F;MEDICO;0;0;CBBA;0;;;;Do2346;;False;DATA.KARDEX.xlsx
PAULO;DRA. GABRIELA ANGULO GONZALES;F;MEDICO;ENDOCRINOLOGIA;0;CBBA;75918568;;;;Do2436;;False;DATA.KARDEX.xlsx
PAULO;DRA  GABRIELA MOSCOSO ZURITA;F;MEDICO;PEDIATRA;0;CBBA;0;;;;Do1558;;False;DATA.KARDEX.xlsx
PAULO;DRA. GLORIA ANDIA;F;MEDICO;MEG;0;CBBA;0;;;;Do4808;;True;DATA.KARDEX.xlsx
PAULO;DRA. GLORIA D. ANDIA MILAN;F;MEDICO;MEG;0;CBBA;0;;;;Do4966;;True;DATA.KARDEX.xlsx
PAULO;DRA GLORIA DANIELA ANDIA MILAN;F;MEDICO;MEG;0;CBBA;0;;;;Do3924;;False;DATA.KARDEX.xlsx
PAULO;DR. HERNAN HINOJOSA TERRAZAS;M;MEDICO;PSIQUIATRIA;0;CBBA;0;;;;Do305;;False;DATA.KARDEX.xlsx
PAULO;DRA. INGRID GAINSBORG RIVAS;F;MEDICO;GASTROENTEROLOGIA;0;CBBA;0;;;;Do1038;;False;DATA.KARDEX.xlsx
PAULO;DRA. IRIS MINERVA MONTERO CASTELLON;F;MEDICO;DER;0;CBBA;0;;;;Do1647*;;True;DATA.KARDEX.xlsx
PAULO;DR. ISRAEL RIVAS SALAZAR;M;MEDICO;NEFROLOGIA;0;CBBA;0;;;;Do320;;False;DATA.KARDEX.xlsx
PAULO;DR IVAN PATRICIO ZABALAGA CESPEDES;M;MEDICO;CIR PLAS;0;CBBA;0;;;;Do1676*;;True;DATA.KARDEX.xlsx
PAULO;DR IVAN ZABALAGA;M;MEDICO;0;0;CBBA;0;;;;Do3823;;True;DATA.KARDEX.xlsx
PAULO;DRA. IVONNE SALCEDO SULLK;F;MEDICO;ONCO;0;CBBA;0;;;;Do1050;;False;DATA.KARDEX.xlsx
PAULO;DR JAIME BUTRON CLAROS;M;MEDICO;MEG;0;CBBA;0;;;;Do4214;;False;DATA.KARDEX.xlsx
PAULO;DR JAIME HUGO BUTRON CLAROS;M;MEDICO;MEG;0;CBBA;0;;;;Do4214*;;True;DATA.KARDEX.xlsx
PAULO;DR. JAMES KÖLLER ECHALAR;M;MEDICO;GIN;0;CBBA;0;;;;Do345;;False;DATA.KARDEX.xlsx
PAULO;DR. JAVIER ENCINAS LANDIVAR;M;MEDICO;CARDIOLOGIA;0;CBBA;0;;;;Do2112;;False;DATA.KARDEX.xlsx
PAULO;DR. JORGE ALBERTO CAMACHO TERRAZAS;M;MEDICO;GASTROENTEROLOGIA;0;CBBA;0;;;;Do380;;False;DATA.KARDEX.xlsx
PAULO;DR. JORGE CAMACHO TERRAZAS;M;MEDICO;GASTROENTEROLOGIA;0;CBBA;0;;;;Do384;;True;DATA.KARDEX.xlsx
PAULO;DR JORGE OLMOS;M;MEDICO;NEUROCIRUGIA;0;CBBA;77901436;;;;Do1693;;False;DATA.KARDEX.xlsx
PAULO;DR JORGE OLMOS ARNEZ;M;MEDICO;NEUROCIRUGIA;0;CBBA;77901436;;;;Do4889;;True;DATA.KARDEX.xlsx
PAULO;DR JORGE OLMOS1;M;MEDICO;NEUROCIRUGIA;0;CBBA;77901436;;;;Do4714;;True;DATA.KARDEX.xlsx
PAULO;DR. JORGE ORLANDO OLMOS ARNEZ;M;MEDICO;NEUROCIRUGIA;0;CBBA;77901436;;;;Do1693*;;True;DATA.KARDEX.xlsx
PAULO;DR. JOSE A. CARTAGENA GONZALES;M;MEDICO;UROLOGIA;0;CBBA;70377555;;;;Do4225;;False;DATA.KARDEX.xlsx
PAULO;DR. JOSE ADEMAR CARTAGENA GONZALES;M;MEDICO;UROLOGIA;0;CBBA;70377555;;;;Do4225*;;True;DATA.KARDEX.xlsx
PAULO;DR. JOSE CARTAGENA GOMEZ;M;MEDICO;UROLOGIA;0;CBBA;70377555;;;;Do3104;;True;DATA.KARDEX.xlsx
PAULO;DR JOSE MARIA AZEÑA;M;MEDICO;DER;0;CBBA;0;;;;Do3407;;True;DATA.KARDEX.xlsx
PAULO;DR. JOSE MARIA AZEÑAS;M;MEDICO;DER;0;CBBA;0;;;;Do440;;False;DATA.KARDEX.xlsx
PAULO;DR. JUAN EDDY URIONA VILLARROEL;M;MEDICO;CARDIOLOGIA;0;CBBA;0;;;;Do2814*;;False;DATA.KARDEX.xlsx
PAULO;DR JUAN URIONA;M;MEDICO;CARDIOLOGIA;0;CBBA;0;;;;Do5005;;True;DATA.KARDEX.xlsx
PAULO;DR JUAN URIONA VILLARROEL;M;MEDICO;CARDIOLOGIA;0;CBBA;0;;;;Do2814;;True;DATA.KARDEX.xlsx
PAULO;DR. JULIO CESAR MELGAR;M;MEDICO;PEDIATRA;0;CBBA;0;;;;Do492;;False;DATA.KARDEX.xlsx
PAULO;DR JULIO MELGAR;M;MEDICO;PEDIATRA;0;CBBA;0;;;;Do1668;;True;DATA.KARDEX.xlsx
PAULO;DRA. KAREN AGUILAR;F;MEDICO;PEDIATRA;SEGURO UMSS;CBBA;0;;;;Do1759;;False;DATA.KARDEX.xlsx
PAULO;DRA. KAREN CLAROS ESPINOZA;F;MEDICO;MED INTERNA;0;CBBA;0;;;;Do1091;;False;DATA.KARDEX.xlsx
PAULO;DRA. LAURA SALGUERO JIMENEZ;F;MEDICO;0;0;CBBA;0;;;;Do1124;;False;DATA.KARDEX.xlsx
PAULO;DRA. LAURENSS FABIOLA VILLAZON ANTEZANA;F;MEDICO;CIRUGIA;0;CBBA;0;;;;Do2316;;False;DATA.KARDEX.xlsx
PAULO;DR. LEONARDO J. IRANZO;M;MEDICO;0;0;CBBA;0;;;;Do507;;False;DATA.KARDEX.xlsx
PAULO;DRA. LESLIA CAROLINA ROBLES;F;MEDICO;DER;0;CBBA;0;;;;Do1985;;True;DATA.KARDEX.xlsx
PAULO;DRA. LESLIA CAROLINA ROBLES BURGOS;F;MEDICO;DER;0;CBBA;0;;;;Do1985*;;False;DATA.KARDEX.xlsx
PAULO;DRA. LESLIE ROBLES BURGOA;F;MEDICO;DER;0;CBBA;0;;;;Do1726;;True;DATA.KARDEX.xlsx
PAULO;DRA. LORENA D. RIVERO;F;MEDICO;INFECTOLOGIA;0;CBBA;0;;;;Do1627;;True;DATA.KARDEX.xlsx
PAULO;DRA. LORENA DIANA RIVERA TALAVERA;F;MEDICO;MED INTERNA;0;CBBA;0;;;;Do1152;;False;DATA.KARDEX.xlsx
PAULO;DRA LORENA RIVERA TALAVERA;F;MEDICO;MED INTERNA;0;CBBA;0;;;;Do4831;;True;DATA.KARDEX.xlsx
PAULO;DRA. M. FERNANDA TAPIA I.;F;MEDICO;GIN;0;CBBA;0;;;;Do2206;;False;DATA.KARDEX.xlsx
PAULO;DRA MAGALY VARGAS;F;MEDICO;GIN;0;CBBA;0;;;;Do1677;;True;DATA.KARDEX.xlsx
PAULO;DRA. MAGALY VARGAS ESCOBAR;F;MEDICO;GIN;0;CBBA;0;;;;Do1185;;False;DATA.KARDEX.xlsx
PAULO;DR MANUEL MONROY;M;MEDICO;UTIN;0;CBBA;0;;;;Do1548;;True;DATA.KARDEX.xlsx
PAULO;DR. MANUEL MONROY DELGADILLO;M;MEDICO;UTIN;0;CBBA;0;;;;Do551;;False;DATA.KARDEX.xlsx
PAULO;DRA. MARCELA TAPIA LAVAYEN;F;MEDICO;ENDOCRINOLOGIA;0;CBBA;0;;;;Do1189;;False;DATA.KARDEX.xlsx
PAULO;DR. MARCELO CORTEZ Z.;M;MEDICO;CIR LAPAROSCOPIO;0;CBBA;70793184;;;;Do3582;;True;DATA.KARDEX.xlsx
PAULO;DR. MARCELO EDGAR CORTEZ ZACONETA;M;MEDICO;CIR LAPAROSCOPIO;0;CBBA;70793184;;;;Do556*;;True;DATA.KARDEX.xlsx
PAULO;DR. MARCO ANTONIO ZEBALLOS ORELLANA;M;MEDICO;NEUMOLOGIA;0;CBBA;0;;;;Do572;;False;DATA.KARDEX.xlsx
PAULO;DR. MARCO ZEBALLOS;M;MEDICO;NEUMOLOGIA;0;CBBA;0;;;;Do3198;;True;DATA.KARDEX.xlsx
PAULO;DRA. MARIA DEL CARMEN TORRICO;F;MEDICO;ONCO;0;CBBA;0;;;;Do1206;;False;DATA.KARDEX.xlsx
PAULO;DRA. MARIA DEL CARMEN TORRICO ESPINOZA;F;MEDICO;ONCO;0;CBBA;0;;;;Do1206*;;True;DATA.KARDEX.xlsx
PAULO;DRA. MARIA ROSALVA VASQUEZ;F;MEDICO;PEDIATRA;0;CBBA;0;;;;Do2100;;False;DATA.KARDEX.xlsx
PAULO;DRA. MARIA TORRICO;F;MEDICO;0;0;CBBA;0;;;;Do2030;;True;DATA.KARDEX.xlsx
PAULO;DRA MARIELA ORGAZ PANIAGUA;F;MEDICO;0;0;CBBA;0;;;;Do4539;;False;DATA.KARDEX.xlsx
PAULO;DRA. MARIOLY TORRICO VALENCIA;F;MEDICO;GIN;0;CBBA;79977245;;;;Do1956;;False;DATA.KARDEX.xlsx
PAULO;DRA. MAYRA A. VALLEJOS ROCABADO;F;MEDICO;PEDIATRA;0;CBBA;0;;;;Do1265;;False;DATA.KARDEX.xlsx
PAULO;DRA MELANY BLANCO;F;MEDICO;ENDOCRINOLOGIA;0;CBBA;0;;;;Do4924;;True;DATA.KARDEX.xlsx
PAULO;DRA MELVY ALVARADO;F;MEDICO;MEG;0;CBBA;0;;;;Do2957;;False;DATA.KARDEX.xlsx
PAULO;DRA. MICAELA LOPEZ OVANDO;F;MEDICO;PEDIATRA;0;CBBA;0;;;;Do1271;;False;DATA.KARDEX.xlsx
PAULO;DRA MINERVA MONTERO;F;MEDICO;DER;0;CBBA;0;;;;Do1647;;False;DATA.KARDEX.xlsx
PAULO;DRA. N. ARIANA BALDERRAMA;F;MEDICO;0;0;CBBA;0;;;;Do2494;;False;DATA.KARDEX.xlsx
PAULO;DRA. NANCY ARIANA BALDERRAMA;F;MEDICO;0;0;CBBA;0;;;;Do2494*;;True;DATA.KARDEX.xlsx
PAULO;DRA. NATAHA CORZO;F;MEDICO;GASTROENTEROLOGIA;0;CBBA;0;;;;Do4608;;True;DATA.KARDEX.xlsx
PAULO;DRA NATALIA CARDONA QUINTANILLA;F;MEDICO;0;0;CBBA;0;;;;Do3545;;False;DATA.KARDEX.xlsx
PAULO;DRA. NATALIA CORZO ZAMORA;F;MEDICO;GASTROENTEROLOGIA;0;CBBA;0;;;;Do1289;;False;DATA.KARDEX.xlsx
PAULO;DRA. NAYRA INTI RIOS ESPINOZA;F;MEDICO;MEG;0;CBBA;0;;;;Do1304;;False;DATA.KARDEX.xlsx
PAULO;DRA. PAMELA FLORES QUIROGA;F;MEDICO;MED INTERNA;0;CBBA;77936677;;;;Do1327;;False;DATA.KARDEX.xlsx
PAULO;DRA PAMELA MONTAÑO SALGUERO;F;MEDICO;0;0;CBBA;0;;;;Do3719;;False;DATA.KARDEX.xlsx
PAULO;DRA PAMELA VARGAS CAMARGO;F;MEDICO;ALERGOLOGIA;0;CBBA;0;;;;Do1844;;False;DATA.KARDEX.xlsx
PAULO;DRA. PATRICIA GUERRA SALAZAR;F;MEDICO;GASTROENTEROLOGIA;0;CBBA;0;;;;Do1344;;False;DATA.KARDEX.xlsx
PAULO;DRA. PATRICIA M. FELIPEZ AVILA;F;MEDICO;GASTROENTEROLOGIA;0;CBBA;0;;;;Do1345;;False;DATA.KARDEX.xlsx
PAULO;DRA. PATRICIA MARCELA FELIPEZ AVILA;F;MEDICO;GASTROENTEROLOGIA;0;CBBA;0;;;;Do1345*;;False;DATA.KARDEX.xlsx
PAULO;DRA PATRICIA SANDOVAL;F;MEDICO;ENDOCRINOLOGIA;0;CBBA;0;;;;Do3620;;True;DATA.KARDEX.xlsx
PAULO;DRA. PATRICIA SANDOVAL PANDAL;F;MEDICO;ENDOCRINOLOGIA;0;CBBA;0;;;;Do1349;;False;DATA.KARDEX.xlsx
PAULO;DR PATRICIO ZABALAGA;M;MEDICO;CIR PLAS;0;CBBA;0;;;;Do1676;;False;DATA.KARDEX.xlsx
PAULO;DRA PAULA TORDOYA;F;MEDICO;DER;0;CBBA;0;;;;Do3446;;True;DATA.KARDEX.xlsx
PAULO;DRA. PAULA TORDOYA ANTEZANA;F;MEDICO;DER;0;CBBA;0;;;;Do1353;;False;DATA.KARDEX.xlsx
PAULO;DR. RAMIRO JAVIER LOAYZA ANGULO;M;MEDICO;UROLOGIA;0;CBBA;0;;;;Do1895*;;True;DATA.KARDEX.xlsx
PAULO;DR. RAMIRO LOAYZA A.;M;MEDICO;UROLOGIA;0;CBBA;0;;;;Do1895;;False;DATA.KARDEX.xlsx
PAULO;DR. RAUL IVAN NAVA VARGAS;M;MEDICO;NEFROLOGIA;0;CBBA;0;;;;Do1608;;True;DATA.KARDEX.xlsx
PAULO;DR RAUL NAVA;M;MEDICO;NEFROLOGIA;0;CBBA;0;;;;Do3442;;True;DATA.KARDEX.xlsx
PAULO;DRA. REBECA BALDERRAMA;F;MEDICO;MED INTERNA;0;CBBA;72283027;;;;Do1364;;False;DATA.KARDEX.xlsx
PAULO;DRA ROCIO POCE ANDRADE;F;MEDICO;0;0;CBBA;0;;;;Do3779;;True;DATA.KARDEX.xlsx
PAULO;ROCIO PONCE ANDRADE;F;MEDICO;INFECTOLOGIA;0;CBBA;0;;;;Do4699;;False;DATA.KARDEX.xlsx
PAULO;DR RONALD APARICIO YUJA;M;MEDICO;GIN;0;CBBA;0;;;;Do1774;;False;DATA.KARDEX.xlsx
PAULO;DRA. ROSVINDA CRESPO;F;MEDICO;CARDIOLOGIA;0;CBBA;0;;;;Do1904;;True;DATA.KARDEX.xlsx
PAULO;DRA. ROSVINDA CRESPO FUENTES;F;MEDICO;0;0;CBBA;0;;;;Do1384;;False;DATA.KARDEX.xlsx
PAULO;DRA. SHIRLEY CONDORI MONTES;F;MEDICO;MED INTERNA;0;CBBA;0;;;;Do1987;;False;DATA.KARDEX.xlsx
PAULO;DR. TUPAC BARRIENTOS JIMENEZ;M;MEDICO;CARDIOLOGIA;0;CBBA;0;;;;Do764;;False;DATA.KARDEX.xlsx
PAULO;DR. VALENTIN JUNNIOR VILLEGAS BALDERRAMA;M;MEDICO;MED INTERNA;0;CBBA;0;;;;Do765;;False;DATA.KARDEX.xlsx
PAULO;DRA. VANIA LUCIA PEÑARRIETA CARDONA;F;MEDICO;NEU PED;0;CBBA;0;;;;Do1438;;False;DATA.KARDEX.xlsx
PAULO;DR. VANIA PEÑARRIETA;M;MEDICO;NEU PED;0;CBBA;0;;;;Do2521;;True;DATA.KARDEX.xlsx
PAULO;DR. VICTOR FALCON ARIAS;M;MEDICO;NEUROLOGIA;0;CBBA;0;;;;Do2168;;False;DATA.KARDEX.xlsx
PAULO;DR. VICTOR VILLARROEL SAAVEDRA;M;MEDICO;0;0;CBBA;0;;;;Do774;;False;DATA.KARDEX.xlsx
PAULO;DR WILMER MENDEZ;M;MEDICO;MED INTERNA;0;CBBA;0;;;;Do1542;;True;DATA.KARDEX.xlsx
PAULO;DR. WILMER MENDEZ M.;M;MEDICO;MED INTERNA;0;CBBA;0;;;;Do4887;;True;DATA.KARDEX.xlsx
PAULO;DR WILMER MENDEZ MERINO;M;MEDICO;MED INTERNA;0;CBBA;0;;;;Do1542*;;False;DATA.KARDEX.xlsx
PAULO;DRA. XIOMARA TRIGO GUZMAN;F;MEDICO;DER;0;CBBA;77480001;;;;Do1467;;False;DATA.KARDEX.xlsx
ROCIO MIRANDA;Adriana Barriga Solano;F;MEDICO;MGE;C. S. Palmarcito (C/Jose F. Diaz) TT;TARIJA;76191984;;C;SEM 2 MAR AM;;120;False;TAR GABRIELA COPA KARDEX SEP 2026.xlsx
ROCIO MIRANDA;Aldrin F. Choque Tejerina;;MEDICO;GOB;Doc-Sur (C/Junin, frente al HRSJDD)TT/TM;TARIJA;68697728;;A;SEM 3 LUN AM;;199;False;TAR GABRIELA COPA KARDEX SEP 2026.xlsx
ROCIO MIRANDA;Alejandro J. Burgos Torrez;M;MEDICO;MGE;C. S. Palmarcito (C/Jose F. Diaz) TM;TARIJA;72952411;;C;SEM 2 MAR AM;;119;False;TAR GABRIELA COPA KARDEX SEP 2026.xlsx
ROCIO MIRANDA;Alvaro Garcia Arce;M;MEDICO;OTO;CIMFA 15 de Abril (C/ Sucre) TM;TARIJA;72211410;;B;SEM 1 MAR AM;Do1608;30;True;TAR GABRIELA COPA KARDEX SEP 2026.xlsx
ROCIO MIRANDA;Ana Maria Guarachi Catari;F;MEDICO;MGE;C. S. Palmarcito (C/ Jose F. Diaz) TM;TARIJA;73489559;;C;SEM 2 MAR AM;;121;False;TAR GABRIELA COPA KARDEX SEP 2026.xlsx
ROCIO MIRANDA;Ana Maria Pucherelli Domine;F;MEDICO;NEU;HRSJDD Consultorio Nº 18 TT;TARIJA;75133999;;C;SEM 3 MAR PM;;222;False;TAR GABRIELA COPA KARDEX SEP 2026.xlsx
ROCIO MIRANDA;Angela Nolasco B.;F;MEDICO;NEM;HRSJDD Consultorio Nº 20 TM (Atiende semana por medio);TARIJA;70217721;;C;SEM 2 MIE AM;;135;False;TAR GABRIELA COPA KARDEX SEP 2026.xlsx
ROCIO MIRANDA;Arturo Eduardo Darlach Lema;M;MEDICO;OFT;CIMFA 15 de Abril C/ Sucre TT 13:00 a 16:00 hrs.;;72975762;;C;SEM 4 JUE PM;;352;False;TAR GABRIELA COPA KARDEX SEP 2026.xlsx
ROCIO MIRANDA;Biterman Garamendi Zeballos;;MEDICO;GOB;CIMFA 15 de Abril C/ Sucre TT 13:00 a 19:00 hrs.;TARIJA;69322191;;A;SEM 1 MIE PM;Do774;50;False;TAR GABRIELA COPA KARDEX SEP 2026.xlsx
ROCIO MIRANDA;Carla L. Yucra Sullca;F;MEDICO;EME;Clinica Cardiovascular C/ Bolivar/ Oconnor/ Junin) (Emergencias) Lunes TT;TARIJA;72965332;;B;SEM 2 MIE PM;;148;False;TAR GABRIELA COPA KARDEX SEP 2026.xlsx
ROCIO MIRANDA;Carlita Flora Tapia;;MEDICO;MIN;Hospital Obrero Nº 7 Av. Potosi Emergencias no tiene turnos fijos;TARIJA;73490498;;A;SEM 1 LUN PM;Do4906;13;True;TAR GABRIELA COPA KARDEX SEP 2026.xlsx
ROCIO MIRANDA;Carlos G. Martinez C.;M;MEDICO;MIN;Clinica Las Panosas a llamado;TARIJA;72975933;;B;SEM 3 LUN PM;;206;False;TAR GABRIELA COPA KARDEX SEP 2026.xlsx
ROCIO MIRANDA;Carlos Huanca Alfaro;M;MEDICO;MIN;Hospital Obrero Nº 7 Emergencias( Viernes TT);;70217089;;C;SEM 4 VIE PM;;373;False;TAR GABRIELA COPA KARDEX SEP 2026.xlsx
ROCIO MIRANDA;Carlos Loayza Perez;M;MEDICO;CIR;HRSJDD Consultorio Nº (15 Viernes 9:00 a 11:00 am);TARIJA;67692679;;A;SEM 1 VIE AM;Do1627;81;True;TAR GABRIELA COPA KARDEX SEP 2026.xlsx
ROCIO MIRANDA;Carlos Poppe Zerain;M;MEDICO;DISCAPACIDAD;HRSJDD Consultorio Nº 5 L(unes a viernes de 7:00 a 13:00);TARIJA;60264678;;C;SEM 1 LUN AM;Do2462;5;True;TAR GABRIELA COPA KARDEX SEP 2026.xlsx
ROCIO MIRANDA;Carminia Ordoñez Carranza;;MEDICO;MIN;Hospital Obrero Nº 7 (Emergencias/ no tiene turno fijo);TARIJA;75289713;;C;SEM 2 LUN PM;;111;False;TAR GABRIELA COPA KARDEX SEP 2026.xlsx
ROCIO MIRANDA;Carolina Dávila;;MEDICO;GOB;NACERÁ C/ Madrid/ Suipacha/ Mendez (Ha llamado);TARIJA;67994403;;C;SEM 2 MIE PM;;151;False;TAR GABRIELA COPA KARDEX SEP 2026.xlsx
ROCIO MIRANDA;Carolina Lopez Tapia;;MEDICO;GOB;C/ Santa Cruz/ D. Paz/ Potosi ECOVIDA TM;TARIJA;60267800;;C;SEM 4 JUE AM;;344;False;TAR GABRIELA COPA KARDEX SEP 2026.xlsx
ROCIO MIRANDA;Daniel G. Narvaez Mendez;M;MEDICO;SAFCI;C/ Ciro Trigo/ España ha llamado;TARIJA;60251466;;C;SEM 3 JUE AM;;255;False;TAR GABRIELA COPA KARDEX SEP 2026.xlsx
ROCIO MIRANDA;Daniela Florez Rengifo;F;MEDICO;REU;HRSJDD Consultorio Nº 6(De lunes a viernes de 14:00 a 17:00);TARIJA;67391869;;A;SEM 3 MAR PM;;223;False;TAR GABRIELA COPA KARDEX SEP 2026.xlsx
ROCIO MIRANDA;Daniela López;F;MEDICO;CAR PED;Hospital Obrero Nº 7 Av. Potosi Consulta externa Viernes 14:00 a 17:00 hrs.;;71865875;;C;SEM 4 VIE PM;;370;False;TAR GABRIELA COPA KARDEX SEP 2026.xlsx
ROCIO MIRANDA;Daniela Moya Zuñiga;F;MEDICO;MGE;Clinica YAPUR C/ Virginio Lema 441 (Jueves TM en Sala de Terapia Intensiva);TARIJA;69469307;;A;SEM 3 JUE AM;;257;False;TAR GABRIELA COPA KARDEX SEP 2026.xlsx
ROCIO MIRANDA;Daniela Torrejón Fabian;F;MEDICO;MGE;C. S. San Luis (De lunes a viernes TM);TARIJA;73493448;;B;SEM 4 MIE AM;;328;False;TAR GABRIELA COPA KARDEX SEP 2026.xlsx
ROCIO MIRANDA;Danilo Jurado Vallejos;;MEDICO;URO;"C/ Mendez esq. Av. Panamericana (de Lunes a viernes 17;00 hrs)";TARIJA;71863986;;B;SEM 4 LUN PM;;305;False;TAR GABRIELA COPA KARDEX SEP 2026.xlsx
ROCIO MIRANDA;Darko Garcia Fernandez;;MEDICO;MIN;"Clinica YAPUR C/ Virginio Lema 441 (Lu-Mi-Ju-Vi 9;30 am)";TARIJA;70222240;;A;SEM 1 MIE AM;Do3446;41;True;TAR GABRIELA COPA KARDEX SEP 2026.xlsx
ROCIO MIRANDA;David D. Mendieta Aleman;M;MEDICO;ONC;HRSJDD Consultorio Oncologìa Miercoles 11:00 hrs;TARIJA;76192996;;C;SEM 1 LUN AM;Do1895*;1;True;TAR GABRIELA COPA KARDEX SEP 2026.xlsx
ROCIO MIRANDA;David Sivila Alvarez;M;MEDICO;EME;Hospital Obrero Nº 7 Av. Potosi (Emergencias-Martes TT);TARIJA;76196059;;C;SEM 2 MAR AM;;117;False;TAR GABRIELA COPA KARDEX SEP 2026.xlsx
ROCIO MIRANDA;Diego A. Moreno Espinoza;M;MEDICO;MGE;C. S. Palmarcito C/ Jose F. Diaz (Consulta externa Martes TT);TARIJA;74506606;;C;SEM 4 MAR PM;;318;False;TAR GABRIELA COPA KARDEX SEP 2026.xlsx
ROCIO MIRANDA;Edwin-Perez Garcia López;;MEDICO;CAR;Hospital Obrero Nº 7 Av. Potosi (De lunes a viernes de 7:00 a 13:00);TARIJA;73482543;;C;SEM 4 JUE AM;;346;False;TAR GABRIELA COPA KARDEX SEP 2026.xlsx
ROCIO MIRANDA;Eiver Arancibia L.;;MEDICO;CAR;C/ Suipacha / Alejandro Del Carpio/ Avaroa Consultorio particular;;67677076;;C;SEM 4 JUE PM;;356;False;TAR GABRIELA COPA KARDEX SEP 2026.xlsx
ROCIO MIRANDA;Elina Tintilay;;MEDICO;MGE;Clinica Luz del Mundo Detrás del Campus universitario UAJMS zona el Tejar;TARIJA;68290009;;C;SEM 1 JUE PM;Do1189;76;False;TAR GABRIELA COPA KARDEX SEP 2026.xlsx
ROCIO MIRANDA;Eliot Ivan Narvaez G.;;MEDICO;ALE;HRSJDD Consultorio Nº 1 (Consultorio de Alergologìa Lunes a viernes 14:00 a 17:00 hrs);TARIJA;74548423;;C;SEM 1 MAR PM;Do4225;35;False;TAR GABRIELA COPA KARDEX SEP 2026.xlsx
ROCIO MIRANDA;Eliseo Caballero R.;;MEDICO;GOB;HRSJDD Consultorio Nº 2 (Viernes TM hasta las 9:00 );TARIJA;71890988;;C;SEM 1 VIE AM;Do1152;80;False;TAR GABRIELA COPA KARDEX SEP 2026.xlsx
ROCIO MIRANDA;Enrique Alberto Vargas Galean;M;MEDICO;PED;CIMFA 15 de Abril C/ Sucre Consulta externa Martes 7:00 a 10:00;TARIJA;73483355;;C;SEM 1 MAR AM;Do1790;21;False;TAR GABRIELA COPA KARDEX SEP 2026.xlsx
ROCIO MIRANDA;Fabiana J. Narvaez Nina;;MEDICO;MGE;C. S. Palmarcito C/ Jose F. Diaz de Lunes a vuernes 13:00 a 19:00;TARIJA;74546067;;C;SEM 2 MAR PM;;130;False;TAR GABRIELA COPA KARDEX SEP 2026.xlsx
ROCIO MIRANDA;Fayma Soruco Kolumbetova;;MEDICO;GOB;C/ Colón/ Domingo Paz/ Corrado Edificio Majluf ha llamado 18:00 hrs;TARIJA;75139674;;C;SEM 2 MIE PM;;152;False;TAR GABRIELA COPA KARDEX SEP 2026.xlsx
ROCIO MIRANDA;Fernando Justiniano Ortiz;M;MEDICO;PED;Hospital Obrero Nº 7 Av. Potosi Sala de pediatria Viernes TT;TARIJA;70212867;;B;SEM 1 VIE PM;Do1500;95;False;TAR GABRIELA COPA KARDEX SEP 2026.xlsx
ROCIO MIRANDA;Fernando Navarro L.;M;MEDICO;DER;Clinica Cardiovascular C/ Bolivar/ Oconnor/ Junin) de lunes a viernes TM;TARIJA;70216050;;C;SEM 1 VIE AM;Do2589;85;False;TAR GABRIELA COPA KARDEX SEP 2026.xlsx
ROCIO MIRANDA;Fravela F. Molina M.;;MEDICO;MGE;C. S. San Luis Miercoles TM;TARIJA;67212211;;C;SEM 4 MIE AM;;330;False;TAR GABRIELA COPA KARDEX SEP 2026.xlsx
ROCIO MIRANDA;Geraldine Thofehrn Barrenechea;;MEDICO;EME;Hospital Obrero Nº 7 Av. Potosi Sala de Emergencias  Jueves TM;TARIJA;78234059;;C;SEM 3 LUN PM;;204;False;TAR GABRIELA COPA KARDEX SEP 2026.xlsx
ROCIO MIRANDA;Gilbert Juan Beltran Tellez;;MEDICO;MGE;CIMFA 15 de Abril C/ Sucre de Lunes a Viernes TT;TARIJA;77874737;;C;SEM 1 JUE PM;Do2112;72;False;TAR GABRIELA COPA KARDEX SEP 2026.xlsx
ROCIO MIRANDA;Giovana Cordoba F.;;MEDICO;END;HRSJDD Consultorio Nº 4 de Lunes a Viernes TT;TARIJA;74548423;;C;SEM 1 MAR PM;Do4299;32;True;TAR GABRIELA COPA KARDEX SEP 2026.xlsx
ROCIO MIRANDA;Gloria Bass Werner;F;MEDICO;MGE;Seguro Universitario (Campus El Tejar de 8:00 a 11:00);TARIJA;76182916;;C;SEM 3 JUE AM;;254;False;TAR GABRIELA COPA KARDEX SEP 2026.xlsx
ROCIO MIRANDA;Guery E. Vargas Rodriguez;;MEDICO;MFA;CIMFA 15 de Abril C/ Sucre (De lunes a viernes TM);TARIJA;68872167;;C;SEM 3 MAR AM;;213;False;TAR GABRIELA COPA KARDEX SEP 2026.xlsx
ROCIO MIRANDA;Guido Hernan Cumaly Quispe;M;MEDICO;GOB;C/ Jose F. Diaz A lado del C. S. Palmarcito consultorio privado atiende ha llamado;TARIJA;75121188;;B;SEM 4 MAR PM;;320;False;TAR GABRIELA COPA KARDEX SEP 2026.xlsx
ROCIO MIRANDA;Henrry Vidaurre Romero;;MEDICO;OFT;C/ Virginio Lema/ Gral. Trigo/ Sucre (Consultorio Santa Fe) TM y TT;TARIJA;73890771;;C;SEM 1 JUE PM;Do1185;73;False;TAR GABRIELA COPA KARDEX SEP 2026.xlsx
ROCIO MIRANDA;Hilda Tejerina Cardozo;F;MEDICO;ONC;VITALIA C/ Junin casi Esq. Av. Potosi atiende ha llamado;TARIJA;73489399;;C;SEM 1 MAR PM;Do556;39;False;TAR GABRIELA COPA KARDEX SEP 2026.xlsx
ROCIO MIRANDA;Ivar H. Donoso Molina;;MEDICO;CAR;Clinica Cardiovascular C/ Bolivar/ Oconnor/ Junin Viernes TM;;76180872;;B;SEM 4 VIE AM;;363;False;TAR GABRIELA COPA KARDEX SEP 2026.xlsx
ROCIO MIRANDA;Jaime Arduz L.;M;MEDICO;NEF;HRSJDD Consulta externa (no tiene consultorio fijo) Lunes o Viernes TM;TARIJA;60322703;;A;SEM 2 LUN AM;;105;False;TAR GABRIELA COPA KARDEX SEP 2026.xlsx
ROCIO MIRANDA;Jaime Bueno Bravo;M;MEDICO;MGE;C. S. San Luis Consulta externa lunes a viernes TM;TARIJA;73054958;;C;SEM 2 MIE AM;;138;False;TAR GABRIELA COPA KARDEX SEP 2026.xlsx
ROCIO MIRANDA;Jaime Marquez Cavero;M;MEDICO;MIN;Medi-Sur C/ Sucre/ Madrid/ Ingavi ha llamado;TARIJA;71861597;;B;SEM 1 MIE PM;Do3198;58;True;TAR GABRIELA COPA KARDEX SEP 2026.xlsx
ROCIO MIRANDA;Javier Montero Bladés;M;MEDICO;CAR;C/ Junin Nº 841/ Junin/ Bolivar EUROPIE(Martes, juves y viernes TM);TARIJA;78233031;;B;SEM 1 VIE AM;Do764;88;False;TAR GABRIELA COPA KARDEX SEP 2026.xlsx
ROCIO MIRANDA;Jheny Diaz de Oropeza M.;;MEDICO;MFA;CIMFA 15 de Abril C/Sucre Lunes a viernes TM;TARIJA;77479726;;B;SEM 1 MAR AM;Do4608;22;True;TAR GABRIELA COPA KARDEX SEP 2026.xlsx
ROCIO MIRANDA;Jhossely Adel Gonzales A.;;MEDICO;CAR;Hospital Obrero Nº 7 Av. Potosi  Consulta externa de lunes a viernes 14:00 a 17:00;TARIJA;63077881;;A;SEM 1 LUN PM;Do1467;14;False;TAR GABRIELA COPA KARDEX SEP 2026.xlsx
ROCIO MIRANDA;Jorge Tarifa Altamirano;M;MEDICO;PROC;HRSJDD Consultorio Nº 36 de lunea a viernes 10:00;TARIJA;75801542;;C;SEM 1 LUN AM;Do2301;7;True;TAR GABRIELA COPA KARDEX SEP 2026.xlsx
ROCIO MIRANDA;Jose Alberto Rivera Gallardo;M;MEDICO;NEO;HRSJDD Sala de neonatologia lunes a viernes 11:00;TARIJA;78705663;;C;SEM 1 LUN AM;Do3852;6;True;TAR GABRIELA COPA KARDEX SEP 2026.xlsx
ROCIO MIRANDA;Jose Luis Arriaga Tolaba;M;MEDICO;TRA;VITALIA C/ Junin casi Av. Potosi ha llamado;TARIJA;74544752;;C;SEM 1 MAR PM;Do2436*;36;True;TAR GABRIELA COPA KARDEX SEP 2026.xlsx
ROCIO MIRANDA;Jose Luis Raya;M;MEDICO;CIR;Hospital Obrero Nº 7 Av. Potosi Lunes-Viernes 13:00 a 16:00 Consulta externa;;71360977;;C;SEM 4 VIE PM;;369;False;TAR GABRIELA COPA KARDEX SEP 2026.xlsx
ROCIO MIRANDA;Juan Carlos Guerra Magnus;M;MEDICO;END;HRSJDD Consultorio Nº 13 lunes -viernes 10:00 a 13:00;TARIJA;72991326;;B;SEM 4 LUN AM;;287;False;TAR GABRIELA COPA KARDEX SEP 2026.xlsx
ROCIO MIRANDA;Juan Carlos Martinez;M;MEDICO;ONC;Hospital Obrero Nº 7 Av. Potosi Consulta externa Lunes-viernes 13:00 a 19:00;TARIJA;70832110;;B;SEM 4 LUN PM;;297;False;TAR GABRIELA COPA KARDEX SEP 2026.xlsx
ROCIO MIRANDA;Juan Jose Del Carpio;M;MEDICO;GOB;Medi-Sur C/ Sucre/ Madrid/ Ingavi -lunes a viernes 17:00;TARIJA;70215343;;C;SEM 3 MIE PM;;246;False;TAR GABRIELA COPA KARDEX SEP 2026.xlsx
ROCIO MIRANDA;Juan Seborga Miranda;M;MEDICO;MFA;CIMFA 15 de Abril C/ Sucre de lunes a viernes 13:00 a 19:00;TARIJA;70213018;;B;SEM 4 MIE PM;;334;False;TAR GABRIELA COPA KARDEX SEP 2026.xlsx
ROCIO MIRANDA;Julio Copa Guevara;M;MEDICO;MGE;CIMFA 15 de Abril C/ Sucre de lunes a viernes 7:00 a 13:00;TARIJA;71860449;;C;SEM 1 MAR AM;Do2436;27;False;TAR GABRIELA COPA KARDEX SEP 2026.xlsx
ROCIO MIRANDA;Karina Aban Mendoza;F;MEDICO;NEC;Hospital Obrero Nº 7 Av. Potosi Lunes-Viernes 13:00 a 16:00 Consulta externa;;63787541;;B;SEM 4 VIE PM;;374;False;TAR GABRIELA COPA KARDEX SEP 2026.xlsx
ROCIO MIRANDA;Kevin Castrillo Cavero;M;MEDICO;EME;Clinica YAPUR Emergencias Miercoles TM;TARIJA;63911512;;C;SEM 1 MIE AM;Do4714;46;True;TAR GABRIELA COPA KARDEX SEP 2026.xlsx
ROCIO MIRANDA;Lhyz Cardenas Gonzales;;MEDICO;NEU PED;HRSJDD Consultorio Nª 11 Lunes, Martes, Miercoles y viernes 10:30 a 11:30;TARIJA;64320149;;C;SEM 1 LUN AM;Do207;4;False;TAR GABRIELA COPA KARDEX SEP 2026.xlsx
ROCIO MIRANDA;Lidia Chavarria López;;MEDICO;MGE;C. S. Palmarcito C/ Jose F. Diaz emergencias Martes TM y TT;TARIJA;72993509;;C;SEM 2 MAR PM;;127;False;TAR GABRIELA COPA KARDEX SEP 2026.xlsx
ROCIO MIRANDA;Lily Yucra Solano;;MEDICO;MIN;Hospital Obrero Nº 7 Consulta externa Lunes 13:00 a 19:00;TARIJA;73453056;;C;SEM 1 VIE PM;Do1206*;91;True;TAR GABRIELA COPA KARDEX SEP 2026.xlsx
ROCIO MIRANDA;Limbert Torrico Garcia;;MEDICO;GAS;HRSJDD Consultorio Nº 19 Miercoles TM;;63883063;;C;SEM 1 MIE AM;;378;False;TAR GABRIELA COPA KARDEX SEP 2026.xlsx
ROCIO MIRANDA;Lisseth Rodriguez Alfaro;;MEDICO;GOB;Clinica Las Panosas C/Ejercito/ Avaroa/ Alejandro del Carpio;TARIJA ha llamado;75114653;;B;SEM 1 LUN PM;Do1467*;16;True;TAR GABRIELA COPA KARDEX SEP 2026.xlsx
ROCIO MIRANDA;Lizeth Soliz G.;F;MEDICO;HEM;Clinica Las Panosas C/ Ejercito/ Avaroa/ Alejandro del Carpio;TARIJA;75129304;;A;SEM 1 LUN PM;Do345;18;False;TAR GABRIELA COPA KARDEX SEP 2026.xlsx
ROCIO MIRANDA;Luis E. Serrudo Quintanilla;M;MEDICO;CAR;Nuestra Señora de Lucia C/ Gral. Trigo 10:00 a 12:00 - 16:00 a 18:00;TARIJA;71193830;;A;SEM 1 VIE AM;Do2346;84;False;TAR GABRIELA COPA KARDEX SEP 2026.xlsx
ROCIO MIRANDA;Luis Michel López;M;MEDICO;DER;CIMFA 15 de Abril C/ Sucre de lunes a viernes de 13:00 a 16:00;TARIJA;71861805;;B;SEM 1 JUE PM;Do3620;70;True;TAR GABRIELA COPA KARDEX SEP 2026.xlsx
ROCIO MIRANDA;Luis Roberto Flores;M;MEDICO;CIR;HRSJDD Consultorio Nº 14 Lunes TM;TARIJA;72963904;;C;SEM 2 LUN AM;;99;False;TAR GABRIELA COPA KARDEX SEP 2026.xlsx
ROCIO MIRANDA;M. Cristina Diaz;;MEDICO;ANE;Hospital Obrero Nº 7 Av. Potosi Viernes 14:00 a 17:00;TARIJA;64348174;;C;SEM 1 VIE PM;Do1364;92;False;TAR GABRIELA COPA KARDEX SEP 2026.xlsx
ROCIO MIRANDA;Maguin Soliz Mamani;;MEDICO;MGE;C. S. San Luis de lunes a vierne TM;TARIJA;61668798;;B;SEM 2 MIE AM;;137;False;TAR GABRIELA COPA KARDEX SEP 2026.xlsx
ROCIO MIRANDA;Marbel Romero Marquez;;MEDICO;GOB;C. S. Palmarcito C/ Jose F. Diaz de lunes a viernes TM;TARIJA;77878627;;C;SEM 4 MAR AM;;311;False;TAR GABRIELA COPA KARDEX SEP 2026.xlsx
ROCIO MIRANDA;Marcelo Ugrate;M;MEDICO;ORL;Clinica YAPUR 4º piso de lunes a viernes TT;TARIJA;75110019;;B;SEM 1 MIE AM;Do1693;42;False;TAR GABRIELA COPA KARDEX SEP 2026.xlsx
ROCIO MIRANDA;Mariela Serrano;F;MEDICO;NEM;CIMFA 15 de Abril C/ Sucre Jueves 16:00;;64704983;;C;SEM 4 JUE PM;;350;False;TAR GABRIELA COPA KARDEX SEP 2026.xlsx
ROCIO MIRANDA;Marisel Valdez Caliiva;;MEDICO;PED;VITALIA C/ Junin casi Av. Potosi ha llamado;TARIJA;72902132;;C;SEM 1 MAR PM;Do1759;38;False;TAR GABRIELA COPA KARDEX SEP 2026.xlsx
ROCIO MIRANDA;Mauricio Gamarra Echazú;M;MEDICO;NEM.;Ingavi/ Suipacha/ Mendez INSPIRA de lunes a viernes 17:00;TARIJA;75140403;;A;SEM 1 MIE PM;Do1327;56;False;TAR GABRIELA COPA KARDEX SEP 2026.xlsx
ROCIO MIRANDA;Miguel Justiniano;M;MEDICO;PED;C/ Junin al frente  U.E. Tercera Ordenden (Lu-Mi-Ju-Vi 16:00 a 18:00);TARIJA;71862085;;C;SEM 3 MIE PM;;248;False;TAR GABRIELA COPA KARDEX SEP 2026.xlsx
ROCIO MIRANDA;Nataniel José Torrez S.;;MEDICO;MGE;C. S. Palmarcito C/ Jose F. Diaz;TARIJA;72957792;;C;SEM 2 MAR PM;;128;False;TAR GABRIELA COPA KARDEX SEP 2026.xlsx
ROCIO MIRANDA;Nedda Rocio Zurita Montaño;;MEDICO;PED;Seguro Universitario C/ O´connor/ Ingavi 8:50 am en el biometrico;TARIJA;72990304;;C;SEM 3 JUE AM;;250;False;TAR GABRIELA COPA KARDEX SEP 2026.xlsx
ROCIO MIRANDA;Nelly R. Condori Llave;F;MEDICO;PED;CIMFA 15 de Abril C/ Sucre Martes y Jueves de 13:00 a 16:00;TARIJA;72991927;;C;SEM 3 JUE PM;;266;False;TAR GABRIELA COPA KARDEX SEP 2026.xlsx
ROCIO MIRANDA;Nelson Zamora Rodriguez;M;MEDICO;NEF;HRSJDD Consultorio Nº 15 martes 14:00 a 15:30;TARIJA;71279336;;C;SEM 1 MAR PM;Do1038;37;False;TAR GABRIELA COPA KARDEX SEP 2026.xlsx
ROCIO MIRANDA;Neydi Olguin;;MEDICO;MGE;San Jorge I Av. Panamericana Nº 4044 a media cuadra de la rotonda de ingreso a la Coca Cola - Trabaja ha llamado;TARIJA;69324434;;C;SEM 1 VIE PM;Do1344;96;False;TAR GABRIELA COPA KARDEX SEP 2026.xlsx
ROCIO MIRANDA;Nils Casson Rodriguez;;MEDICO;PED;HRSJDD Sala de Pediatria Martes TM;TARIJA;76187393;;B;SEM 1 MIE AM;Do1676;48;False;TAR GABRIELA COPA KARDEX SEP 2026.xlsx
ROCIO MIRANDA;Nora Peralta Vasquez;;MEDICO;MGE;CIMFA 15 de Abril C/ Sucre de lunes a viernes de 13:00 a 16:00;TARIJA;72224771;;C;SEM 1 JUE PM;Do3924;77;False;TAR GABRIELA COPA KARDEX SEP 2026.xlsx
ROCIO MIRANDA;Olga Mora Vargas;F;MEDICO;GOB;HRSJDD Consultorio Nº 2 Miercoles TM;TARIJA;71875942;;C;SEM 2 MIE AM;;136;False;TAR GABRIELA COPA KARDEX SEP 2026.xlsx
ROCIO MIRANDA;Omar Almazán Leyton;M;MEDICO;PED;Hospital Obrero Nº 7 Av. Potosi Consulta externa martes de 13:00 a 19:00;TARIJA;72906699;;C;SEM 2 MAR AM;;118;False;TAR GABRIELA COPA KARDEX SEP 2026.xlsx
ROCIO MIRANDA;Paola A. Rollano Portales;F;MEDICO;GAS;HRSJDD Consultorio Nº 19 Lunes TM;TARIJA;67383950;;A;SEM 2 LUN AM;;104;False;TAR GABRIELA COPA KARDEX SEP 2026.xlsx
ROCIO MIRANDA;Patricia Diaz Ribera;F;MEDICO;MGE;C. S. San Luis de lunes a vierne TM;TARIJA;77877929;;C;SEM 4 MIE AM;;329;False;TAR GABRIELA COPA KARDEX SEP 2026.xlsx
ROCIO MIRANDA;Ricardo Soruco G.;M;MEDICO;CAR;Clinica Nuestra Señora de Lucia C/ Gral. Trigo TT ha llamado;TARIJA;70210555;;A;SEM 3 MIE AM;;233;False;TAR GABRIELA COPA KARDEX SEP 2026.xlsx
ROCIO MIRANDA;Rita  Isabel Cervantes Zambrana;;MEDICO;MIN;Seguro Universitario C/ O´connor/ Ingavi 8:50 am en el biometrico;TARIJA;70212706;;C;SEM 1 JUE AM;Do203;62;False;TAR GABRIELA COPA KARDEX SEP 2026.xlsx
ROCIO MIRANDA;Rita Narvaez Ortiz;;MEDICO;GOB;C. S. Palmarcito C/ Jose F. Diaz de lunes a vuernes 14:00 a 17:00;TARIJA;77964032;;C;SEM 4 MAR PM;;315;False;TAR GABRIELA COPA KARDEX SEP 2026.xlsx
ROCIO MIRANDA;Roberto Baldiviezo Calles;M;MEDICO;GOB;San Gabriel C/ Mendez/ 15 de Abril/ Virginio Lema jueves-viernes 17:00 hrs.;;71864153;;C;SEM 4 VIE AM;;359;False;TAR GABRIELA COPA KARDEX SEP 2026.xlsx
ROCIO MIRANDA;Roberto Barriga Arroyo;M;MEDICO;NEF;Hospital Obrero Nº 7 Av. Potosi de lunes a viernes de 6:00 a 12:00 sala de Hemodialisis;TARIJA;77878741;;C;SEM 4 JUE AM;;347;False;TAR GABRIELA COPA KARDEX SEP 2026.xlsx
ROCIO MIRANDA;Roberto Martin Calabi Vasquez;M;MEDICO;MGE;CIMFA 15 de Abril C/ Sucre de lunes a viernes de 16:00 a 19:00;TARIJA;71863380;;C;SEM 3 MIE PM;;241;False;TAR GABRIELA COPA KARDEX SEP 2026.xlsx
ROCIO MIRANDA;Rocio Jimenez;F;MEDICO;GAS;Clinica Cardiovascular C/ Bolivar/ Oconnor/ Junin TT ha llamado;TARIJA;72979509;;A;SEM 4 MIE PM;;338;False;TAR GABRIELA COPA KARDEX SEP 2026.xlsx
ROCIO MIRANDA;Ronald Garzón Torrejón;M;MEDICO;NEF;HRSJDD Consultorio Nº 22 Lu-Mi-Vi 14:00 a 17:00;TARIJA;73455213;;A;SEM 3 MIE AM;;234;False;TAR GABRIELA COPA KARDEX SEP 2026.xlsx
ROCIO MIRANDA;Ross M. Martinez M.;;MEDICO;DIAB;C. M. San Gabriel C/ Mendez/ 15 de Abril/ Virginio Lema ha llamado;TARIJA;74234968;;A;SEM 3 MIE AM;;229;False;TAR GABRIELA COPA KARDEX SEP 2026.xlsx
ROCIO MIRANDA;Roxana Claudia Iquize;;MEDICO;INF.;Clinica Las Panosas C/ Ejercito/ Alejandro del Carpio/ Avaroa ha llamado;TARIJA;60438887;;C;SEM 1 MIE PM;Do838;55;False;TAR GABRIELA COPA KARDEX SEP 2026.xlsx
ROCIO MIRANDA;Saul Mancilla;M;MEDICO;MGE;CIMFA 15 de Abril C/ Sucre de lunes a viernes 16:00 a 19:00;TARIJA;71873378;;C;SEM 1 MIE PM;Do10;53;True;TAR GABRIELA COPA KARDEX SEP 2026.xlsx
ROCIO MIRANDA;Sheyla E. Gutierrez Miranda;;MEDICO;GOB;Clinica Las Panosas C/ Ejercito/ Alejandro del Carpio/ Avaroa - martes 17:00;TARIJA;75111837;;B;SEM 1 LUN AM;Do968;8;False;TAR GABRIELA COPA KARDEX SEP 2026.xlsx
ROCIO MIRANDA;Shirley Alfaro L.;;MEDICO;MGE;C. S. Palmarcito C/ Jose F. Diaz lunes a viernes TM;TARIJA;70213226;;C;SEM 2 MAR AM;;124;False;TAR GABRIELA COPA KARDEX SEP 2026.xlsx
ROCIO MIRANDA;Silvia Cruz Gutierrez;F;MEDICO;MFA;CIMFA 15 de Abril C/ Sucre de Lunes a Viernes 7:00 a 10:00;TARIJA;68660200;;C;SEM 1 MAR AM;Do180*;25;True;TAR GABRIELA COPA KARDEX SEP 2026.xlsx
ROCIO MIRANDA;Silvia E. Serrudo Campos;F;MEDICO;PED;Av. 4 de Octubre/ Flor de oro/ Av. H. Arce  (Salamanca) Lunes 11:00 a 13:00;TARIJA;68696292;;A;SEM 4 LUN AM;;295;False;TAR GABRIELA COPA KARDEX SEP 2026.xlsx
ROCIO MIRANDA;Silvia L. Farfan Rueda;F;MEDICO;GOB;VICEMS B/ San Jeronimo a 2 cuadras de la Plaza ha llamado;TARIJA;72947337;;C;SEM 2 MIE AM;;142;False;TAR GABRIELA COPA KARDEX SEP 2026.xlsx
ROCIO MIRANDA;Silvia Paz Nuñez;F;MEDICO;MGE;CIMFA 15 de Abril C/Sucre Primer piso cerca de los consultorios de odontologìa Lunes a Viernes 7:00 a 13:00;TARIJA;75135864;;C;SEM 3 MAR AM;;215;False;TAR GABRIELA COPA KARDEX SEP 2026.xlsx
ROCIO MIRANDA;Silvia Serrano Garcia;F;MEDICO;NEF;Hospital Obrero Nº 7 Av. Potosi Sala de hemodialisis Lunes - Viernes 13:00 a 16:00;TARIJA;67819984;;C;SEM 4 LUN PM;;296;False;TAR GABRIELA COPA KARDEX SEP 2026.xlsx
ROCIO MIRANDA;Simar Condori Vedia;;MEDICO;EME;Clinica Cardiovascular C/ Bolivar/ Oconnor/Junin Emergencias Viernes TM;TARIJA;63785871;;B;SEM 2 VIE AM;;177;False;TAR GABRIELA COPA KARDEX SEP 2026.xlsx
ROCIO MIRANDA;Soledad Diaz Moreira;;MEDICO;PED;C. S. Palmarcito C/ Jose F. Diaz Martes TT;TARIJA;71142606;;C;SEM 2 MAR AM;;123;False;TAR GABRIELA COPA KARDEX SEP 2026.xlsx
ROCIO MIRANDA;Sonia Llanes Rodriguez;F;MEDICO;MGE;SANITTES C/Ingavi/ Pasaje Las Rosas/ Federico Avila intercala una semana TM y la siguiente TT;TARIJA;67634490;;C;SEM 1 JUE AM;Do2556*;67;True;TAR GABRIELA COPA KARDEX SEP 2026.xlsx
ROCIO MIRANDA;Valeria Padilla Fernandez;F;MEDICO;EME;Clinica Cardiovascular C/ Bolivar/ Oconnor/ Junin Lunes 19:00 hrs;TARIJA;72963163;;C;SEM 2 MIE PM;;150;False;TAR GABRIELA COPA KARDEX SEP 2026.xlsx
ROCIO MIRANDA;Vanessa Arroyo Flores;;MEDICO;GOB;Hospital Obrero Nº 7 Consulta externa Jueves 7:00 a 9:30;TARIJA;72996735;;C;SEM 2 JUE AM;;160;False;TAR GABRIELA COPA KARDEX SEP 2026.xlsx
ROCIO MIRANDA;Victor H. Vilcaez F.;M;MEDICO;MIN;C/ San Alberto/ Acheral / Capirendita B/ Pedro Antonio Flores ha llamado;TARIJA;71197024;;A;SEM 1 MAR AM;Do2646;29;True;TAR GABRIELA COPA KARDEX SEP 2026.xlsx
ROCIO MIRANDA;Vladimir Mirko Verduguez Martinez;M;MEDICO;URO;HRSJDD Consultorio Nº34 Viernes TM;TARIJA;72971715;;C;SEM 1 MAR PM;Do679;31;False;TAR GABRIELA COPA KARDEX SEP 2026.xlsx
ROCIO MIRANDA;Vladimir Rubin De Celis T.;M;MEDICO;EME;Hospital Obrero Nº 7(Av. Potosi) Emergencias (Jueves TM);TARIJA;71250494;;C;SEM 2 JUE AM;;159;False;TAR GABRIELA COPA KARDEX SEP 2026.xlsx
ROCIO MIRANDA;Walter Maldonado L.;M;MEDICO;CAR;CIMFA 15 de Abril C/ Sucre (De lunes a viernes TM);TARIJA;71860211;;B;SEM 1 MAR AM;Do2436*;28;True;TAR GABRIELA COPA KARDEX SEP 2026.xlsx
ROCIO MIRANDA;Weimar Olguin Michel;;MEDICO;MIT;San Jorge I Av. Panamericana Nº 4044 a media cuadra de la rotonda de ingreso a la Coca Cola - Trabaja ha llamado;TARIJA;76804130;;C;SEM 1 VIE PM;Do3407;97;True;TAR GABRIELA COPA KARDEX SEP 2026.xlsx
ROCIO MIRANDA;Wendy Choque Zuleta;F;MEDICO;PED;Hospital Obrero Nº 7 Av. Potosi (Consulta externa Jueves de 7:00 a 13:00);TARIJA;72435600;;C;SEM 2 JUE AM;;156;False;TAR GABRIELA COPA KARDEX SEP 2026.xlsx
ROCIO MIRANDA;Wilber Morales M.;;MEDICO;CIR;Clinica Las Panosas a llamado;TARIJA;67675085;;C;SEM 4 LUN PM;;302;False;TAR GABRIELA COPA KARDEX SEP 2026.xlsx
ROCIO MIRANDA;Ximena Vladislavic Aguirre;F;MEDICO;GOB;CIMFA 15 de Abril C/ Sucre (De lunes a viernes TM);TARIJA;64700885;;C;SEM 1 MAR AM;Do380;23;False;TAR GABRIELA COPA KARDEX SEP 2026.xlsx
ROCIO MIRANDA;Zaida E. Isnado A.;F;MEDICO;EME;C. S. Palmarcito C/ Jose F. Diaz (De Lunes a viernes 13:00 a 19:00);TARIJA;72940482;;C;SEM 2 MAR AM;;125;False;TAR GABRIELA COPA KARDEX SEP 2026.xlsx
